filename,Ford,Honda,Kia,Lexus,Mazda,Mercedes-Benz,Mitsubishi,Nissan,Subaru,Suzuki,Toyota_Land_C,UNKNOWN,black,blue,brown,car,crown,front_side,gray,green,grey,hyunday,rear_side,red,toyota,toyota_aqua,toyota_prius,truck,white,yellow
car_0b7a03cc_jpg.rf.dda1d4c07aaced69feaba7ad61d7819b.jpg,0,0,0,0,0,0,0,0,0,0,0,0,0,0,0,1,0,1,0,0,0,0,0,1,0,0,1,0,0,0
car_6442aa63_jpg.rf.d63a2ba9a7546d6ad64d0c3f4b42892c.jpg,0,0,0,0,0,0,0,0,0,0,0,0,1,0,0,1,0,1,0,0,0,0,0,0,0,0,1,0,0,0
car_0715e18a_jpg.rf.759fbabba45f66600ab163825b1cda67.jpg,0,0,0,0,0,0,0,0,0,0,0,0,1,0,0,1,0,1,0,0,0,0,0,0,1,0,0,0,0,0
car_33f931bf_jpg.rf.f09ef49e4a1ea87bc50bb1419589c517.jpg,0,0,0,0,0,0,0,0,0,0,0,0,0,0,0,1,0,1,0,0,0,0,0,0,0,0,1,0,1,0
car_3204b907_jpg.rf.e79eebfd356caf2a85e206a0ab9ed64e.jpg,0,0,0,0,0,0,0,0,0,0,1,0,1,0,0,1,0,1,0,0,0,0,0,0,0,0,0,0,0,0
car_18cb9e17_jpg.rf.ae4bb68d11a34ca5e754dc5be9b7c949.jpg,0,0,0,0,0,0,0,0,0,0,0,0,0,0,0,1,0,1,0,0,0,0,0,0,0,0,1,0,1,0
car_06d283c9_jpg.rf.86695b912fcb32779bb1ca94e45bcf4b.jpg,0,0,0,0,0,0,0,1,0,0,0,0,0,0,0,1,0,1,0,0,0,0,0,0,0,0,0,0,1,0
car_cda34b7b_jpg.rf.98a5f1312dca1c2f1100ade0a6f35d50.jpg,0,0,0,1,0,0,0,0,0,0,0,0,0,0,0,1,0,1,0,0,1,0,0,0,0,0,0,0,0,0
car_6fec203d_jpg.rf.d79dd3668b3dab24ab2f93d1e7d59f13.jpg,0,0,0,0,0,0,0,1,0,0,0,0,0,0,0,1,0,1,0,0,1,0,0,0,0,0,0,0,0,0
car_cfd3c76c_jpg.rf.c6ee43fe89cf29f0b7b9d31961a5076f.jpg,0,0,0,0,0,0,0,1,0,0,0,0,0,0,0,1,0,1,0,0,0,0,0,0,0,0,0,0,1,0
car_15ec122b_jpg.rf.e927fdaa7a3d9cad65137a1fb29f91a8.jpg,0,0,0,0,0,0,0,0,0,0,0,0,0,0,0,1,0,1,0,0,0,0,0,0,0,1,0,0,1,0
car_d2a20d56_jpg.rf.4fadaa510bed435909e23682161f2b33.jpg,0,0,0,0,0,0,0,0,0,0,0,0,0,0,0,1,0,1,0,0,0,0,0,0,1,0,0,0,1,0
car_7154e817_jpg.rf.ba42830978cffa1443a8329d198b4130.jpg,0,0,0,0,0,0,0,0,0,0,0,0,0,0,0,1,0,1,0,0,1,0,0,0,0,0,1,0,0,0
car_51752249_jpg.rf.149ff8bd4b61ee934488210fe8b0e41a.jpg,0,0,0,0,0,0,0,0,0,0,0,0,1,0,0,1,0,1,0,0,0,0,0,0,0,0,1,0,0,0
car_6fb6cde8_jpg.rf.fbe8327250d41f2b5b7c2aa40d7ce027.jpg,0,0,0,0,0,0,0,0,0,0,1,0,0,0,0,1,0,1,0,0,0,0,0,0,0,0,0,0,1,0
car_dafb8aa3_jpg.rf.6fe417ff572b08b1a51d1cbb8cd6bf44.jpg,0,0,0,0,0,0,0,0,0,0,0,0,1,0,0,1,0,1,0,0,0,1,0,0,0,0,0,0,0,0
car_52c0fbad_jpg.rf.05f9201bde99d8545063d41e472cbf25.jpg,0,0,0,0,0,0,0,1,0,0,0,0,1,0,0,1,0,1,0,0,0,0,0,0,0,0,0,0,0,0
car_cf3999ec_jpg.rf.9231e6ebf8f4126a31951adc2fd4d190.jpg,0,0,0,0,0,0,0,0,0,0,0,0,0,0,0,1,1,1,0,0,0,0,0,0,0,0,0,0,1,0
car_ee82faa7_jpg.rf.b9cb63990a66d784ba6020adfd1d9f4e.jpg,0,0,0,0,0,0,0,0,0,0,0,0,0,0,0,1,0,1,0,0,1,0,0,0,1,0,0,0,0,0
car_da997070_jpg.rf.1749e558acd90099ddceb4ceb4adc3f4.jpg,0,0,0,0,0,0,0,0,0,0,0,0,1,0,0,1,1,1,0,0,0,0,0,0,0,0,0,0,0,0
car_e2ba99e4_jpg.rf.1b0be13d16294c133ca33639f710df37.jpg,0,0,0,0,0,0,0,0,0,0,0,0,0,0,0,1,0,1,0,0,0,0,0,1,0,0,1,0,0,0
car_1c337a8b_jpg.rf.aeaceffbed1eb75d385b3ead626ccdd2.jpg,0,0,0,0,0,0,0,0,0,0,0,0,0,0,0,1,0,1,0,0,0,0,0,0,0,0,1,0,1,0
car_da684872_jpg.rf.7ec8adbe71a02dc264fca23afb561359.jpg,0,0,0,0,0,0,0,0,0,0,0,1,0,0,0,1,0,1,0,0,0,0,0,0,0,0,0,0,1,0
car_1b19c5dc_jpg.rf.7a55280d4861c50e99f9ef42a26406c7.jpg,0,0,0,0,0,0,0,0,0,0,0,0,1,0,0,1,0,1,0,0,0,0,0,0,1,0,0,0,0,0
car_18923855_jpg.rf.f358e217c0acb9a36335b94dd6c36cc1.jpg,0,0,0,0,0,0,0,0,0,0,0,0,0,0,0,1,0,1,0,0,0,0,0,0,1,0,0,0,1,0
car_db4d1345_jpg.rf.d2a2ff534b6fc96fe811cb4d4baafe31.jpg,0,0,0,0,0,0,0,0,0,0,0,0,0,0,0,1,0,1,0,0,1,0,0,0,1,0,0,0,0,0
car_26492075_jpg.rf.47d46dae95a6c83e5439c2b4844bdea9.jpg,0,0,0,0,0,0,0,0,0,0,0,0,0,0,0,1,0,1,0,0,0,0,0,0,0,0,1,0,1,0
car_1c599c26_jpg.rf.ef87cff777b6687861892fd736d30441.jpg,0,0,0,0,0,0,0,0,0,0,0,0,0,0,0,1,0,1,0,0,1,0,0,0,1,0,0,0,0,0
car_ee747b81_jpg.rf.11c99f5ecf5eca5a1424d774fce3e10c.jpg,0,0,0,0,0,0,0,0,0,0,0,0,0,0,0,1,0,1,0,0,0,0,0,0,0,0,1,0,1,0
car_571bb4f4_jpg.rf.48ff654ad7948a90912573d4ac242b16.jpg,0,0,0,0,0,0,0,0,0,0,0,0,1,0,0,1,0,1,0,0,0,1,0,0,0,0,0,0,0,0
car_1a7e6908_jpg.rf.d5ecec90983a6b9951a238b15984e956.jpg,0,0,0,0,0,0,0,0,0,0,0,0,1,0,0,1,0,1,0,0,0,1,0,0,0,0,0,0,0,0
car_e01685d1_jpg.rf.25137bd72e0a0cdd55aad970bd49398f.jpg,0,0,0,0,0,0,0,0,0,0,0,0,0,0,0,1,0,0,0,0,0,0,1,0,0,0,1,0,1,0
car_71561f41_jpg.rf.a03a4f52a829532704e355c7bcbd0881.jpg,0,0,0,0,0,0,0,0,0,0,0,1,0,0,0,1,0,1,0,0,0,0,0,0,0,0,0,0,1,0
car_ecea4c88_jpg.rf.f8d68ca4fbe29e9595e46febb0f71128.jpg,0,0,0,0,0,0,0,0,0,0,0,0,0,0,0,1,0,1,0,0,1,0,0,0,1,0,0,0,0,0
car_4f50b6e3_jpg.rf.8d883b6743df0430373523e031ad7618.jpg,0,0,0,0,0,0,0,0,0,0,0,0,0,0,0,1,0,1,0,0,1,0,0,0,1,0,0,0,0,0
car_45daac10_jpg.rf.4f969f18cdcce5c326957475c1301773.jpg,0,0,0,0,0,0,0,0,0,0,0,0,1,0,0,1,0,1,0,0,0,0,0,0,1,0,0,0,0,0
car_1c4abfd4_jpg.rf.8c00313ae7f5a368de1214c187bdafb8.jpg,0,0,0,0,0,0,0,0,0,0,0,0,0,0,0,1,0,1,0,0,1,0,0,0,1,0,0,0,0,0
car_1d4ea261_jpg.rf.47be1a087293b2e8db1c904800fdfc89.jpg,0,0,0,0,0,0,0,0,0,0,0,0,0,0,0,1,0,1,0,0,0,0,0,0,0,0,1,0,1,0
car_ddab8af7_jpg.rf.b7e691e00f84881bc5fe17d5d578a76f.jpg,0,0,0,0,0,0,0,0,0,0,0,0,0,1,0,1,1,1,0,0,0,0,0,0,0,0,0,0,0,0
car_d32b76c3_jpg.rf.f7f05a189d74af5a4f64e483192a5e64.jpg,0,0,0,0,0,0,0,0,0,0,0,0,1,0,0,1,0,1,0,0,0,0,0,0,1,0,0,0,0,0
car_1b922880_jpg.rf.d64ef8cec47ba3080603795f93ce0820.jpg,0,0,0,0,0,0,0,0,0,0,0,0,0,0,0,1,0,1,0,0,1,0,0,0,0,0,1,0,0,0
car_569a9b23_jpg.rf.7a2be8f28eb8888b6d57646daf7a5319.jpg,0,0,0,0,0,0,0,0,0,0,0,0,1,0,0,1,0,1,0,0,0,1,0,0,0,0,0,0,0,0
car_e64a59f6_jpg.rf.7fdb440cdd5ca89d0c037613762c7860.jpg,0,0,0,1,0,0,0,0,0,0,0,0,0,0,0,1,0,1,0,0,0,0,0,0,0,0,0,0,0,1
car_7056b53c_jpg.rf.7933ce2fd7628da196fd6908447e8a70.jpg,0,0,0,0,0,0,0,0,0,0,0,0,0,0,0,1,0,1,0,0,1,0,0,0,0,0,1,0,0,0
car_26f1ba44_jpg.rf.922557e2896f70c90b5363c09f33e919.jpg,1,0,0,0,0,0,0,0,0,0,0,0,1,0,0,1,0,1,0,0,0,0,0,0,0,0,0,0,0,0
car_774edd79_jpg.rf.728956aa456cc8e61a2ff36e3fa454aa.jpg,0,0,0,0,0,0,0,0,0,0,0,0,0,0,0,1,0,1,0,0,0,0,0,0,1,0,0,0,1,0
car_e4772156_jpg.rf.8cb8c3d24562380ec7d1e3df76e5e451.jpg,0,0,0,0,0,0,0,0,0,0,0,0,1,0,0,1,0,1,0,0,0,1,0,0,0,0,0,0,0,0
car_e2605b29_jpg.rf.e7a1c78caa23d252ac89899c841ecfe6.jpg,0,0,0,0,0,0,0,0,0,0,0,0,0,0,0,1,0,1,0,0,0,0,0,0,0,1,0,0,1,0
car_26a425cb_jpg.rf.c2f568687a0fe594a2d36f71de3cec71.jpg,0,0,0,0,0,0,0,0,0,0,0,0,0,0,0,1,0,1,0,0,1,0,0,0,1,0,0,0,0,0
car_d5b7cec0_jpg.rf.4dbb2efee1e1c128e613b6376a25e846.jpg,0,0,0,0,0,0,0,0,0,0,0,0,0,0,0,1,0,1,0,0,1,0,0,0,0,0,1,0,0,0
car_d4284619_jpg.rf.b2f01be90065a71af81f57c15430951e.jpg,0,0,0,1,0,0,0,0,0,0,0,0,0,0,0,1,0,1,0,0,1,0,0,0,0,0,0,0,0,0
car_6f1eed13_jpg.rf.ad5ce7cb7d2bf1dc469b1618a114de4a.jpg,0,1,0,0,0,0,0,0,0,0,0,0,1,0,0,1,0,1,0,0,0,0,0,0,0,0,0,0,0,0
car_d2ea7d95_jpg.rf.fae45ced808773dc41e7b429df1880a6.jpg,0,0,0,0,0,0,0,0,0,0,1,0,1,0,0,1,0,1,0,0,0,0,0,0,0,0,0,0,0,0
car_25a123d5_jpg.rf.a8502429f8c750b1599dc3f7b4cf9fe8.jpg,0,0,1,0,0,0,0,0,0,0,0,0,1,0,0,1,0,1,0,0,0,0,0,0,0,0,0,0,0,0
car_719eeef8_jpg.rf.88b2155649d1f783a2bb0f3710d7fb06.jpg,0,0,0,0,0,0,0,0,0,0,0,0,1,0,0,1,0,1,0,0,0,1,0,0,0,0,0,0,0,0
car_d5d3517d_jpg.rf.84bdd026087c874711f09370c62de7e8.jpg,0,0,0,0,0,0,0,0,0,0,0,0,0,0,0,1,0,1,0,0,0,0,0,0,0,0,1,0,1,0
car_d450b5b8_jpg.rf.ba5d31a51753cd8c96c38d202a1740d5.jpg,1,0,0,0,0,0,0,0,0,0,0,0,0,1,0,1,0,0,0,0,0,0,0,0,0,0,0,0,0,0
car_e35fdba1_jpg.rf.48395629d89c9299184539631a9bcff4.jpg,0,0,0,0,0,0,0,0,0,0,0,1,1,0,0,1,0,1,0,0,0,0,0,0,0,0,0,0,0,0
car_752a3da2_jpg.rf.738ab43cf41cbadbe46a00f2afc87889.jpg,0,0,0,0,0,0,0,0,0,0,0,0,0,0,0,1,0,1,0,0,0,0,0,0,0,0,1,0,1,0
car_208373b3_jpg.rf.c86dd1c0f7dbc807ad4552e0f6987d81.jpg,0,0,0,0,0,0,0,0,0,0,0,0,0,1,0,1,0,1,0,0,0,0,0,0,0,0,1,0,0,0
car_75a14e7b_jpg.rf.4a0cec8494a3a7fd0e98696329dafb6e.jpg,0,0,0,0,0,0,0,0,0,0,0,0,1,0,0,1,0,1,0,0,0,0,0,0,1,0,0,0,0,0
car_06e53747_jpg.rf.0e0b78c2d5babfb5974d97a5e3b345e2.jpg,0,0,0,0,0,0,0,0,0,0,0,0,0,0,0,1,0,1,0,0,0,0,0,1,0,0,1,0,0,0
car_ce893d7c_jpg.rf.31fb03e00a37c6adc7cca12afbe0ace8.jpg,0,0,1,0,0,0,0,0,0,0,0,0,1,0,0,1,0,1,0,0,0,0,0,0,0,0,0,0,0,0
car_ea5366b0_jpg.rf.4ab9f146172b34a147623beeec6e699c.jpg,0,0,0,0,0,0,0,0,0,0,0,0,1,0,0,1,0,1,0,0,0,0,0,0,1,0,0,0,0,0
car_72139e36_jpg.rf.0ca6c6ddb53d46f17425cd3e7e7ebe8e.jpg,0,0,0,0,0,0,0,0,0,0,0,0,0,0,0,1,0,1,0,0,0,0,0,0,1,0,0,0,1,0
car_e3f51f3e_jpg.rf.490d8eb61e20c418e0d55e295c0a4ed2.jpg,0,0,0,0,0,0,0,0,0,0,0,0,0,0,0,1,0,1,0,0,0,0,0,0,1,0,0,0,1,0
car_de95307e_jpg.rf.087bdd15e7580bf57d106192de77b98d.jpg,0,0,0,0,0,0,0,0,0,0,0,0,0,1,0,1,0,0,0,0,0,0,1,0,0,0,1,0,0,0
car_64a7e9e5_jpg.rf.02aeb4b55b931e9540341253eaf41ec8.jpg,0,0,0,0,0,0,0,0,0,0,0,0,0,0,0,1,0,0,0,0,1,0,1,0,1,0,0,0,0,0
car_56a6007b_jpg.rf.a56955762060ad43db562eeaec47049d.jpg,0,0,0,0,0,0,0,0,0,0,0,0,0,0,0,1,0,1,0,0,0,0,0,0,1,0,0,0,1,0
car_d6999dd8_jpg.rf.a45440ff12d459178910188133bcf2ee.jpg,0,0,0,0,0,0,0,0,0,0,0,0,0,1,0,1,0,1,0,0,0,0,0,0,1,0,0,0,0,0
car_ce2eab2b_jpg.rf.e135cd163862d9101195b4836d5b4e87.jpg,0,0,0,0,0,0,0,0,0,0,0,0,1,0,0,1,0,1,0,0,0,0,0,0,0,1,0,0,0,0
car_794c7532_jpg.rf.71e20d62120b99d96eea27335d61ba08.jpg,0,0,0,0,0,0,0,0,0,0,0,0,0,1,0,1,0,1,0,0,0,0,0,0,0,0,1,0,0,0
car_8ddf516f_jpg.rf.5baa7b1a4b0466e89458b4dc076189db.jpg,0,0,0,0,0,0,0,0,0,0,0,0,1,0,0,1,0,1,0,0,0,0,0,0,0,1,0,0,0,0
car_940ace19_jpg.rf.01e5dc91dece4d7a38d64f12815e85dd.jpg,0,0,0,0,0,0,0,0,0,0,0,0,1,0,0,1,0,1,0,0,0,0,0,0,0,0,1,0,0,0
car_75e242d1_jpg.rf.97bc25388b4027ad5edd9c909870ab33.jpg,0,0,0,0,0,0,0,0,0,0,0,0,0,0,0,1,0,1,0,0,0,0,0,1,1,0,0,0,0,0
car_e8a0946b_jpg.rf.0af5d2557189b126c5f73f28be86bb5e.jpg,0,0,0,1,0,0,0,0,0,0,0,0,0,0,0,1,0,1,0,0,1,0,0,0,0,0,0,0,0,0
car_8fb33089_jpg.rf.1e576a42d867fa9acdde492e6dd56b2e.jpg,0,0,0,0,0,0,0,0,0,0,0,0,0,0,0,1,0,1,0,0,0,0,0,0,0,0,1,0,1,0
car_8e125589_jpg.rf.a7fe4e494c0d9bc386f56e33c359a39b.jpg,0,0,0,0,0,0,0,0,0,0,0,0,0,0,0,1,0,1,0,0,0,0,0,0,0,0,1,0,1,0
car_73cc7f19_jpg.rf.0a19b0db38e1088b23d741ea4215a415.jpg,0,0,0,0,0,0,0,0,0,0,0,0,1,0,0,1,0,1,0,0,0,0,0,0,0,0,1,0,0,0
car_72085a3e_jpg.rf.d62bceb178070d4736f4d699dc430463.jpg,0,0,0,0,0,0,0,0,0,0,0,0,1,0,0,1,0,1,0,0,0,1,0,0,0,0,0,0,0,0
car_771131ef_jpg.rf.812f1d9e9f6ebab746070918abfbaf86.jpg,0,0,0,0,0,0,0,0,0,0,0,0,1,0,0,1,1,1,0,0,0,0,0,0,0,0,0,0,0,0
car_26778327_jpg.rf.c4e09e221e2cf8012fd11b04d9cc78f8.jpg,0,0,0,0,0,0,0,0,0,0,0,0,1,0,0,1,0,1,0,0,0,0,0,0,0,1,0,0,0,0
car_e7091d90_jpg.rf.d63c71a60c6941b1119c5c6ac408f043.jpg,0,0,0,0,0,0,0,0,0,0,0,0,0,0,0,1,0,1,0,0,0,0,0,1,0,0,1,0,0,0
car_79db7cdc_jpg.rf.e41a028e2d16015565bce8f01bfb3d0c.jpg,0,0,0,0,0,0,0,0,0,0,0,0,1,0,0,1,0,1,0,0,0,0,0,0,1,0,0,0,0,0
car_77b70286_jpg.rf.ef71db065b4101a78c7326851441a935.jpg,0,0,0,0,0,0,0,0,0,0,0,0,1,0,0,1,0,1,0,0,0,0,0,0,1,0,0,0,0,0
car_7c735aba_jpg.rf.663dd668ce0fe6bf6f7053e0ecab8817.jpg,0,0,0,0,0,0,0,0,0,0,0,0,0,0,0,1,0,1,0,0,1,0,0,0,0,0,1,0,0,0
car_1c8b83b0_jpg.rf.ee021e9f6f850d410ca1d950330a8333.jpg,0,0,0,0,0,0,0,0,0,0,0,0,1,0,0,1,0,1,0,0,0,1,0,0,0,0,0,0,0,0
car_dc606a99_jpg.rf.dc8ca3759c1b5854f8ed9cceff93efa9.jpg,0,0,0,0,0,0,0,0,0,0,0,0,0,0,0,1,0,1,0,0,0,0,0,0,0,0,1,0,1,0
car_d8226025_jpg.rf.51feeddca4acb2766753a3da218f2906.jpg,0,0,0,0,0,0,0,0,0,0,0,0,0,0,0,1,0,1,0,0,1,0,0,0,1,0,0,0,0,0
car_20302a2e_jpg.rf.87116cf77d5bf9d05ad033f411059d5e.jpg,0,0,0,0,0,0,0,0,0,0,0,0,1,0,0,1,0,1,0,0,0,0,0,0,0,1,0,0,0,0
car_7b83e944_jpg.rf.159b5c1dbb52a280d66643954eb3225b.jpg,0,0,0,1,0,0,0,0,0,0,0,0,0,0,0,1,0,1,0,0,1,0,0,0,0,0,0,0,0,0
car_73befcf3_jpg.rf.a7f61a5514df9b59fa8018f83dc0217b.jpg,0,0,0,0,0,0,0,0,0,0,0,0,0,0,0,1,0,1,0,0,1,0,0,0,1,0,0,0,0,0
car_1999e36d_jpg.rf.fb6ff22bc17966467892d8ac605db7c8.jpg,0,0,0,0,0,0,0,1,0,0,0,0,0,0,0,1,0,1,0,0,1,0,0,0,0,0,0,0,0,0
car_7abc3823_jpg.rf.30e1ffa62347a300ba8a3566198edfc9.jpg,0,0,0,0,0,0,0,0,0,0,0,0,0,0,0,1,0,1,0,0,0,0,0,0,1,0,0,0,1,0
car_7d2b67cc_jpg.rf.63c783063a0c89c90edbec4ce6859e70.jpg,0,0,0,0,0,0,0,0,0,0,0,0,0,0,0,1,0,1,0,0,1,0,0,0,0,0,1,0,0,0
car_8b70c712_jpg.rf.e3ba4f42f668258097ddec9f7da46d1f.jpg,0,0,0,0,0,0,0,0,0,0,0,0,0,0,0,1,0,1,0,0,0,0,0,1,0,0,1,0,0,0
car_20011094_jpg.rf.97e8d57625299d78080e5ff54ab3fd02.jpg,0,0,0,0,0,0,0,0,0,0,0,0,1,0,0,1,1,1,0,0,0,0,0,0,0,0,0,0,0,0
car_71aa8436_jpg.rf.9f820ee5ab49fa51f2dad07940b5e5cb.jpg,0,0,0,0,0,0,0,0,0,0,0,0,0,0,0,1,0,1,0,0,1,0,0,0,0,0,1,0,0,0
car_796c6fd5_jpg.rf.8278a4fe4db59cdecbae7bd91254ecf6.jpg,0,1,0,0,0,0,0,0,0,0,0,0,1,0,0,1,0,0,0,0,0,0,1,0,0,0,0,0,0,0
car_e9905523_jpg.rf.1dd7a488f98c4c7f2902ca41753d30a3.jpg,0,0,0,0,0,0,0,0,0,0,0,0,0,0,0,1,0,1,0,0,0,0,0,0,1,0,0,0,1,0
car_953912b3_jpg.rf.ebe956d0aa8cfcc620b3a502b1b517fd.jpg,0,0,0,0,0,0,0,0,0,0,0,0,0,0,0,1,0,1,0,0,0,0,0,0,0,0,1,0,1,0
car_84d19b50_jpg.rf.11b5c7e8865a1a977468b4517ca865b1.jpg,0,0,0,0,0,0,0,0,0,0,0,0,1,0,0,1,1,1,0,0,0,0,0,0,0,0,0,0,0,0
car_d831b762_jpg.rf.eed6a0da8851c831b37320b4a8487b9a.jpg,0,0,0,0,0,0,0,0,0,0,0,0,1,0,0,1,0,1,0,0,0,1,0,0,0,0,0,0,0,0
car_24ecc633_jpg.rf.4b1af49f30986d06de08c84d69ad91b6.jpg,0,0,0,0,0,0,0,0,0,0,0,0,0,0,0,1,0,1,0,0,1,0,0,0,0,0,1,0,0,0
car_dea43e23_jpg.rf.ab5b3c61bcaa046bfc6c4090aa8cb42a.jpg,0,0,0,0,0,0,0,0,0,0,0,0,1,0,0,1,0,1,0,0,0,0,0,0,0,1,0,0,0,0
truck_73b6797a_jpg.rf.647dea5ca1ea64a35905d161d1540a69.jpg,0,0,0,0,0,1,0,0,0,0,0,0,0,0,0,1,0,1,0,0,1,0,0,0,0,0,0,0,0,0
car_94288024_jpg.rf.215d2e2250f89168922eddd6de0f030e.jpg,0,0,0,0,0,0,0,0,0,0,0,0,0,1,0,1,0,1,0,0,0,0,0,0,0,0,1,0,0,0
car_fc8548d9_jpg.rf.729d1730f1de68bb7b8a00e9f00e0bce.jpg,0,0,0,0,0,0,0,0,0,0,0,0,1,0,0,1,1,1,0,0,0,0,0,0,0,0,0,0,0,0
car_850a6e8e_jpg.rf.6a519a7be0a219d4eed206bef9005573.jpg,0,0,0,0,0,0,0,0,0,0,0,0,1,0,0,1,0,1,0,0,0,0,0,0,1,0,0,0,0,0
car_8f4cbe0f_jpg.rf.68cfe8ead204b5b6c18e7a25290c7dc4.jpg,0,0,0,0,0,0,0,1,0,0,0,0,0,0,0,1,0,1,0,0,0,0,0,0,0,0,0,0,1,0
car_94b2928d_jpg.rf.2350fc06a6155b12a4be7b2090c56a20.jpg,0,0,0,0,0,0,0,0,0,0,0,0,1,0,0,1,1,0,0,0,0,0,1,0,0,0,0,0,0,0
car_96bf76ca_jpg.rf.f1ede713f318586ef48d7b9478dc2023.jpg,0,0,0,1,0,0,0,0,0,0,0,0,0,0,0,1,0,1,0,0,1,0,0,0,0,0,0,0,0,0
car_833bcfc0_jpg.rf.b810d2f91dc669ab81dd0ac40d0e0f95.jpg,0,0,0,0,0,0,0,0,0,0,0,0,1,0,0,1,0,1,0,0,0,0,0,0,1,0,0,0,0,0
car_94d5f09a_jpg.rf.a902bbbd97ba51a0b68cf40e08549565.jpg,0,0,0,0,0,1,0,0,0,0,0,0,0,0,0,1,0,1,0,0,1,0,0,0,0,0,0,0,0,0
car_95691dfa_jpg.rf.785f327c89424b2a06730a93fb8992dc.jpg,0,0,0,0,0,0,0,0,0,0,0,0,0,0,0,1,0,1,0,0,1,0,0,0,1,0,0,0,0,0
car_231cf5ee_jpg.rf.aab7b972dc672e4ff88cb23fc26d8789.jpg,0,0,0,0,0,0,0,0,0,0,0,0,1,0,0,1,0,1,0,0,0,0,0,0,0,0,1,0,0,0
car_df70f02d_jpg.rf.08fcbabc07255e7c778f49fc1126bddd.jpg,0,0,0,0,0,0,0,0,0,0,0,1,0,0,0,1,0,1,0,0,0,0,0,1,0,0,0,0,0,0
car_8ea1dfe6_jpg.rf.0acca07583cd2b5e9022bed633feb32b.jpg,0,0,0,0,0,0,0,0,0,0,0,0,0,0,0,1,0,1,0,0,1,1,0,0,0,0,0,0,0,0
car_f7d36978_jpg.rf.8ba64792d5e114872e0dc8a6b625adfe.jpg,0,0,0,0,0,0,0,0,0,0,0,0,0,0,0,1,0,1,0,0,0,0,0,0,0,0,1,0,1,0
car_e4237230_jpg.rf.10a686452803b944ddafd69794518a4b.jpg,0,0,0,0,0,0,0,0,0,0,0,0,0,0,0,1,1,1,0,0,0,0,0,0,0,0,0,0,1,0
car_7ef8d848_jpg.rf.1df188fb660bc2be105f074067dbdba5.jpg,0,0,0,0,0,0,0,0,0,0,0,1,1,0,0,1,0,1,0,0,0,0,0,0,0,0,0,0,0,0
car_9641b4f1_jpg.rf.4398c3faeda7c7a3b1090e9d22d562f4.jpg,0,0,0,0,0,0,0,0,0,0,0,0,1,0,0,1,0,1,0,0,0,0,0,0,1,0,0,0,0,0
car_7e473fde_jpg.rf.2b1872b5e0bbdb1150cf75b72d1c2b80.jpg,0,0,0,0,0,0,0,0,0,0,1,0,1,0,0,1,0,1,0,0,0,0,0,0,0,0,0,0,0,0
car_96de639b_jpg.rf.aa3dc1f9c98a7df77d2475b77b0821a0.jpg,0,0,0,0,0,0,0,0,0,0,0,0,0,0,0,1,0,1,0,0,1,0,0,0,1,0,0,0,0,0
truck_8541de59_jpg.rf.09de550c6e51b2306b9530c4ec86e40b.jpg,0,0,0,0,0,0,0,0,0,0,0,0,0,1,0,1,0,0,0,0,0,0,1,0,1,0,0,0,0,0
car_d814f554_jpg.rf.f61b6368c488540c99a1ea8353ca845a.jpg,0,0,0,0,0,0,0,0,0,0,0,0,0,0,0,1,0,1,0,0,1,0,0,0,1,0,0,0,0,0
car_9411fc38_jpg.rf.ea03907dceb7aea5d84e22df855de0b9.jpg,0,0,0,0,0,0,0,1,0,0,0,0,1,0,0,1,0,1,0,0,0,0,0,0,0,0,0,0,0,0
car_997cfe62_jpg.rf.462cfa624255ec2cf5a78418bd42e128.jpg,0,0,0,0,0,0,0,0,0,0,0,0,0,0,0,1,0,1,0,0,1,1,0,0,0,0,0,0,0,0
car_2835fad5_jpg.rf.2b83943af5df96622a14b5a89b5b0a1c.jpg,0,0,0,0,0,0,0,0,0,0,1,0,1,0,0,1,0,1,0,0,0,0,0,0,0,0,0,0,0,0
car_a4fbdb46_jpg.rf.800adc10dda548d59655d8098a286039.jpg,0,0,0,0,0,0,0,0,0,0,0,0,1,0,0,1,0,1,0,0,0,0,0,0,0,0,1,0,0,0
car_85200c4c_jpg.rf.542ddeecb21b4a17827df71c89507565.jpg,0,0,0,0,0,0,0,0,0,0,1,0,1,0,0,1,0,1,0,0,0,0,0,0,0,0,0,0,0,0
truck_1033994c_jpg.rf.e73518b4934d74300975b28149501497.jpg,0,0,0,0,0,0,0,0,0,1,0,0,0,0,0,1,0,1,0,1,0,0,0,0,0,0,0,0,0,0
car_fe586daf_jpg.rf.ef93ac815820816a0278fd2d00a6c817.jpg,0,0,0,0,0,0,0,0,0,0,1,0,0,0,0,1,0,1,0,0,1,0,0,0,0,0,0,0,0,0
car_fab594f2_jpg.rf.0d848cf9d71f711a399c15468b63ae03.jpg,0,0,0,0,0,0,0,0,0,0,0,0,0,0,0,1,0,1,0,0,0,0,0,0,0,0,1,0,1,0
car_98bfb24a_jpg.rf.f5c0702c02ae5e24f7d398bc002e0478.jpg,0,0,0,0,0,0,0,0,0,0,0,0,0,0,0,1,0,1,0,0,1,0,0,0,0,0,1,0,0,0
car_fc7cb0cf_jpg.rf.2313cf7bd0d9e9363bf5245dc9baa58e.jpg,0,0,0,0,0,0,0,0,0,0,0,0,0,0,0,1,0,1,0,0,0,0,0,0,0,0,1,0,1,0
car_dfccb4c3_jpg.rf.08967ef6f028ac29ebf45a4adb43fc5f.jpg,0,0,0,0,0,0,0,0,0,0,0,0,0,0,0,1,0,1,0,0,0,0,0,0,0,0,1,0,1,0
car_8515880d_jpg.rf.13dc44401f773bc1d1255d35f1215391.jpg,0,0,0,0,0,0,0,0,0,0,0,0,0,0,0,1,0,1,0,0,0,0,0,0,1,0,0,0,1,0
car_f8c6d165_jpg.rf.86df3d28c6c06161d1236c7932b1e27d.jpg,0,0,1,0,0,0,0,0,0,0,0,0,1,0,0,1,0,1,0,0,0,0,0,0,0,0,0,0,0,0
car_9a07bfc4_jpg.rf.e2c3178e6eafff603eb2a544cdb0d9a2.jpg,0,0,0,0,0,0,0,0,0,0,0,0,0,0,0,1,0,0,0,0,0,0,1,0,0,1,0,0,1,0
car_a529c32a_jpg.rf.fb3ed31d5e54f773e323b4033d64a88e.jpg,0,0,0,0,0,0,0,0,0,0,0,0,0,1,0,1,0,1,0,0,0,0,0,0,0,0,1,0,0,0
car_d90c85ce_jpg.rf.df1e5179137a37f59f94d9a67bfe0a7a.jpg,0,0,0,0,0,0,0,0,0,0,0,0,1,0,0,1,0,1,0,0,0,1,0,0,0,0,0,0,0,0
car_977b72f6_jpg.rf.7576423ded9f78eb9583e4e57029ca85.jpg,0,0,0,0,0,0,0,0,0,0,0,0,1,0,0,1,0,1,0,0,0,0,0,0,1,0,0,0,0,0
car_df877a01_jpg.rf.a4f09023ec99f00458200fa167fffc62.jpg,0,0,0,0,0,0,0,0,0,0,0,0,0,0,0,1,0,1,0,0,0,0,0,0,0,0,1,0,1,0
truck_c61c1576_jpg.rf.87a185e0f7b26feef717db0392821488.jpg,0,0,0,0,0,0,0,0,0,0,1,0,1,0,0,1,0,1,0,0,0,0,0,0,0,0,0,0,0,0
car_89524579_jpg.rf.9905b2a835c1a8ec9b8d9a3daddfd318.jpg,0,1,0,0,0,0,0,0,0,0,0,0,1,0,0,1,0,1,0,0,0,0,0,0,0,0,0,0,0,0
truck_5e3276c4_jpg.rf.cdcda45d31a8125c9bde1e539f0a81a5.jpg,0,0,0,0,0,0,0,1,0,0,0,0,0,0,0,1,0,0,0,0,0,0,1,0,0,0,0,0,1,0
truck_a3a608e2_jpg.rf.1bd30602065aca87c53e09d56d40e375.jpg,0,0,0,0,0,1,0,0,0,0,0,0,0,0,0,1,0,1,0,0,1,0,0,0,0,0,0,0,0,0
car_9e1c45a1_jpg.rf.a757bb302681294dd5adce1450362626.jpg,0,0,0,0,0,0,0,0,0,0,0,0,0,0,0,1,0,1,0,0,0,0,0,0,1,0,0,0,1,0
car_fa393743_jpg.rf.a35ace2c38aa1adc216efc1eb4d7af5b.jpg,0,0,0,0,0,0,0,0,0,0,0,0,1,0,0,1,0,1,0,0,0,1,0,0,0,0,0,0,0,0
car_99ea5e60_jpg.rf.60e5c53852a2225b80b98b533f3a0162.jpg,0,0,0,0,0,0,0,0,0,0,0,1,0,0,0,1,0,1,0,0,0,0,0,0,0,0,0,0,1,0
car_9859c826_jpg.rf.61b59d1fe818f8648c07082ea8a79757.jpg,0,0,0,0,0,0,0,0,0,0,0,0,0,0,0,1,0,1,0,0,0,0,0,0,0,0,1,0,1,0
car_ef6ac1f8_jpg.rf.5c41329a9d3dc3f4d74e736e2595dbb6.jpg,0,0,0,0,0,0,0,0,0,0,0,0,0,0,0,1,0,1,0,0,1,0,0,0,0,0,1,0,0,0
car_90b24584_jpg.rf.4f8430de2099579448c632f3a3bcf553.jpg,0,0,0,0,0,0,0,0,0,0,0,0,0,0,0,1,0,1,0,0,0,0,0,0,0,0,1,0,1,0
car_9af21070_jpg.rf.661d6e37f736fb8d3a9f9ab4b5d5348f.jpg,0,0,0,0,0,0,0,0,0,0,0,0,1,0,0,1,0,1,0,0,0,1,0,0,0,0,0,0,0,0
car_943bd500_jpg.rf.ca24db74bb6f8e1af161b4c6dd1c79db.jpg,0,0,0,0,0,0,0,0,0,0,0,0,0,0,0,1,0,1,0,0,0,0,0,0,0,0,1,0,1,0
car_88745d07_jpg.rf.a302f8990481b56d380cff67485338d6.jpg,0,0,0,0,0,0,0,0,0,0,0,0,1,0,0,1,0,1,0,0,0,0,0,0,1,0,0,0,0,0
car_9bce7484_jpg.rf.b75b628190d811641381e31ffba4e31d.jpg,0,0,0,0,0,0,0,0,0,0,0,0,0,0,0,1,0,1,0,0,1,1,0,0,0,0,0,0,0,0
car_89ed77cc_jpg.rf.da54fab3f045bff579880518232f1b63.jpg,0,0,0,0,0,0,0,0,0,0,0,0,1,0,0,1,0,1,0,0,0,0,0,0,1,0,0,0,0,0
car_9c78002e_jpg.rf.a6ceabc2729e9d2e695dbf434c313d65.jpg,0,0,0,0,0,0,0,0,0,0,0,0,0,0,0,1,0,1,0,0,1,0,0,0,0,0,1,0,0,0
car_fc4a5ba4_jpg.rf.5fed0cd19c0182af0ff03f85f27763ae.jpg,0,0,0,0,0,0,0,0,0,0,0,0,1,0,0,1,0,1,0,0,0,0,0,0,1,0,0,0,0,0
car_9b85bf51_jpg.rf.6f80360823d1b51a93fc32d51c1cbbf9.jpg,0,0,0,0,0,0,0,0,0,0,0,0,1,0,0,1,0,1,0,0,0,1,0,0,0,0,0,0,0,0
car_f223754b_jpg.rf.ebaf9e87997605b7d30d3c8d6230d1ee.jpg,0,0,0,0,0,0,0,0,0,0,0,0,0,1,0,1,0,1,0,0,0,0,0,0,0,0,1,0,0,0
car_ef7aad9f_jpg.rf.1a638bd715eec221a40451a57a2c5bec.jpg,0,0,0,0,0,0,0,0,0,0,0,0,1,0,0,1,0,1,0,0,0,0,0,0,0,1,0,0,0,0
car_88d7d1e9_jpg.rf.7fea4eec2e100ec6e49be8004d23fa7a.jpg,0,0,0,0,0,0,0,0,0,0,0,0,0,0,0,1,0,1,0,0,1,1,0,0,0,0,0,0,0,0
car_a1b6edca_jpg.rf.2b12382214bc53249dabba4bc3478109.jpg,0,0,0,0,0,0,0,0,0,0,0,0,0,0,0,1,0,1,0,0,1,0,0,0,0,0,1,0,0,0
car_86ce66fc_jpg.rf.052b92f92dd572c2ffea66bbccf52b55.jpg,0,0,0,0,0,0,0,0,0,0,0,0,0,0,0,1,0,1,0,0,1,0,0,0,0,0,1,0,0,0
car_f7a66d3b_jpg.rf.041f8a915fe77c71c0aef9b726318021.jpg,0,0,0,0,0,0,0,0,0,0,0,0,0,1,0,1,0,1,0,0,0,0,0,0,0,1,0,0,0,0
car_888bdf32_jpg.rf.1606841d7bdbad80a2b5a1048f9b6d5e.jpg,0,0,0,0,0,0,0,0,0,0,0,0,0,0,0,1,0,1,0,0,0,0,0,0,0,0,1,0,1,0
car_9c183a03_jpg.rf.86778bccb591863227781d22e2938f66.jpg,0,0,0,0,0,0,0,0,0,0,0,0,0,0,0,1,0,1,0,0,0,0,0,0,1,0,0,0,1,0
car_a5c1a578_jpg.rf.92890cfb23f3e5a82af03dfd77d7b65c.jpg,0,0,0,0,0,0,0,0,0,0,0,0,0,0,0,1,0,1,0,0,0,0,0,0,0,0,1,0,1,0
truck_628e3b0a_jpg.rf.a9c2e0cd3f914a63a72311e1b9168d1c.jpg,0,0,0,0,0,0,0,0,0,0,1,0,1,0,0,1,0,1,0,0,0,0,0,0,0,0,0,0,0,0
car_965cc7d6_jpg.rf.7f22fa6794c4e74ed95160dde9a7a8ec.jpg,0,0,0,0,0,0,0,0,0,0,0,0,0,0,0,1,0,1,0,0,1,0,0,0,0,0,1,0,0,0
car_021c2b57_jpg.rf.a546c73c972c6152af8502896478a6ae.jpg,0,0,0,1,0,0,0,0,0,0,0,0,1,0,0,1,0,1,0,0,0,0,0,0,0,0,0,0,0,0
car_efd1c4a3_jpg.rf.01b3f589b2e210f2b98cd7f50cf59e9c.jpg,0,0,0,0,0,0,0,0,0,0,0,0,1,0,0,1,0,1,0,0,0,0,0,0,0,1,0,0,0,0
car_a5b4e5c2_jpg.rf.59e54b8a52128a23528a81f36474b26e.jpg,0,0,0,0,0,0,0,0,0,0,0,1,0,0,0,1,0,1,0,0,0,0,0,0,0,0,0,0,1,0
car_911871d1_jpg.rf.da64f8224fce54234ba82b7c275c8498.jpg,0,0,0,0,0,0,0,0,0,0,0,0,0,0,0,1,0,1,0,0,0,0,0,0,0,0,1,0,1,0
car_f1b4a907_jpg.rf.e0c7f07cbae2690e60bf2d31d1fc7fe3.jpg,0,0,0,0,0,0,0,0,0,0,1,0,0,0,0,1,0,1,0,0,0,0,0,0,0,0,0,0,1,0
car_f09434a5_jpg.rf.a7a7fcf03affeb78a5664fb98a255ba0.jpg,0,0,0,0,0,0,0,0,0,0,0,0,0,0,0,1,0,1,0,0,0,0,0,0,0,0,1,0,1,0
car_7e886e7b_jpg.rf.ef032bc2516d5e6054ade58d116b76ad.jpg,0,0,0,0,0,0,0,0,0,0,0,0,1,0,0,1,0,0,0,0,0,0,1,0,1,0,0,0,0,0
car_891f4539_jpg.rf.9751bf11f38d960619f68179e33bd816.jpg,0,0,0,0,0,0,0,0,0,0,0,0,1,0,0,1,1,1,0,0,0,0,0,0,0,0,0,0,0,0
car_014d3a50_jpg.rf.0032deebd33af40765b7927a82bd6b8e.jpg,0,0,0,0,0,0,0,0,0,0,0,0,0,1,0,1,0,1,0,0,0,0,0,0,0,0,1,0,0,0
car_ef11e929_jpg.rf.2b7f16a3d0765d6ba730fd2165d6fda7.jpg,0,0,0,0,0,0,0,0,0,0,0,0,1,0,0,1,0,1,0,0,0,0,0,0,0,1,0,0,0,0
car_9c8677c0_jpg.rf.c210be6d60a8a7e120ed6788ecddf3cd.jpg,0,0,0,0,0,0,0,0,0,0,0,0,0,0,0,1,0,1,0,0,0,0,0,1,0,0,1,0,0,0
car_010b903f_jpg.rf.18c90583f0b817ffb22f9df659ff1c11.jpg,0,0,0,0,0,1,0,0,0,0,0,0,1,0,0,1,0,1,0,0,0,0,0,0,0,0,0,0,0,0
car_a2b0be67_jpg.rf.c2cda9481a7787f1b08f1fcd6a530954.jpg,0,0,0,0,0,0,0,0,0,0,0,0,0,0,0,1,1,1,0,0,0,0,0,0,0,0,0,0,1,0
car_f6c908bb_jpg.rf.407424c219b7840510f0808c3e87eacd.jpg,0,0,1,0,0,0,0,0,0,0,0,0,1,0,0,1,0,1,0,0,0,0,0,0,0,0,0,0,0,0
car_a41ed18f_jpg.rf.e3aa3f4e10828e13266091ae3c5b5c5b.jpg,0,0,0,0,0,0,0,0,0,0,0,0,0,0,0,1,0,1,0,0,0,0,0,0,0,0,1,0,1,0
car_f78ad7bc_jpg.rf.2499b7f09b9fdd59b051a5532b91ba31.jpg,0,0,0,0,0,0,0,0,0,0,0,0,1,0,0,1,0,1,0,0,0,0,0,0,1,0,0,0,0,0
car_f6d10111_jpg.rf.87b1f1415686bf43d950c37434122311.jpg,0,0,0,0,0,0,0,0,0,0,0,0,0,1,0,1,0,0,0,0,0,0,1,0,1,0,0,0,0,0
car_b2166b92_jpg.rf.1e921eaf453af8cf76b145be1c17a8b6.jpg,0,0,1,0,0,0,0,0,0,0,0,0,1,0,0,1,0,1,0,0,0,0,0,0,0,0,0,0,0,0
car_a563861b_jpg.rf.34de5fabede497200159b3e3caaf658a.jpg,0,0,0,0,0,0,0,0,0,0,0,0,0,0,0,1,0,1,0,0,1,0,0,0,0,0,1,0,0,0
car_b423bc92_jpg.rf.708c3a974688410d96c9e9b4b6bd3057.jpg,0,1,0,0,0,0,0,0,0,0,0,0,1,0,0,1,0,1,0,0,0,0,0,0,0,0,0,0,0,0
car_1d85aada_jpg.rf.45b1f01a3bb897a8a9d25cbe64fafd80.jpg,0,0,0,0,0,0,0,0,0,0,0,0,1,0,0,1,1,1,0,0,0,0,0,0,0,0,0,0,0,0
car_026c7495_jpg.rf.fa045c86435a5e0f0c7b6fb002fd1c4a.jpg,0,0,0,0,0,0,0,0,0,0,0,0,0,0,0,1,0,1,0,0,1,0,0,0,1,0,0,0,0,0
car_9f8947c1_jpg.rf.bf390e7bf94392f282028950a3768fbe.jpg,0,0,0,0,0,0,0,0,0,0,0,0,0,0,0,1,0,1,0,0,1,0,0,0,1,0,0,0,0,0
car_035a274a_jpg.rf.61a57e88c4ca158ffc9f7fbebc41c51d.jpg,0,0,0,0,0,0,0,0,0,0,0,0,1,0,0,1,0,1,0,0,0,0,0,0,0,0,1,0,0,0
car_0392c0f5_jpg.rf.2b61185ddd03ac9f3366f57f3ff44276.jpg,0,0,0,0,0,0,0,0,0,0,0,0,0,0,0,1,0,1,0,0,1,0,0,0,0,0,1,0,0,0
car_921afab3_jpg.rf.ea9b28af890d477b40b6c9be34e7a56f.jpg,0,0,1,0,0,0,0,0,0,0,0,0,1,0,0,1,0,1,0,0,0,0,0,0,0,0,0,0,0,0
car_03682986_jpg.rf.0e8a8ea7952fd840cf4582fd7058d647.jpg,0,0,0,0,0,0,0,0,0,0,1,0,1,0,0,1,0,1,0,0,0,0,0,0,0,0,0,0,0,0
car_0269392c_jpg.rf.6150a41c0cea974ce3023dddbdca864e.jpg,0,0,0,1,0,0,0,0,0,0,0,0,0,0,0,1,0,1,0,0,1,0,0,0,0,0,0,0,0,0
car_9ec99249_jpg.rf.75f81733dbf9758d2fb7d8d46e82eef2.jpg,0,0,0,0,0,0,0,0,0,0,0,0,0,1,0,1,0,0,0,0,0,0,1,0,0,0,1,0,0,0
car_a22acf04_jpg.rf.1fb0f3ef1fa25958063849a4938426eb.jpg,0,0,0,0,0,0,0,0,0,0,0,0,0,0,0,1,0,1,0,0,0,0,0,0,0,0,1,0,1,0
car_9f6ba109_jpg.rf.4076eecb5ac5c7beb268d5618a1c5475.jpg,0,0,0,0,0,0,0,0,0,0,0,0,0,0,0,1,0,1,0,0,1,0,0,0,0,0,1,0,0,0
car_ab011ecf_jpg.rf.00a1729112ecd79a2520b104a5f75fee.jpg,0,0,0,0,0,0,0,0,0,0,0,0,0,0,0,1,0,1,0,0,0,0,0,0,1,0,0,0,1,0
car_a8a48569_jpg.rf.1bd3672122e4585d83baf274f325351c.jpg,0,0,0,0,0,0,0,0,0,0,0,0,1,0,0,1,0,1,0,0,0,1,0,0,0,0,0,0,0,0
car_b37d24ec_jpg.rf.492cbb2eb464b194bca537904b8b8988.jpg,0,0,0,0,0,0,0,0,0,0,0,0,1,0,0,1,0,1,0,0,0,0,0,0,1,0,0,0,0,0
car_a36f3c15_jpg.rf.ec58b9b730b05fb2ea57bc23242dd10b.jpg,0,0,0,0,0,0,0,0,0,0,0,0,1,0,0,1,0,1,0,0,0,1,0,0,0,0,0,0,0,0
car_8a796c9a_jpg.rf.f5951c6afcd3aef3a7baa64a7d0e433c.jpg,0,0,0,0,0,0,0,0,0,0,0,0,0,0,0,1,0,1,0,0,1,0,0,0,0,0,1,0,0,0
car_b4be2f86_jpg.rf.7d1d3b161b3fd10ee571758a4bb309b1.jpg,0,0,0,1,0,0,0,0,0,0,0,0,0,0,0,1,0,0,0,0,0,0,1,0,0,0,0,0,1,0
car_0499a860_jpg.rf.8c4732c20438e2cdc1e373aca110fa83.jpg,0,0,0,0,0,0,0,0,0,0,0,0,0,0,0,1,0,1,0,0,1,0,0,0,0,0,1,0,0,0
car_f4ead592_jpg.rf.98fa709c27638b3eeab29bfb829308ba.jpg,0,0,0,0,0,0,0,0,0,0,0,0,0,1,0,1,1,1,0,0,0,0,0,0,0,0,0,0,0,0
car_048631f3_jpg.rf.3bf97a5dc205d14c7f6f7fdfac8153bc.jpg,0,0,0,1,0,0,0,0,0,0,0,0,1,0,0,1,0,1,0,0,0,0,0,0,0,0,0,0,0,0
car_f76c417e_jpg.rf.5b6d4f048ec4c8ea6b93311cc8f79d55.jpg,0,0,0,0,0,0,0,0,0,0,0,0,0,0,0,1,0,0,0,0,0,0,1,0,1,0,0,0,1,0
car_9e70ca18_jpg.rf.51768cd86ef7b9de3032b18cb9b7ee42.jpg,0,0,0,0,0,0,0,0,0,0,0,0,1,0,0,1,1,1,0,0,0,0,0,0,0,0,0,0,0,0
car_084909e8_jpg.rf.ce424344d48ef2082f0c8728cd96a8fb.jpg,0,0,0,1,0,0,0,0,0,0,0,0,0,0,0,1,0,1,0,0,1,0,0,0,0,0,0,0,0,0
car_ab580599_jpg.rf.de73f7a05d5510efea6e84d1675bfcdc.jpg,0,0,0,0,0,0,0,0,0,0,0,0,0,0,0,1,0,1,0,0,1,0,0,0,0,0,1,0,0,0
car_a2eb27e3_jpg.rf.5dc90dad023be159cebb5cbf0db3af40.jpg,0,0,0,1,0,0,0,0,0,0,0,0,0,0,0,1,0,1,0,0,1,0,0,0,0,0,0,0,0,0
car_9c0f8f9f_jpg.rf.353714b759a6556fffc9a53a35a157ee.jpg,0,0,0,0,0,0,0,0,0,0,0,1,0,0,0,1,0,1,0,0,0,0,0,0,0,0,0,0,1,0
car_b19da516_jpg.rf.4ce6c9c6042eb782aad2068c52b61a0c.jpg,0,0,0,0,0,0,0,0,0,0,0,0,1,0,0,1,0,1,0,0,0,0,0,0,0,0,1,0,0,0
car_048015be_jpg.rf.a2ff8bc3c964e2c93139130ae0586ed5.jpg,0,0,0,0,0,0,0,0,0,0,0,0,0,0,0,1,0,1,0,0,0,0,0,0,0,0,1,0,0,1
car_0f70c0e1_jpg.rf.a176d13308e770793375fb552e6b5a7a.jpg,0,0,0,0,0,0,0,0,0,0,0,0,0,0,0,1,0,1,0,0,1,0,0,0,0,0,1,0,0,0
car_b41a7125_jpg.rf.350048b5b698522aef49e794e5562ac6.jpg,0,0,0,0,0,0,0,0,0,0,0,0,0,0,0,1,0,1,0,0,0,0,0,0,0,0,1,0,1,0
car_087c7bea_jpg.rf.1af46a0d3f6f4f56d574355be9a1f3e6.jpg,0,0,0,0,0,0,0,0,0,0,0,0,1,0,0,1,0,1,0,0,0,0,0,0,0,1,0,0,0,0
car_973a8fd8_jpg.rf.f6663c7c562e52509770903335f1cca8.jpg,0,0,0,0,0,0,0,0,0,0,1,0,1,0,0,1,0,1,0,0,0,0,0,0,0,0,0,0,0,0
car_c47c2a76_jpg.rf.4a7ee7d9b9d5929c9312159791ce84ef.jpg,0,0,0,0,0,0,0,0,0,0,1,0,1,0,0,1,0,1,0,0,0,0,0,0,0,0,0,0,0,0
car_b7acfed8_jpg.rf.a5d2342e52cea5c3665b30a7906dc7e2.jpg,0,0,0,1,0,0,0,0,0,0,0,0,0,0,0,1,0,1,0,0,1,0,0,0,0,0,0,0,0,0
car_b49936dc_jpg.rf.067d9ea738e47cb1efe9c365cd935efa.jpg,0,0,0,0,0,0,0,0,0,0,0,0,0,0,0,1,0,1,0,0,0,0,0,0,0,0,1,0,1,0
car_036cc52a_jpg.rf.8b582cac28a51e9c223f51ad10092db1.jpg,0,0,0,0,0,0,0,0,0,0,0,0,1,0,0,1,0,1,0,0,0,0,0,0,1,0,0,0,0,0
car_a8a01c8f_jpg.rf.9d5e71628964bc72e303c7a89127be52.jpg,0,0,0,0,0,0,0,0,0,0,0,0,0,0,1,1,0,1,0,0,0,0,0,0,0,0,1,0,0,0
car_b0750aec_jpg.rf.ddf8bdc71c358e08c64895dc494ef1c0.jpg,0,0,0,0,0,0,0,0,0,0,0,0,0,0,0,1,0,1,0,0,1,0,0,0,1,0,0,0,0,0
car_05d7abfc_jpg.rf.0821db47ff6188c0e5c08cea0f828ec2.jpg,0,0,0,0,0,0,0,0,0,0,0,0,1,0,0,1,0,1,0,0,0,0,0,0,0,1,0,0,0,0
car_a366a438_jpg.rf.9e9c32fd659f636b7bdf40634e2a037d.jpg,0,0,0,0,0,1,0,0,0,0,0,0,0,0,0,1,0,0,0,0,0,0,1,0,0,0,0,0,1,0
car_15d8e80c_jpg.rf.d82209cf6865ab29765e64844556560e.jpg,0,0,0,0,0,0,0,0,0,0,0,0,0,0,1,1,0,1,0,0,0,0,0,0,1,0,0,0,0,0
car_b1c3c0b8_jpg.rf.7c5acbc5cbbde1777dc175a7aac6771a.jpg,0,0,0,0,0,0,0,0,0,0,1,0,1,0,0,1,0,1,0,0,0,0,0,0,0,0,0,0,0,0
car_9e2229f2_jpg.rf.6c771427f89f0893f1f5d69ca507021a.jpg,0,0,0,0,0,0,0,0,0,0,0,0,1,0,0,1,0,1,0,0,0,1,0,0,0,0,0,0,0,0
car_cfd3c76c_jpg.rf.7cf3ae115d21f544ec432bc8c3f4b0c6.jpg,0,0,0,0,0,0,0,1,0,0,0,0,0,0,0,1,0,1,0,0,0,0,0,0,0,0,0,0,1,0
car_c15fe189_jpg.rf.4b4be52b9bc75bffdb8e081df9b8e2cd.jpg,0,0,0,0,0,0,0,0,0,0,0,0,1,0,0,1,0,1,0,0,0,0,0,0,1,0,0,0,0,0
car_d2a20d56_jpg.rf.e55652a21fb4107232f209397da09870.jpg,0,0,0,0,0,0,0,0,0,0,0,0,0,0,0,1,0,1,0,0,0,0,0,0,1,0,0,0,1,0
car_06d283c9_jpg.rf.7cc426ca873bb8d153f6ec173412699a.jpg,0,0,0,0,0,0,0,1,0,0,0,0,0,0,0,1,0,1,0,0,0,0,0,0,0,0,0,0,1,0
car_05860335_jpg.rf.0e42d1ba5546c94c51fa964c190c5765.jpg,0,0,0,0,0,0,0,0,0,0,0,0,1,0,0,1,0,1,0,0,0,0,0,0,0,0,1,0,0,0
car_9bed77d6_jpg.rf.ea94b3ee2d89f29fb25b2f1e3da1eb20.jpg,0,0,0,0,0,0,0,0,0,0,0,0,0,0,0,1,0,1,0,0,1,0,0,0,0,0,1,0,0,0
car_0715e18a_jpg.rf.8623acfb93e0d59d38f9326a83f5d09f.jpg,0,0,0,0,0,0,0,0,0,0,0,0,1,0,0,1,0,1,0,0,0,0,0,0,1,0,0,0,0,0
car_04459170_jpg.rf.36272789cde93437b296d832379a7abe.jpg,0,0,0,0,0,0,0,0,0,0,0,1,0,1,0,1,0,1,0,0,0,0,0,0,0,0,0,0,0,0
car_06e53747_jpg.rf.64b27bdf39e4fa1666b5fd3717d6ae38.jpg,0,0,0,0,0,0,0,0,0,0,0,0,0,0,0,1,0,1,0,0,0,0,0,1,0,0,1,0,0,0
car_b2ababb1_jpg.rf.fd1849c6edd85db3f088517224d5dec7.jpg,0,0,0,0,0,0,0,0,0,0,0,0,0,0,0,1,0,1,0,0,1,1,0,0,0,0,0,0,0,0
car_a2cf274c_jpg.rf.8bbc1a9fa804ff42c953bb5a0cacf1e2.jpg,0,0,0,0,0,0,0,0,0,0,0,0,0,0,0,1,0,1,0,0,0,0,0,0,0,0,1,0,1,0
car_0fa27b85_jpg.rf.90ff6c7587e363e9058bad950b8f2db8.jpg,0,0,0,0,0,0,0,0,0,0,0,0,0,1,0,1,0,1,0,0,0,0,0,0,1,0,0,0,0,0
car_9fa3d389_jpg.rf.f4a246f9de09286acaac72de8a52a00b.jpg,0,0,0,0,0,0,0,0,0,0,0,1,0,0,0,1,0,1,0,0,0,0,0,0,0,0,0,0,1,0
car_aa33b843_jpg.rf.6feb0553f7a811668ad78ac8914871ea.jpg,0,0,0,0,0,0,0,0,0,0,0,0,0,0,0,1,0,1,0,0,1,1,0,0,0,0,0,0,0,0
car_208373b3_jpg.rf.94b8b3ff69b190e47a6470a055bd46c2.jpg,0,0,0,0,0,0,0,0,0,0,0,0,0,1,0,1,0,1,0,0,0,0,0,0,0,0,1,0,0,0
car_c1596cfa_jpg.rf.3f668b11e8eab558a83b850d4323e021.jpg,0,0,0,0,0,0,0,0,0,0,0,0,0,0,0,1,0,1,0,0,0,0,0,0,0,0,1,0,1,0
car_01933681_jpg.rf.2254f245bd1ff12838a7462ed1fa6454.jpg,0,0,0,0,0,0,0,0,0,0,0,0,1,0,0,1,0,1,0,0,0,0,0,0,0,1,0,0,0,0
car_aec501b4_jpg.rf.045c96b44394e2c62b46fccacdf493d3.jpg,0,0,0,0,0,0,0,0,0,0,0,0,0,0,0,1,0,1,0,0,0,0,0,0,1,0,0,0,1,0
car_20011094_jpg.rf.40b3cb056132f3c37cf21a23e0c7025f.jpg,0,0,0,0,0,0,0,0,0,0,0,0,1,0,0,1,1,1,0,0,0,0,0,0,0,0,0,0,0,0
car_05318562_jpg.rf.6802069f753dcd34270887cbb2f882e1.jpg,0,0,0,0,0,0,0,0,0,0,0,0,0,0,0,1,0,1,0,0,1,0,0,0,0,0,1,0,0,0
car_d28e29db_jpg.rf.313d95f6317caeabf20933c2b68a5919.jpg,0,0,0,0,0,0,0,0,0,0,0,0,0,0,0,1,0,0,0,0,0,0,1,0,1,0,0,0,1,0
car_24ecc633_jpg.rf.97ca4731f1fc4b53455e72c641f41fb8.jpg,0,0,0,0,0,0,0,0,0,0,0,0,0,0,0,1,0,1,0,0,1,0,0,0,0,0,1,0,0,0
car_d427f81c_jpg.rf.f3714ccb78c7ed92cbac79760836b9a4.jpg,0,0,0,0,0,0,0,0,0,0,0,0,1,0,0,1,0,1,0,0,0,0,0,0,0,0,1,0,0,0
car_1d4ea261_jpg.rf.6781740f1d58f7b817699d84737acfaf.jpg,0,0,0,0,0,0,0,0,0,0,0,0,0,0,0,1,0,1,0,0,0,0,0,0,0,0,1,0,1,0
car_c2546122_jpg.rf.a73c02cc9c1ecaef21863f38e0e0f46a.jpg,0,0,0,0,0,0,0,0,0,0,0,0,1,0,0,1,0,1,0,0,0,1,0,0,0,0,0,0,0,0
car_ba91b9ab_jpg.rf.63117b4a675748bf5d398e07cdec168a.jpg,0,0,0,0,0,0,0,0,0,0,0,0,0,0,1,1,0,0,0,0,0,0,1,0,0,0,1,0,0,0
car_b81b8bc8_jpg.rf.3bbc1c957e64500be9ae04fc69f19565.jpg,0,0,0,0,0,0,0,0,0,0,0,0,0,0,0,1,1,1,0,0,0,0,0,0,0,0,0,0,1,0
car_06b26754_jpg.rf.c24c19176f0b1357d521c123a59e3676.jpg,0,0,0,0,0,0,0,0,0,0,1,0,1,0,0,1,0,1,0,0,0,0,0,0,0,0,0,0,0,0
car_b5690cbc_jpg.rf.1cb9007a8c1ad1a7c609d108c5f5a057.jpg,0,0,0,0,0,0,0,0,0,0,0,0,0,0,0,1,0,1,0,0,0,0,0,0,0,0,1,0,1,0
car_d2ea7d95_jpg.rf.47b8bc56b0764fb8326139bc1297ebd8.jpg,0,0,0,0,0,0,0,0,0,0,1,0,1,0,0,1,0,1,0,0,0,0,0,0,0,0,0,0,0,0
car_0b7a03cc_jpg.rf.20b39a175e248eacb2c90e0a29c7ec00.jpg,0,0,0,0,0,0,0,0,0,0,0,0,0,0,0,1,0,1,0,0,0,0,0,1,0,0,1,0,0,0
car_bdb8f489_jpg.rf.a40a7709ad6518780e153aab7304d440.jpg,0,0,0,1,0,0,0,0,0,0,0,0,0,0,0,1,0,1,0,0,0,0,0,0,0,0,0,0,1,0
car_1d85aada_jpg.rf.7de18e7efbf8e3c5e97f9eeeff12d449.jpg,0,0,0,0,0,0,0,0,0,0,0,0,1,0,0,1,1,1,0,0,0,0,0,0,0,0,0,0,0,0
car_b864b245_jpg.rf.48650e82f7ef96c54fd5a995ce1f544f.jpg,0,0,0,0,0,0,0,0,0,0,1,0,1,0,0,1,0,1,0,0,0,0,0,0,0,0,0,0,0,0
car_c1ec7cb4_jpg.rf.2ac015c70c63f4848d3521503412d0e1.jpg,0,0,0,1,0,0,0,0,0,0,0,0,0,0,0,1,0,1,0,0,0,0,0,0,0,0,0,0,1,0
car_0eac5278_jpg.rf.caf242768fc5a0866f7700139ae5b7f6.jpg,0,0,0,0,0,0,0,0,0,0,0,0,0,0,0,1,0,1,0,0,1,1,0,0,0,0,0,0,0,0
car_ab163dba_jpg.rf.3752b7e20ec878468abd4ab8188d623a.jpg,0,0,0,0,0,0,0,0,0,0,0,0,0,0,0,1,0,0,0,0,0,0,1,0,0,1,0,0,1,0
car_1263c5d1_jpg.rf.5f726c354995132f17ec9b9dd6bd921b.jpg,0,0,0,0,0,0,0,0,0,0,0,0,0,0,0,1,0,1,0,0,0,0,0,1,0,0,1,0,0,0
car_0daa884f_jpg.rf.ec4bb77ccce429878f252ff50d9cde0d.jpg,0,0,0,0,0,0,0,1,0,0,0,0,1,0,0,1,0,1,0,0,0,0,0,0,0,0,0,0,0,0
car_0b64feb3_jpg.rf.265ba8364281fba3f108b9da236c3404.jpg,0,0,0,0,0,0,0,0,0,0,0,0,0,0,0,1,0,1,0,0,0,0,0,0,0,0,1,0,1,0
car_0bc101e6_jpg.rf.df27cc9d6dd5b2d883cbb5652b44310a.jpg,0,0,0,0,0,0,0,0,0,0,0,0,0,0,0,1,0,1,0,0,0,0,0,0,0,0,1,0,1,0
car_0d7d12bb_jpg.rf.068dbade5b810713f7f0aa6192d41366.jpg,0,0,0,0,0,0,0,0,0,0,0,0,1,0,0,1,0,1,0,0,0,0,0,0,1,0,0,0,0,0
car_d32b76c3_jpg.rf.b02261ad6d48cebd54e8929e4e585398.jpg,0,0,0,0,0,0,0,0,0,0,0,0,1,0,0,1,0,1,0,0,0,0,0,0,1,0,0,0,0,0
car_bfa5cd29_jpg.rf.1693d368bde90b198a7f345b14d8521a.jpg,0,0,0,0,0,0,0,0,0,0,0,0,0,0,0,1,0,1,0,0,1,0,0,0,1,0,0,0,0,0
car_15ec122b_jpg.rf.11c53e705e75a078620d344048581f49.jpg,0,0,0,0,0,0,0,0,0,0,0,0,0,0,0,1,0,1,0,0,0,0,0,0,0,1,0,0,1,0
car_d5b7cec0_jpg.rf.01055b5874fa131f2d8f3a04ec00b8c8.jpg,0,0,0,0,0,0,0,0,0,0,0,0,0,0,0,1,0,1,0,0,1,0,0,0,0,0,1,0,0,0
car_0d49ef1a_jpg.rf.590a329410d88181e5302bfb4b81c43c.jpg,0,0,0,0,0,0,0,0,0,0,0,0,0,0,0,1,1,1,0,0,0,0,0,0,0,0,0,0,1,0
car_d450b5b8_jpg.rf.488cc5b74f1b58df1e492cb87ca33721.jpg,1,0,0,0,0,0,0,0,0,0,0,0,0,1,0,1,0,0,0,0,0,0,0,0,0,0,0,0,0,0
car_be2237ef_jpg.rf.37e7d75aa347041e5dc5c92ee2a16977.jpg,0,0,0,0,0,0,0,0,0,0,0,0,0,0,0,1,0,1,0,0,0,0,0,0,0,1,0,0,1,0
car_100affc4_jpg.rf.af2a63f233ae796c0346f119c4b4a8a2.jpg,0,0,0,0,0,0,0,0,0,0,0,0,1,0,0,1,0,1,0,0,0,1,0,0,0,0,0,0,0,0
car_138f3cf7_jpg.rf.2cc51ad39f87fd9dcdbf8aa1df638c7c.jpg,0,0,0,0,0,0,0,0,0,0,0,0,0,1,0,1,0,1,0,0,0,0,0,0,0,0,1,0,0,0
car_c214b311_jpg.rf.2e0beb9e81719515d952b0bd4dbab742.jpg,0,0,0,0,0,0,0,0,0,0,0,0,0,0,0,1,0,1,0,0,1,0,0,0,0,0,1,0,0,0
car_109fbce1_jpg.rf.13153f1ce50cafafd9e4bafa2aa289a3.jpg,0,0,0,0,0,0,0,0,0,0,0,0,0,0,0,1,0,1,0,0,0,0,0,0,0,0,1,0,1,0
car_e00dcc03_jpg.rf.6f460585acdee79af548cef4f6464e64.jpg,0,0,0,0,0,0,0,0,0,0,0,0,0,0,0,1,1,1,0,0,0,0,0,0,0,0,0,0,1,0
car_0a9e0ed6_jpg.rf.57377d8fd3f1ab6549efdfcf0778a89b.jpg,0,0,0,0,0,0,0,0,0,0,0,0,0,0,0,1,1,1,0,0,0,0,0,0,0,0,0,0,1,0
car_115373fc_jpg.rf.a4abf2a9dc9f44171c94bac0a16daec3.jpg,0,0,0,0,0,0,0,0,0,0,0,0,0,0,0,1,0,1,0,0,1,0,0,0,1,0,0,0,0,0
car_141ddae3_jpg.rf.3c23d3188b556cf78d98b25ddc1942e0.jpg,0,0,0,0,0,0,0,1,0,0,0,0,0,0,0,1,0,1,0,0,1,0,0,0,0,0,0,0,0,0
car_18cb9e17_jpg.rf.829e3f89a7ea720c94d536a0e9534f6e.jpg,0,0,0,0,0,0,0,0,0,0,0,0,0,0,0,1,0,1,0,0,0,0,0,0,0,0,1,0,1,0
car_add16b0d_jpg.rf.47fe94089577e866e23b4896f81764de.jpg,0,0,0,0,0,0,0,0,0,0,0,0,1,0,0,1,0,1,0,0,0,1,0,0,0,0,0,0,0,0
car_ae6393a7_jpg.rf.05c1216499fd5e04bf94895217efcd77.jpg,0,0,0,0,0,0,0,1,0,0,0,0,1,0,0,1,0,1,0,0,0,0,0,0,0,0,0,0,0,0
car_add3c5c8_jpg.rf.261b529c820fc33c16041a3b3681b8f4.jpg,0,0,0,0,0,0,0,0,0,0,0,0,0,0,0,1,0,1,0,0,1,0,0,0,0,0,1,0,0,0
car_d5d3517d_jpg.rf.3aad1b5c24b3d9656241a32b99f6d21f.jpg,0,0,0,0,0,0,0,0,0,0,0,0,0,0,0,1,0,1,0,0,0,0,0,0,0,0,1,0,1,0
car_0b1c26d6_jpg.rf.6de6865bb89dbd1bdf2167cb2737261a.jpg,0,0,0,0,0,0,0,0,0,0,0,0,0,0,0,1,0,1,0,0,0,0,0,0,1,0,0,0,1,0
car_afe2ea9a_jpg.rf.ea15ef44a239fd696271217d4fed375f.jpg,0,0,0,0,0,0,0,0,0,0,1,0,1,0,0,1,0,1,0,0,0,0,0,0,0,0,0,0,0,0
car_e01685d1_jpg.rf.4295991a2141f2fc2b335dd68691c213.jpg,0,0,0,0,0,0,0,0,0,0,0,0,0,0,0,1,0,0,0,0,0,0,1,0,0,0,1,0,1,0
car_11b7bff3_jpg.rf.b6862743e2109b2aca5f42fa66cf9a83.jpg,0,0,0,0,0,0,0,0,0,0,0,1,1,0,0,1,0,1,0,0,0,0,0,0,0,0,0,0,0,0
car_1c337a8b_jpg.rf.b345a5dcc22e2e8c35f3b28e6f6fa0a1.jpg,0,0,0,0,0,0,0,0,0,0,0,0,0,0,0,1,0,1,0,0,0,0,0,0,0,0,1,0,1,0
car_231cf5ee_jpg.rf.f3c78db5f3ee53b01d5cabe299d62219.jpg,0,0,0,0,0,0,0,0,0,0,0,0,1,0,0,1,0,1,0,0,0,0,0,0,0,0,1,0,0,0
car_26a425cb_jpg.rf.565355197c93dae55af1b65f622f1bf7.jpg,0,0,0,0,0,0,0,0,0,0,0,0,0,0,0,1,0,1,0,0,1,0,0,0,1,0,0,0,0,0
car_26492075_jpg.rf.3a2af853c2bee3239d485bc31a5e661e.jpg,0,0,0,0,0,0,0,0,0,0,0,0,0,0,0,1,0,1,0,0,0,0,0,0,0,0,1,0,1,0
car_ac14b21b_jpg.rf.8919f1f07c913ca14154ced6aec309ac.jpg,0,0,1,0,0,0,0,0,0,0,0,0,1,0,0,1,0,1,0,0,0,0,0,0,0,0,0,0,0,0
car_26778327_jpg.rf.7683712ce3a91c2c86f41684377a12cc.jpg,0,0,0,0,0,0,0,0,0,0,0,0,1,0,0,1,0,1,0,0,0,0,0,0,0,1,0,0,0,0
car_11fba8b8_jpg.rf.215382a3c149bb6ff0860f785bf4e87b.jpg,0,0,0,1,0,0,0,0,0,0,0,0,0,0,0,1,0,1,0,0,0,0,0,0,0,0,0,0,1,0
car_d4284619_jpg.rf.85fa947237db9d86123ff87a1bddd581.jpg,0,0,0,1,0,0,0,0,0,0,0,0,0,0,0,1,0,1,0,0,1,0,0,0,0,0,0,0,0,0
car_e00ae6c4_jpg.rf.65fb3835cd67c1d275ccf11c9063965b.jpg,0,0,0,0,0,0,0,0,0,0,0,0,1,0,0,1,0,1,0,0,0,0,0,0,0,0,1,0,0,0
car_c1fb035f_jpg.rf.4dbf8c8fa9cc80148e7b953c0f238501.jpg,0,0,0,0,0,0,0,0,0,0,0,0,0,0,0,1,0,1,0,0,1,0,0,0,0,0,1,0,0,0
car_1999e36d_jpg.rf.17a2131cb7caacc07eb0380adc23639a.jpg,0,0,0,0,0,0,0,1,0,0,0,0,0,0,0,1,0,1,0,0,1,0,0,0,0,0,0,0,0,0
car_bfd551e9_jpg.rf.86a61e169a5c78cabf237e9d50c52f71.jpg,0,0,0,0,0,0,0,0,0,0,0,0,0,0,0,1,0,1,0,0,1,0,0,0,1,0,0,0,0,0
car_11fe22ed_jpg.rf.259a2427f54562980d4f07642e3a2d86.jpg,0,0,0,0,0,0,0,1,0,0,0,0,0,0,0,1,0,1,0,0,0,0,0,0,0,0,0,0,1,0
car_de95307e_jpg.rf.fde8895a1ca687f3ff39cb65f7c59b76.jpg,0,0,0,0,0,0,0,0,0,0,0,0,0,1,0,1,0,0,0,0,0,0,1,0,0,0,1,0,0,0
car_dfccb4c3_jpg.rf.5d70bc4cef2f38ba9a85d1c49985c01a.jpg,0,0,0,0,0,0,0,0,0,0,0,0,0,0,0,1,0,1,0,0,0,0,0,0,0,0,1,0,1,0
car_ddab8af7_jpg.rf.7db08d96afcce4a83248aca26ac3bcf2.jpg,0,0,0,0,0,0,0,0,0,0,0,0,0,1,0,1,1,1,0,0,0,0,0,0,0,0,0,0,0,0
car_18923855_jpg.rf.ffe30366b4ac9baebd37b805a6747349.jpg,0,0,0,0,0,0,0,0,0,0,0,0,0,0,0,1,0,1,0,0,0,0,0,0,1,0,0,0,1,0
car_d814f554_jpg.rf.31ad5a4c7a882048c70029df6b3ab9fc.jpg,0,0,0,0,0,0,0,0,0,0,0,0,0,0,0,1,0,1,0,0,1,0,0,0,1,0,0,0,0,0
car_122b66da_jpg.rf.958684d182a29605c0a255ed65cb75ea.jpg,0,0,0,0,0,0,0,0,0,0,0,0,0,0,0,1,0,1,0,0,1,0,0,0,0,0,1,0,0,0
car_bfe4b3e7_jpg.rf.5d2a5c5e0a8bedb1a4d4f9f154a991ee.jpg,0,0,0,0,0,0,0,0,0,0,0,0,1,0,0,1,0,0,0,0,0,0,1,0,1,0,0,0,0,0
car_33f931bf_jpg.rf.1686510297e66cf2c0c8831229b7a340.jpg,0,0,0,0,0,0,0,0,0,0,0,0,0,0,0,1,0,1,0,0,0,0,0,0,0,0,1,0,1,0
car_f76c417e_jpg.rf.5b174b4300d7351f12ce7bde42e7d6eb.jpg,0,0,0,0,0,0,0,0,0,0,0,0,0,0,0,1,0,0,0,0,0,0,1,0,1,0,0,0,1,0
car_12214502_jpg.rf.7bac06659966e671ab4230ee1c380763.jpg,0,0,0,0,0,0,0,0,0,0,0,0,0,0,0,1,0,1,0,0,1,1,0,0,0,0,0,0,0,0
car_df877a01_jpg.rf.3216ae1a436a96d3732f00876a02ec5f.jpg,0,0,0,0,0,0,0,0,0,0,0,0,0,0,0,1,0,1,0,0,0,0,0,0,0,0,1,0,1,0
car_0d5824d2_jpg.rf.64441d34b0e222e9f84161db88b46454.jpg,0,0,0,0,0,0,0,0,0,0,0,0,1,0,0,1,0,1,0,0,0,0,0,0,0,1,0,0,0,0
car_1b19c5dc_jpg.rf.1dd000b8f28852d8e579c89739cb6a09.jpg,0,0,0,0,0,0,0,0,0,0,0,0,1,0,0,1,0,1,0,0,0,0,0,0,1,0,0,0,0,0
car_e2605b29_jpg.rf.f2bef7ed8b7c2303791cfb6cae705904.jpg,0,0,0,0,0,0,0,0,0,0,0,0,0,0,0,1,0,1,0,0,0,0,0,0,0,1,0,0,1,0
car_fc7cb0cf_jpg.rf.31fc591844eaad44bc11b50241599860.jpg,0,0,0,0,0,0,0,0,0,0,0,0,0,0,0,1,0,1,0,0,0,0,0,0,0,0,1,0,1,0
car_29284998_jpg.rf.07d1b43ee1e18f987d667b9e80c929ff.jpg,0,0,0,0,0,0,0,0,0,0,0,0,0,0,0,1,0,1,0,0,0,0,0,0,0,1,0,0,1,0
car_25a123d5_jpg.rf.ab38d9793d477a639e53c2dbd63cd9bd.jpg,0,0,1,0,0,0,0,0,0,0,0,0,1,0,0,1,0,1,0,0,0,0,0,0,0,0,0,0,0,0
car_2bb9b947_jpg.rf.0b2877faa84a3c897e45edaac5648ab4.jpg,0,0,0,0,0,0,0,0,0,0,0,0,0,0,0,1,0,1,0,0,1,1,0,0,0,0,0,0,0,0
car_df70f02d_jpg.rf.bb9096cc43b7e67b0859744d8ee57986.jpg,0,0,0,0,0,0,0,0,0,0,0,1,0,0,0,1,0,1,0,0,0,0,0,1,0,0,0,0,0,0
car_1c4abfd4_jpg.rf.33cf85fbacca7c9857e27e46ec623e4e.jpg,0,0,0,0,0,0,0,0,0,0,0,0,0,0,0,1,0,1,0,0,1,0,0,0,1,0,0,0,0,0
car_e64a59f6_jpg.rf.bba336a18dfe71f80cae4156d354e5fd.jpg,0,0,0,1,0,0,0,0,0,0,0,0,0,0,0,1,0,1,0,0,0,0,0,0,0,0,0,0,0,1
car_e2ba99e4_jpg.rf.11392814cc6340afe232e13ee757889f.jpg,0,0,0,0,0,0,0,0,0,0,0,0,0,0,0,1,0,1,0,0,0,0,0,1,0,0,1,0,0,0
car_f7a66d3b_jpg.rf.1831ed764652e8e26c8b75f0d7a63ae0.jpg,0,0,0,0,0,0,0,0,0,0,0,0,0,1,0,1,0,1,0,0,0,0,0,0,0,1,0,0,0,0
car_dea43e23_jpg.rf.5ee71144c0595a895b0d1a3d42b606db.jpg,0,0,0,0,0,0,0,0,0,0,0,0,1,0,0,1,0,1,0,0,0,0,0,0,0,1,0,0,0,0
car_20302a2e_jpg.rf.bedbec33eeb7c8562cfb14f79189748e.jpg,0,0,0,0,0,0,0,0,0,0,0,0,1,0,0,1,0,1,0,0,0,0,0,0,0,1,0,0,0,0
car_2c54ca0c_jpg.rf.f2cb107e4b51d29e2fca77b2c3064942.jpg,0,0,0,1,0,0,0,0,0,0,0,0,1,0,0,1,0,1,0,0,0,0,0,0,0,0,0,0,0,0
car_2e392da4_jpg.rf.e896c6b4508fbe266c9efeffbcb9b0e9.jpg,0,0,0,0,0,0,0,0,0,0,0,1,1,0,0,1,0,1,0,0,0,0,0,0,0,0,0,0,0,0
car_26f1ba44_jpg.rf.f13a807c3a2359a7557757c7cb77ba5a.jpg,1,0,0,0,0,0,0,0,0,0,0,0,1,0,0,1,0,1,0,0,0,0,0,0,0,0,0,0,0,0
car_1c8b83b0_jpg.rf.2f1673afe4766a0be2ea6d7bedd5e291.jpg,0,0,0,0,0,0,0,0,0,0,0,0,1,0,0,1,0,1,0,0,0,1,0,0,0,0,0,0,0,0
car_2b016690_jpg.rf.f911222f8c3f6b3017b75dacb12aee77.jpg,0,0,0,0,0,0,0,0,0,0,0,0,0,0,0,1,0,1,0,0,1,1,0,0,0,0,0,0,0,0
car_1a7e6908_jpg.rf.97177b66ace4cf681540b83e8b8e00b2.jpg,0,0,0,0,0,0,0,0,0,0,0,0,1,0,0,1,0,1,0,0,0,1,0,0,0,0,0,0,0,0
car_e3f51f3e_jpg.rf.317dcd07cdf48fa0548e4893efc28328.jpg,0,0,0,0,0,0,0,0,0,0,0,0,0,0,0,1,0,1,0,0,0,0,0,0,1,0,0,0,1,0
car_336b9d4e_jpg.rf.99396e79d0fba8445b01489225602eb5.jpg,0,0,0,0,0,0,0,0,0,0,0,0,0,0,0,1,0,1,0,0,1,0,0,0,0,0,1,0,0,0
car_e35fdba1_jpg.rf.67719504df9379fde890b132a7a3e302.jpg,0,0,0,0,0,0,0,0,0,0,0,1,1,0,0,1,0,1,0,0,0,0,0,0,0,0,0,0,0,0
car_da684872_jpg.rf.6a8864016ef426e459fca3c99a14f7aa.jpg,0,0,0,0,0,0,0,0,0,0,0,1,0,0,0,1,0,1,0,0,0,0,0,0,0,0,0,0,1,0
car_d6999dd8_jpg.rf.5c3f940a17f05fb4774abffd4f1f4030.jpg,0,0,0,0,0,0,0,0,0,0,0,0,0,1,0,1,0,1,0,0,0,0,0,0,1,0,0,0,0,0
car_d90c85ce_jpg.rf.c44843b0858c933d88062449733c163c.jpg,0,0,0,0,0,0,0,0,0,0,0,0,1,0,0,1,0,1,0,0,0,1,0,0,0,0,0,0,0,0
car_fc8548d9_jpg.rf.73bf63c6994980d34521263489b58d6f.jpg,0,0,0,0,0,0,0,0,0,0,0,0,1,0,0,1,1,1,0,0,0,0,0,0,0,0,0,0,0,0
truck_c61c1576_jpg.rf.7cba6da231302a2ea78d50f0ea204923.jpg,0,0,0,0,0,0,0,0,0,0,1,0,1,0,0,1,0,1,0,0,0,0,0,0,0,0,0,0,0,0
car_f7d36978_jpg.rf.0c6d5065a60c842006a2ce42c570478a.jpg,0,0,0,0,0,0,0,0,0,0,0,0,0,0,0,1,0,1,0,0,0,0,0,0,0,0,1,0,1,0
car_e7091d90_jpg.rf.717b80f6df0ce8dc03adccad6624527f.jpg,0,0,0,0,0,0,0,0,0,0,0,0,0,0,0,1,0,1,0,0,0,0,0,1,0,0,1,0,0,0
truck_8541de59_jpg.rf.28757dd32400dea0f82a1ae65fd52bfb.jpg,0,0,0,0,0,0,0,0,0,0,0,0,0,1,0,1,0,0,0,0,0,0,1,0,1,0,0,0,0,0
car_f8c6d165_jpg.rf.7ed85e4a6e3abc5f219140b120ea13c4.jpg,0,0,1,0,0,0,0,0,0,0,0,0,1,0,0,1,0,1,0,0,0,0,0,0,0,0,0,0,0,0
car_774edd79_jpg.rf.8a6aeccf36ff554a969f65b9b8ae4498.jpg,0,0,0,0,0,0,0,0,0,0,0,0,0,0,0,1,0,1,0,0,0,0,0,0,1,0,0,0,1,0
car_fc4a5ba4_jpg.rf.76219d89e4068bbaaeacd734db064e2c.jpg,0,0,0,0,0,0,0,0,0,0,0,0,1,0,0,1,0,1,0,0,0,0,0,0,1,0,0,0,0,0
car_3064332f_jpg.rf.3d90c5029ab17a4c3946b95c67e41011.jpg,0,0,0,0,0,0,0,0,0,0,0,0,0,0,0,1,0,1,0,0,1,0,0,0,1,0,0,0,0,0
car_d831b762_jpg.rf.ecb740955e5c8e54aa64c85e8d2d6f2b.jpg,0,0,0,0,0,0,0,0,0,0,0,0,1,0,0,1,0,1,0,0,0,1,0,0,0,0,0,0,0,0
car_2b692003_jpg.rf.963f2fae6a574eb57d5f338dd2188fb2.jpg,0,0,0,0,0,0,0,0,0,0,1,0,1,0,0,1,0,1,0,0,0,0,0,0,0,0,0,0,0,0
car_2d9559d2_jpg.rf.22215b3060d1b4cf00f84e00e91b9184.jpg,0,0,0,0,0,0,0,0,0,0,0,0,1,0,0,1,0,1,0,0,0,0,0,0,1,0,0,0,0,0
car_e4772156_jpg.rf.d0bd4241ec70d59a90dd49aae1feb791.jpg,0,0,0,0,0,0,0,0,0,0,0,0,1,0,0,1,0,1,0,0,0,1,0,0,0,0,0,0,0,0
car_cda34b7b_jpg.rf.0fabd7a40b8b36b8a6e015bf60ec3160.jpg,0,0,0,1,0,0,0,0,0,0,0,0,0,0,0,1,0,1,0,0,1,0,0,0,0,0,0,0,0,0
truck_5e3276c4_jpg.rf.299768d9e79b41933e00d7ecb5ccf243.jpg,0,0,0,0,0,0,0,1,0,0,0,0,0,0,0,1,0,0,0,0,0,0,1,0,0,0,0,0,1,0
car_cde417f3_jpg.rf.f54e93626b36718db1c3a504fdfd255e.jpg,0,0,0,0,0,0,0,0,0,0,0,0,1,0,0,1,1,1,0,0,0,0,0,0,0,0,0,0,0,0
car_88745d07_jpg.rf.7a6824edf8088160cbe6f707e038b62e.jpg,0,0,0,0,0,0,0,0,0,0,0,0,1,0,0,1,0,1,0,0,0,0,0,0,1,0,0,0,0,0
car_cf3999ec_jpg.rf.c33d4fa07b79658886032cabddeff2d9.jpg,0,0,0,0,0,0,0,0,0,0,0,0,0,0,0,1,1,1,0,0,0,0,0,0,0,0,0,0,1,0
car_fa393743_jpg.rf.73da043c7356a832f212767f716fb31b.jpg,0,0,0,0,0,0,0,0,0,0,0,0,1,0,0,1,0,1,0,0,0,1,0,0,0,0,0,0,0,0
car_3204b907_jpg.rf.1667135cf9ed7a8964f28fe12b5e0aad.jpg,0,0,0,0,0,0,0,0,0,0,1,0,1,0,0,1,0,1,0,0,0,0,0,0,0,0,0,0,0,0
car_ce893d7c_jpg.rf.2fcd7b80a49140358776c3cf5dcd5348.jpg,0,0,1,0,0,0,0,0,0,0,0,0,1,0,0,1,0,1,0,0,0,0,0,0,0,0,0,0,0,0
truck_1033994c_jpg.rf.b320a966ca1261e34a6bc03fd807ef0b.jpg,0,0,0,0,0,0,0,0,0,1,0,0,0,0,0,1,0,1,0,1,0,0,0,0,0,0,0,0,0,0
car_e8a0946b_jpg.rf.74246ff7257fbf2f8363decceaa82b6c.jpg,0,0,0,1,0,0,0,0,0,0,0,0,0,0,0,1,0,1,0,0,1,0,0,0,0,0,0,0,0,0
car_1c599c26_jpg.rf.ea0c2aafff0269343edd06aea6158dbf.jpg,0,0,0,0,0,0,0,0,0,0,0,0,0,0,0,1,0,1,0,0,1,0,0,0,1,0,0,0,0,0
truck_a3a608e2_jpg.rf.1393927f73b6c53ebdf51eb1c25dbd47.jpg,0,0,0,0,0,1,0,0,0,0,0,0,0,0,0,1,0,1,0,0,1,0,0,0,0,0,0,0,0,0
car_ed145448_jpg.rf.cc93dfbd2756c6f1a93c4ce0e9803227.jpg,0,0,0,0,0,0,0,0,0,0,0,1,0,0,0,1,0,1,0,0,0,0,0,0,0,0,0,0,1,0
car_fab594f2_jpg.rf.bf428dcc80125750bd36afa9b2eb7e0d.jpg,0,0,0,0,0,0,0,0,0,0,0,0,0,0,0,1,0,1,0,0,0,0,0,0,0,0,1,0,1,0
car_77b70286_jpg.rf.38e999b980ab04a5b89e84d2d4e3a25a.jpg,0,0,0,0,0,0,0,0,0,0,0,0,1,0,0,1,0,1,0,0,0,0,0,0,1,0,0,0,0,0
car_ec4abe8b_jpg.rf.9c3b277b5ca89eef168fe6fc04d79bbf.jpg,0,0,0,0,0,0,0,0,0,0,0,0,0,0,0,1,0,1,0,0,0,0,0,1,0,0,1,0,0,0
car_6f1eed13_jpg.rf.8f5a9c0b2d47fc336f13eac469181c34.jpg,0,1,0,0,0,0,0,0,0,0,0,0,1,0,0,1,0,1,0,0,0,0,0,0,0,0,0,0,0,0
car_f6d10111_jpg.rf.5adbec22fabd003238992f4471e0f7b6.jpg,0,0,0,0,0,0,0,0,0,0,0,0,0,1,0,1,0,0,0,0,0,0,1,0,1,0,0,0,0,0
car_89ed77cc_jpg.rf.e1d8f1437f2cdce8f44660904cbf8839.jpg,0,0,0,0,0,0,0,0,0,0,0,0,1,0,0,1,0,1,0,0,0,0,0,0,1,0,0,0,0,0
car_3121ed03_jpg.rf.0036576a8b928f42acb2a439700b8812.jpg,0,0,0,0,0,0,0,0,0,0,0,0,0,1,0,1,0,0,0,0,0,0,1,0,1,0,0,0,0,0
truck_73b6797a_jpg.rf.f9abbe76132a13ec95b0b680fbc86f5c.jpg,0,0,0,0,0,1,0,0,0,0,0,0,0,0,0,1,0,1,0,0,1,0,0,0,0,0,0,0,0,0
car_f4ead592_jpg.rf.93f59e2eef49547135f0773e698a104c.jpg,0,0,0,0,0,0,0,0,0,0,0,0,0,1,0,1,1,1,0,0,0,0,0,0,0,0,0,0,0,0
car_911871d1_jpg.rf.0635d125fcdfe7d03b48b2200a47d60d.jpg,0,0,0,0,0,0,0,0,0,0,0,0,0,0,0,1,0,1,0,0,0,0,0,0,0,0,1,0,1,0
car_ea5366b0_jpg.rf.651fe97c252e81679630ce0b54472f59.jpg,0,0,0,0,0,0,0,0,0,0,0,0,1,0,0,1,0,1,0,0,0,0,0,0,1,0,0,0,0,0
car_ec3c849f_jpg.rf.d5c3f2877d1d5b4a1a83cd1b1b2f7412.jpg,0,0,1,0,0,0,0,0,0,0,0,0,1,0,0,1,0,1,0,0,0,0,0,0,0,0,0,0,0,0
car_e9905523_jpg.rf.0edcc96aff89e59f6149c3188767c834.jpg,0,0,0,0,0,0,0,0,0,0,0,0,0,0,0,1,0,1,0,0,0,0,0,0,1,0,0,0,1,0
car_794c7532_jpg.rf.9c9bc9745b9acaaf16cf203d0dabccb7.jpg,0,0,0,0,0,0,0,0,0,0,0,0,0,1,0,1,0,1,0,0,0,0,0,0,0,0,1,0,0,0
car_2835fad5_jpg.rf.86b7a29c9348e3824b169b9307857feb.jpg,0,0,0,0,0,0,0,0,0,0,1,0,1,0,0,1,0,1,0,0,0,0,0,0,0,0,0,0,0,0
car_f78ad7bc_jpg.rf.623619b312e871f793efc5c3253d3065.jpg,0,0,0,0,0,0,0,0,0,0,0,0,1,0,0,1,0,1,0,0,0,0,0,0,1,0,0,0,0,0
car_8515880d_jpg.rf.3f9b6d5683c39a645cee40eb4ec83f9a.jpg,0,0,0,0,0,0,0,0,0,0,0,0,0,0,0,1,0,1,0,0,0,0,0,0,1,0,0,0,1,0
car_85200c4c_jpg.rf.fc4f4f2fe061ded17a49333de4e3f030.jpg,0,0,0,0,0,0,0,0,0,0,1,0,1,0,0,1,0,1,0,0,0,0,0,0,0,0,0,0,0,0
car_fe586daf_jpg.rf.2d220a89e57f56f044b9e452a27a8d09.jpg,0,0,0,0,0,0,0,0,0,0,1,0,0,0,0,1,0,1,0,0,1,0,0,0,0,0,0,0,0,0
car_1b922880_jpg.rf.3733e8baed39235615a81c9b872a2db6.jpg,0,0,0,0,0,0,0,0,0,0,0,0,0,0,0,1,0,1,0,0,1,0,0,0,0,0,1,0,0,0
car_8b70c712_jpg.rf.6a9b8f10263123b7454d8cb6a22efbd1.jpg,0,0,0,0,0,0,0,0,0,0,0,0,0,0,0,1,0,1,0,0,0,0,0,1,0,0,1,0,0,0
car_84d19b50_jpg.rf.8f80cb9d102c07e4b5c75cdf3b7bbee0.jpg,0,0,0,0,0,0,0,0,0,0,0,0,1,0,0,1,1,1,0,0,0,0,0,0,0,0,0,0,0,0
car_ecea4c88_jpg.rf.b6cc3ce125602775cd8b2be4c5bfa204.jpg,0,0,0,0,0,0,0,0,0,0,0,0,0,0,0,1,0,1,0,0,1,0,0,0,1,0,0,0,0,0
car_8ea1dfe6_jpg.rf.ae2d9b4459b07a7944f8d0260d20ab03.jpg,0,0,0,0,0,0,0,0,0,0,0,0,0,0,0,1,0,1,0,0,1,1,0,0,0,0,0,0,0,0
car_86ce66fc_jpg.rf.60d4018581f8022ea828ece783148da9.jpg,0,0,0,0,0,0,0,0,0,0,0,0,0,0,0,1,0,1,0,0,1,0,0,0,0,0,1,0,0,0
car_ce2eab2b_jpg.rf.52e7ee0acda8efb0284c1b47ae5b2b4b.jpg,0,0,0,0,0,0,0,0,0,0,0,0,1,0,0,1,0,1,0,0,0,0,0,0,0,1,0,0,0,0
car_ef11e929_jpg.rf.7066b5912ee23e674fa188f85c56e724.jpg,0,0,0,0,0,0,0,0,0,0,0,0,1,0,0,1,0,1,0,0,0,0,0,0,0,1,0,0,0,0
car_8ddf516f_jpg.rf.f117879258498e578784fe853e02d675.jpg,0,0,0,0,0,0,0,0,0,0,0,0,1,0,0,1,0,1,0,0,0,0,0,0,0,1,0,0,0,0
car_ee82faa7_jpg.rf.b569205d66f7b331f47f601caf68a004.jpg,0,0,0,0,0,0,0,0,0,0,0,0,0,0,0,1,0,1,0,0,1,0,0,0,1,0,0,0,0,0
car_9bce7484_jpg.rf.36e2915de1fc052f46f4e1ea6ef12aa5.jpg,0,0,0,0,0,0,0,0,0,0,0,0,0,0,0,1,0,1,0,0,1,1,0,0,0,0,0,0,0,0
car_0cc34572_jpg.rf.b4cc4707d6e2ae6472b07cb2c807466a.jpg,0,0,0,0,0,0,0,0,0,0,0,0,0,0,0,1,0,1,0,0,0,0,0,0,1,0,0,0,1,0
car_8fb33089_jpg.rf.528489dae893cbe125da7992399e74fe.jpg,0,0,0,0,0,0,0,0,0,0,0,0,0,0,0,1,0,1,0,0,0,0,0,0,0,0,1,0,1,0
car_771131ef_jpg.rf.189627a9abe889c1a93d0ccb2a91b40d.jpg,0,0,0,0,0,0,0,0,0,0,0,0,1,0,0,1,1,1,0,0,0,0,0,0,0,0,0,0,0,0
car_6fb6cde8_jpg.rf.93646507e9059350819f5bc739aedd76.jpg,0,0,0,0,0,0,0,0,0,0,1,0,0,0,0,1,0,1,0,0,0,0,0,0,0,0,0,0,1,0
car_888bdf32_jpg.rf.db39e4bb8dd0d8642666b50a6c8e5b16.jpg,0,0,0,0,0,0,0,0,0,0,0,0,0,0,0,1,0,1,0,0,0,0,0,0,0,0,1,0,1,0
car_ee491b3b_jpg.rf.2e9e37969ba5c5be943cfe13d1e4a313.jpg,0,0,0,0,0,0,0,0,0,0,0,0,0,0,0,1,0,1,0,0,0,0,0,0,0,0,1,0,1,0
car_f6c908bb_jpg.rf.603aec80bdb9764f9930bd52584db7c3.jpg,0,0,1,0,0,0,0,0,0,0,0,0,1,0,0,1,0,1,0,0,0,0,0,0,0,0,0,0,0,0
car_8a796c9a_jpg.rf.d25d2f8484f4ae16a6d1cba561f00bad.jpg,0,0,0,0,0,0,0,0,0,0,0,0,0,0,0,1,0,1,0,0,1,0,0,0,0,0,1,0,0,0
car_90b24584_jpg.rf.f397789e51fd0ec7c93abc0fe71d426d.jpg,0,0,0,0,0,0,0,0,0,0,0,0,0,0,0,1,0,1,0,0,0,0,0,0,0,0,1,0,1,0
car_9b85bf51_jpg.rf.04cf8eae8d1dd789732bfe54db672f43.jpg,0,0,0,0,0,0,0,0,0,0,0,0,1,0,0,1,0,1,0,0,0,1,0,0,0,0,0,0,0,0
car_7056b53c_jpg.rf.b22e62172f7464525c781d083767e5f9.jpg,0,0,0,0,0,0,0,0,0,0,0,0,0,0,0,1,0,1,0,0,1,0,0,0,0,0,1,0,0,0
car_db4d1345_jpg.rf.8fa39651baeedf98bdffa01ce9f96770.jpg,0,0,0,0,0,0,0,0,0,0,0,0,0,0,0,1,0,1,0,0,1,0,0,0,1,0,0,0,0,0
car_6fec203d_jpg.rf.2bb8285d7035444f5340986a1b46ed66.jpg,0,0,0,0,0,0,0,1,0,0,0,0,0,0,0,1,0,1,0,0,1,0,0,0,0,0,0,0,0,0
car_2e7b68c0_jpg.rf.ea8b2c9817d1b3d11f115da8f8208f6c.jpg,0,0,0,0,0,0,0,0,0,0,0,0,1,0,0,1,0,1,0,0,0,0,0,0,0,1,0,0,0,0
car_ef6ac1f8_jpg.rf.09b9cb1306694a5eca9894dc2501717d.jpg,0,0,0,0,0,0,0,0,0,0,0,0,0,0,0,1,0,1,0,0,1,0,0,0,0,0,1,0,0,0
car_8e125589_jpg.rf.e0b48fe9e91cee43679d662d2da43135.jpg,0,0,0,0,0,0,0,0,0,0,0,0,0,0,0,1,0,1,0,0,0,0,0,0,0,0,1,0,1,0
car_9bed77d6_jpg.rf.c88bb93c6ef362b134053da4ecef0f0c.jpg,0,0,0,0,0,0,0,0,0,0,0,0,0,0,0,1,0,1,0,0,1,0,0,0,0,0,1,0,0,0
car_dc606a99_jpg.rf.08c59e3b3665168bc2980734647407c0.jpg,0,0,0,0,0,0,0,0,0,0,0,0,0,0,0,1,0,1,0,0,0,0,0,0,0,0,1,0,1,0
car_f09434a5_jpg.rf.4eb0325bc9023ea7c67e4ab0c7cf174c.jpg,0,0,0,0,0,0,0,0,0,0,0,0,0,0,0,1,0,1,0,0,0,0,0,0,0,0,1,0,1,0
car_71561f41_jpg.rf.a21e63db3f11c418a86383cee22ac3e6.jpg,0,0,0,0,0,0,0,0,0,0,0,1,0,0,0,1,0,1,0,0,0,0,0,0,0,0,0,0,1,0
car_ef7aad9f_jpg.rf.7ffb5beedbc43b9a23e83c8b9c2f97d2.jpg,0,0,0,0,0,0,0,0,0,0,0,0,1,0,0,1,0,1,0,0,0,0,0,0,0,1,0,0,0,0
car_88d7d1e9_jpg.rf.e407ac1227fe52e8d60226a935d93998.jpg,0,0,0,0,0,0,0,0,0,0,0,0,0,0,0,1,0,1,0,0,1,1,0,0,0,0,0,0,0,0
car_efd1c4a3_jpg.rf.b79c94dd949a81bc69286a25292ee84b.jpg,0,0,0,0,0,0,0,0,0,0,0,0,1,0,0,1,0,1,0,0,0,0,0,0,0,1,0,0,0,0
car_891f4539_jpg.rf.f459198e1d1ea9ec193a62a7b015ef6a.jpg,0,0,0,0,0,0,0,0,0,0,0,0,1,0,0,1,1,1,0,0,0,0,0,0,0,0,0,0,0,0
car_ee747b81_jpg.rf.fdec7cf72fc9d2e18954a2a2ff77d597.jpg,0,0,0,0,0,0,0,0,0,0,0,0,0,0,0,1,0,1,0,0,0,0,0,0,0,0,1,0,1,0
car_da997070_jpg.rf.0513c41c56e68b704f07d4085c49d3ff.jpg,0,0,0,0,0,0,0,0,0,0,0,0,1,0,0,1,1,1,0,0,0,0,0,0,0,0,0,0,0,0
car_89524579_jpg.rf.c821788b1a45c4b1a550104c8c259fee.jpg,0,1,0,0,0,0,0,0,0,0,0,0,1,0,0,1,0,1,0,0,0,0,0,0,0,0,0,0,0,0
car_95691dfa_jpg.rf.8d33015167cab39f9ad12e36261a5f64.jpg,0,0,0,0,0,0,0,0,0,0,0,0,0,0,0,1,0,1,0,0,1,0,0,0,1,0,0,0,0,0
car_72085a3e_jpg.rf.dd415cf6fe84fa95ebb90e9cd6ddd52c.jpg,0,0,0,0,0,0,0,0,0,0,0,0,1,0,0,1,0,1,0,0,0,1,0,0,0,0,0,0,0,0
car_9641b4f1_jpg.rf.42b259b3e12a98aacfd3031eb7bdf49e.jpg,0,0,0,0,0,0,0,0,0,0,0,0,1,0,0,1,0,1,0,0,0,0,0,0,1,0,0,0,0,0
car_71aa8436_jpg.rf.55a0febb4af83b8a9f245ccb55c17129.jpg,0,0,0,0,0,0,0,0,0,0,0,0,0,0,0,1,0,1,0,0,1,0,0,0,0,0,1,0,0,0
car_75e242d1_jpg.rf.48f2611e870dbc137e48339ae3a22075.jpg,0,0,0,0,0,0,0,0,0,0,0,0,0,0,0,1,0,1,0,0,0,0,0,1,1,0,0,0,0,0
car_9c0f8f9f_jpg.rf.a938ec763d76bf17ce0238e91e4dc602.jpg,0,0,0,0,0,0,0,0,0,0,0,1,0,0,0,1,0,1,0,0,0,0,0,0,0,0,0,0,1,0
car_8f4cbe0f_jpg.rf.1516a82783911211116c05ba5deb103b.jpg,0,0,0,0,0,0,0,1,0,0,0,0,0,0,0,1,0,1,0,0,0,0,0,0,0,0,0,0,1,0
car_c7b79f15_jpg.rf.621951d21fcb533e8a5e523c83e03d75.jpg,0,0,1,0,0,0,0,0,0,0,0,0,1,0,0,1,0,1,0,0,0,0,0,0,0,0,0,0,0,0
car_72139e36_jpg.rf.a2476ff4212f12c343a5853b19aee8e9.jpg,0,0,0,0,0,0,0,0,0,0,0,0,0,0,0,1,0,1,0,0,0,0,0,0,1,0,0,0,1,0
car_75a14e7b_jpg.rf.69f639f09cf397e1fe4f87a6dd8f0fa5.jpg,0,0,0,0,0,0,0,0,0,0,0,0,1,0,0,1,0,1,0,0,0,0,0,0,1,0,0,0,0,0
car_7c735aba_jpg.rf.0afa81ef009b8101bc8e6bc939ce4968.jpg,0,0,0,0,0,0,0,0,0,0,0,0,0,0,0,1,0,1,0,0,1,0,0,0,0,0,1,0,0,0
car_d8226025_jpg.rf.33d0bf53b131cead626792be46c00881.jpg,0,0,0,0,0,0,0,0,0,0,0,0,0,0,0,1,0,1,0,0,1,0,0,0,1,0,0,0,0,0
car_5d24ee5c_jpg.rf.58823a71ea53a9ca857423f2e266548f.jpg,0,0,0,0,0,0,0,0,0,0,0,0,0,0,0,1,0,0,0,0,1,0,1,0,0,0,1,0,0,0
car_9a07bfc4_jpg.rf.3d2b918afd8af9364545f1e537a5c508.jpg,0,0,0,0,0,0,0,0,0,0,0,0,0,0,0,1,0,0,0,0,0,0,1,0,0,1,0,0,1,0
car_796c6fd5_jpg.rf.306924ceb1bcb4cb4be6c94238d39dde.jpg,0,1,0,0,0,0,0,0,0,0,0,0,1,0,0,1,0,0,0,0,0,0,1,0,0,0,0,0,0,0
car_9af21070_jpg.rf.f6f683b6248705a943724af228b14723.jpg,0,0,0,0,0,0,0,0,0,0,0,0,1,0,0,1,0,1,0,0,0,1,0,0,0,0,0,0,0,0
car_953912b3_jpg.rf.337e9a6398d0cdbbf0177afbd497c888.jpg,0,0,0,0,0,0,0,0,0,0,0,0,0,0,0,1,0,1,0,0,0,0,0,0,0,0,1,0,1,0
car_dafb8aa3_jpg.rf.9dc456e10872dfe40216ed71b7bd2552.jpg,0,0,0,0,0,0,0,0,0,0,0,0,1,0,0,1,0,1,0,0,0,1,0,0,0,0,0,0,0,0
car_9c183a03_jpg.rf.11b4f3d7914421a2e1a199f644166370.jpg,0,0,0,0,0,0,0,0,0,0,0,0,0,0,0,1,0,1,0,0,0,0,0,0,1,0,0,0,1,0
car_e4237230_jpg.rf.5d07e6a4cf0013534e58a7bcfe3cb550.jpg,0,0,0,0,0,0,0,0,0,0,0,0,0,0,0,1,1,1,0,0,0,0,0,0,0,0,0,0,1,0
car_c8e6de34_jpg.rf.8a26a185d9498e623e0ea681b8163791.jpg,0,0,0,0,0,0,0,0,0,0,0,0,1,0,0,1,0,1,0,0,0,1,0,0,0,0,0,0,0,0
car_9c78002e_jpg.rf.be2f5657fabfbd0e7f65ccc769fac727.jpg,0,0,0,0,0,0,0,0,0,0,0,0,0,0,0,1,0,1,0,0,1,0,0,0,0,0,1,0,0,0
truck_628e3b0a_jpg.rf.7a30e5127598455c0c3e24790c7d3ac5.jpg,0,0,0,0,0,0,0,0,0,0,1,0,1,0,0,1,0,1,0,0,0,0,0,0,0,0,0,0,0,0
car_ed874da0_jpg.rf.7f416b1504401c7c032f87f6dcd33169.jpg,0,0,1,0,0,0,0,0,0,0,0,0,0,0,0,0,0,1,0,0,0,0,0,0,0,0,0,1,1,0
car_add16b0d_jpg.rf.c0060cfa5c4f7966690f80ba9e74c1df.jpg,0,0,0,0,0,0,0,0,0,0,0,0,1,0,0,1,0,1,0,0,0,1,0,0,0,0,0,0,0,0
car_f223754b_jpg.rf.e80380d0734be5ddc5e509bc7e10ff6a.jpg,0,0,0,0,0,0,0,0,0,0,0,0,0,1,0,1,0,1,0,0,0,0,0,0,0,0,1,0,0,0
car_c956d997_jpg.rf.331c6a4a2a1f1f88578970d74ad0a5e5.jpg,0,0,0,1,0,0,0,0,0,0,0,0,0,0,0,1,0,1,0,0,1,0,0,0,0,0,0,0,0,0
car_cab4d0a3_jpg.rf.ec3ca8ebb3116d4d5cbd9878c770f4cb.jpg,0,0,0,0,0,0,0,1,0,0,0,0,0,0,0,1,0,1,0,0,0,0,0,0,0,0,0,0,1,0
car_7154e817_jpg.rf.8f88acff32f967bf36ec77a248516a1a.jpg,0,0,0,0,0,0,0,0,0,0,0,0,0,0,0,1,0,1,0,0,1,0,0,0,0,0,1,0,0,0
car_9c8677c0_jpg.rf.fcb41460b8193b3e53f7ca914ec1d4d4.jpg,0,0,0,0,0,0,0,0,0,0,0,0,0,0,0,1,0,1,0,0,0,0,0,1,0,0,1,0,0,0
car_9e70ca18_jpg.rf.81bc3005f3d76c386c18352f7dff3224.jpg,0,0,0,0,0,0,0,0,0,0,0,0,1,0,0,1,1,1,0,0,0,0,0,0,0,0,0,0,0,0
car_719eeef8_jpg.rf.4f083d0f806e1383a62134845426a30a.jpg,0,0,0,0,0,0,0,0,0,0,0,0,1,0,0,1,0,1,0,0,0,1,0,0,0,0,0,0,0,0
car_5c5d7dbd_jpg.rf.c2a1af5d52fb8121659aa70f8cdecc06.jpg,0,0,0,0,0,0,0,0,0,0,0,0,1,0,0,1,0,1,0,0,0,1,0,0,0,0,0,0,0,0
car_99ea5e60_jpg.rf.c01d871d4d09f636d7a149e3b70ba29d.jpg,0,0,0,0,0,0,0,0,0,0,0,1,0,0,0,1,0,1,0,0,0,0,0,0,0,0,0,0,1,0
car_ece19aa6_jpg.rf.47c77717145633c0115d7dcd9fb09eae.jpg,0,0,0,0,0,0,0,0,0,0,0,0,1,0,0,1,0,1,0,0,0,0,0,0,1,0,0,0,0,0
car_96bf76ca_jpg.rf.d48f36ef26e2f4749091b0e2fb8f46d7.jpg,0,0,0,1,0,0,0,0,0,0,0,0,0,0,0,1,0,1,0,0,1,0,0,0,0,0,0,0,0,0
car_73befcf3_jpg.rf.ca9b47353f9f2c94d2426481b04c146c.jpg,0,0,0,0,0,0,0,0,0,0,0,0,0,0,0,1,0,1,0,0,1,0,0,0,1,0,0,0,0,0
car_9411fc38_jpg.rf.38d4b6a8f969ab16c3d1cd68f9e28f23.jpg,0,0,0,0,0,0,0,1,0,0,0,0,1,0,0,1,0,1,0,0,0,0,0,0,0,0,0,0,0,0
car_5d200a9f_jpg.rf.263434e1fe4714230ea1b88114ba2fe2.jpg,0,0,0,0,0,0,0,0,0,0,0,0,0,0,0,1,0,1,0,0,0,0,0,0,0,0,1,0,1,0
car_79db7cdc_jpg.rf.765f2d34a29871529fb2df41c820f44d.jpg,0,0,0,0,0,0,0,0,0,0,0,0,1,0,0,1,0,1,0,0,0,0,0,0,1,0,0,0,0,0
car_7abc3823_jpg.rf.aee519469271c5273d09e88239982693.jpg,0,0,0,0,0,0,0,0,0,0,0,0,0,0,0,1,0,1,0,0,0,0,0,0,1,0,0,0,1,0
car_752a3da2_jpg.rf.6832b39121fdd15cf23be0fcb57336a2.jpg,0,0,0,0,0,0,0,0,0,0,0,0,0,0,0,1,0,1,0,0,0,0,0,0,0,0,1,0,1,0
car_973a8fd8_jpg.rf.0b6e3511c14bbffb53dae3179030c111.jpg,0,0,0,0,0,0,0,0,0,0,1,0,1,0,0,1,0,1,0,0,0,0,0,0,0,0,0,0,0,0
car_96de639b_jpg.rf.52fc324036a39cbec1c8119d39da84c8.jpg,0,0,0,0,0,0,0,0,0,0,0,0,0,0,0,1,0,1,0,0,1,0,0,0,1,0,0,0,0,0
car_cab3b37f_jpg.rf.e60709648d76e438c8d57a257388a98b.jpg,0,0,0,1,0,0,0,0,0,0,0,0,0,0,0,1,0,1,0,0,1,0,0,0,0,0,0,0,0,0
car_73cc7f19_jpg.rf.baecd1541917d7da11e15d38331dac86.jpg,0,0,0,0,0,0,0,0,0,0,0,0,1,0,0,1,0,1,0,0,0,0,0,0,0,0,1,0,0,0
car_850a6e8e_jpg.rf.c91466398e38a515b853a72da3b96e1c.jpg,0,0,0,0,0,0,0,0,0,0,0,0,1,0,0,1,0,1,0,0,0,0,0,0,1,0,0,0,0,0
car_977b72f6_jpg.rf.db3bc693c8e42b40abd67648521c16ce.jpg,0,0,0,0,0,0,0,0,0,0,0,0,1,0,0,1,0,1,0,0,0,0,0,0,1,0,0,0,0,0
car_9ec99249_jpg.rf.bd9600ecf4ec5a1ccea186487fbf0e98.jpg,0,0,0,0,0,0,0,0,0,0,0,0,0,1,0,1,0,0,0,0,0,0,1,0,0,0,1,0,0,0
car_7d2b67cc_jpg.rf.b4a4b8eac32b8018ee210c5ffd55ae0b.jpg,0,0,0,0,0,0,0,0,0,0,0,0,0,0,0,1,0,1,0,0,1,0,0,0,0,0,1,0,0,0
car_997cfe62_jpg.rf.b82897dfaf2fa3c9b5e8a755d43fd74e.jpg,0,0,0,0,0,0,0,0,0,0,0,0,0,0,0,1,0,1,0,0,1,1,0,0,0,0,0,0,0,0
car_7e473fde_jpg.rf.6767b3e82f714385049480d86a9e2d1a.jpg,0,0,0,0,0,0,0,0,0,0,1,0,1,0,0,1,0,1,0,0,0,0,0,0,0,0,0,0,0,0
car_965cc7d6_jpg.rf.c36a25a5d749f0aacd4f734a06411431.jpg,0,0,0,0,0,0,0,0,0,0,0,0,0,0,0,1,0,1,0,0,1,0,0,0,0,0,1,0,0,0
car_9e1c45a1_jpg.rf.c725fa76d300096c1907a56140901331.jpg,0,0,0,0,0,0,0,0,0,0,0,0,0,0,0,1,0,1,0,0,0,0,0,0,1,0,0,0,1,0
car_9859c826_jpg.rf.b738558c44d35560bd729af7fe3c8e71.jpg,0,0,0,0,0,0,0,0,0,0,0,0,0,0,0,1,0,1,0,0,0,0,0,0,0,0,1,0,1,0
car_943bd500_jpg.rf.8572ca371a87f7daf1f73df6372e20d0.jpg,0,0,0,0,0,0,0,0,0,0,0,0,0,0,0,1,0,1,0,0,0,0,0,0,0,0,1,0,1,0
car_cb1e8c45_jpg.rf.2dd09b53c49f9014594456f1a8f8dfca.jpg,0,0,0,0,0,0,0,0,0,0,0,0,0,0,0,1,1,1,0,0,0,0,0,0,0,0,0,0,1,0
car_5b96e73d_jpg.rf.9caf81a6388ff15c88d8835da31d6179.jpg,0,0,0,0,0,0,0,0,0,0,0,0,1,0,0,1,0,1,0,0,0,1,0,0,0,0,0,0,0,0
car_94288024_jpg.rf.994b8234ef834066e3e8a441345de548.jpg,0,0,0,0,0,0,0,0,0,0,0,0,0,1,0,1,0,1,0,0,0,0,0,0,0,0,1,0,0,0
car_833bcfc0_jpg.rf.6720fbf8cde47779248532206f5ccea9.jpg,0,0,0,0,0,0,0,0,0,0,0,0,1,0,0,1,0,1,0,0,0,0,0,0,1,0,0,0,0,0
car_5702df13_jpg.rf.cf1c3fdd078a29eb67ccb7307c12f80d.jpg,0,0,0,0,0,0,0,0,0,0,0,0,1,0,0,1,0,1,0,0,0,0,0,0,0,0,1,0,0,0
car_7ef8d848_jpg.rf.395da6dba72e66cf171b16181e60d5c4.jpg,0,0,0,0,0,0,0,0,0,0,0,1,1,0,0,1,0,1,0,0,0,0,0,0,0,0,0,0,0,0
car_a4fbdb46_jpg.rf.1de1b352c06ecf4c362d871c04ee61af.jpg,0,0,0,0,0,0,0,0,0,0,0,0,1,0,0,1,0,1,0,0,0,0,0,0,0,0,1,0,0,0
car_94b2928d_jpg.rf.f74c89e930a5cbb2e4c76885eec263d9.jpg,0,0,0,0,0,0,0,0,0,0,0,0,1,0,0,1,1,0,0,0,0,0,1,0,0,0,0,0,0,0
car_5925394b_jpg.rf.96ebda358b7b4fd9c69398cba840fd35.jpg,0,0,0,0,0,0,0,0,0,0,0,0,0,1,0,1,0,1,0,0,0,0,0,0,0,0,1,0,0,0
car_b7acfed8_jpg.rf.9a01d398587759cddb42bf7ebf84649c.jpg,0,0,0,1,0,0,0,0,0,0,0,0,0,0,0,1,0,1,0,0,1,0,0,0,0,0,0,0,0,0
car_5aef5cd1_jpg.rf.68a13dd3566b8e86b03083ba4f4245f3.jpg,0,0,0,0,0,0,0,0,0,0,0,0,1,0,0,1,0,1,0,0,0,1,0,0,0,0,0,0,0,0
car_cbaa6ef0_jpg.rf.aff3f632f84a0659766c37be0eeb711d.jpg,0,0,0,1,0,0,0,0,0,0,0,0,0,0,0,1,0,1,0,0,0,0,0,0,0,0,0,0,1,0
car_a529c32a_jpg.rf.c10c95d9652d3f9cc10df4fa1dd5bc27.jpg,0,0,0,0,0,0,0,0,0,0,0,0,0,1,0,1,0,1,0,0,0,0,0,0,0,0,1,0,0,0
car_98bfb24a_jpg.rf.448541fe5b754f4b9199068e3e07a3cd.jpg,0,0,0,0,0,0,0,0,0,0,0,0,0,0,0,1,0,1,0,0,1,0,0,0,0,0,1,0,0,0
car_7e886e7b_jpg.rf.cdc4829cf3e4a55ffe01273db827aa5a.jpg,0,0,0,0,0,0,0,0,0,0,0,0,1,0,0,1,0,0,0,0,0,0,1,0,1,0,0,0,0,0
car_9f6ba109_jpg.rf.20a395b528a3203e123a887c27e05f6d.jpg,0,0,0,0,0,0,0,0,0,0,0,0,0,0,0,1,0,1,0,0,1,0,0,0,0,0,1,0,0,0
car_5a3bf86f_jpg.rf.bff8ca7f1d86b71a720ffabbbb92a7e7.jpg,0,0,0,0,0,0,0,0,0,0,0,0,0,0,0,1,0,1,0,0,1,0,0,0,0,0,1,0,0,0
car_7b83e944_jpg.rf.0158237367f1c47dea7b26c6e1f46f22.jpg,0,0,0,1,0,0,0,0,0,0,0,0,0,0,0,1,0,1,0,0,1,0,0,0,0,0,0,0,0,0
car_a36f3c15_jpg.rf.f3ad57555abd5cd75e6256b919a9a753.jpg,0,0,0,0,0,0,0,0,0,0,0,0,1,0,0,1,0,1,0,0,0,1,0,0,0,0,0,0,0,0
car_9f8947c1_jpg.rf.982fd978a01eba8f4bdc2850ffc889f2.jpg,0,0,0,0,0,0,0,0,0,0,0,0,0,0,0,1,0,1,0,0,1,0,0,0,1,0,0,0,0,0
car_ede722ca_jpg.rf.a72209808e7db506754c8ab89d8153ff.jpg,0,0,0,0,0,0,0,0,0,0,0,0,0,1,0,1,0,1,0,0,0,0,0,0,1,0,0,0,0,0
car_9fa3d389_jpg.rf.18528be350ec3407f7d0de33f154c1a2.jpg,0,0,0,0,0,0,0,0,0,0,0,1,0,0,0,1,0,1,0,0,0,0,0,0,0,0,0,0,1,0
car_9e2229f2_jpg.rf.a9153fdbce2396197f8be31886a27450.jpg,0,0,0,0,0,0,0,0,0,0,0,0,1,0,0,1,0,1,0,0,0,1,0,0,0,0,0,0,0,0
car_940ace19_jpg.rf.515fdb2742d34d2b2e8e09bde2468f19.jpg,0,0,0,0,0,0,0,0,0,0,0,0,1,0,0,1,0,1,0,0,0,0,0,0,0,0,1,0,0,0
car_7e473fde_jpg.rf.2f9865a60532b34a05c2bbc1dd4e08d2.jpg,0,0,0,0,0,0,0,0,0,0,1,0,1,0,0,1,0,1,0,0,0,0,0,0,0,0,0,0,0,0
car_11fe22ed_jpg.rf.f9a634288fc17d1e9f09015867f3960e.jpg,0,0,0,0,0,0,0,1,0,0,0,0,0,0,0,1,0,1,0,0,0,0,0,0,0,0,0,0,1,0
car_0f70c0e1_jpg.rf.4b448d41c822f844d336b431ce03c4b0.jpg,0,0,0,0,0,0,0,0,0,0,0,0,0,0,0,1,0,1,0,0,1,0,0,0,0,0,1,0,0,0
car_9a07bfc4_jpg.rf.f459bb48ce89340a7aea40f0dde4abb1.jpg,0,0,0,0,0,0,0,0,0,0,0,0,0,0,0,1,0,0,0,0,0,0,1,0,0,1,0,0,1,0
car_771131ef_jpg.rf.17fdf35f6a52adffdaa1fa16133e6c15.jpg,0,0,0,0,0,0,0,0,0,0,0,0,1,0,0,1,1,1,0,0,0,0,0,0,0,0,0,0,0,0
car_75e242d1_jpg.rf.7ab0060a7053459d356a53dfd81748ed.jpg,0,0,0,0,0,0,0,0,0,0,0,0,0,0,0,1,0,1,0,0,0,0,0,1,1,0,0,0,0,0
car_940ace19_jpg.rf.b4b6318bcd7bad03c08acfdd74f5bec5.jpg,0,0,0,0,0,0,0,0,0,0,0,0,1,0,0,1,0,1,0,0,0,0,0,0,0,0,1,0,0,0
car_9e1c45a1_jpg.rf.902d5f881c17454afc4896563e89617e.jpg,0,0,0,0,0,0,0,0,0,0,0,0,0,0,0,1,0,1,0,0,0,0,0,0,1,0,0,0,1,0
car_100affc4_jpg.rf.d23d3fb72e143b1baee99fe849aa3169.jpg,0,0,0,0,0,0,0,0,0,0,0,0,1,0,0,1,0,1,0,0,0,1,0,0,0,0,0,0,0,0
car_0fa27b85_jpg.rf.31068f6cbaeefa593ea2c972f8c2c8f3.jpg,0,0,0,0,0,0,0,0,0,0,0,0,0,1,0,1,0,1,0,0,0,0,0,0,1,0,0,0,0,0
car_11fba8b8_jpg.rf.9c8a9ef1310ae8361b33e96301216cd6.jpg,0,0,0,1,0,0,0,0,0,0,0,0,0,0,0,1,0,1,0,0,0,0,0,0,0,0,0,0,1,0
car_11b7bff3_jpg.rf.b74b14f92798cc0c3a9d883236285f69.jpg,0,0,0,0,0,0,0,0,0,0,0,1,1,0,0,1,0,1,0,0,0,0,0,0,0,0,0,0,0,0
car_7ef8d848_jpg.rf.9b1ef932ec7c370a410b3ff206a70b06.jpg,0,0,0,0,0,0,0,0,0,0,0,1,1,0,0,1,0,1,0,0,0,0,0,0,0,0,0,0,0,0
car_12214502_jpg.rf.e67b8e1fa77b7ccf55c9e349b3e3aea3.jpg,0,0,0,0,0,0,0,0,0,0,0,0,0,0,0,1,0,1,0,0,1,1,0,0,0,0,0,0,0,0
car_0eac5278_jpg.rf.21999cc4c0feb6f3f1922808256246f4.jpg,0,0,0,0,0,0,0,0,0,0,0,0,0,0,0,1,0,1,0,0,1,1,0,0,0,0,0,0,0,0
car_9af21070_jpg.rf.44dfe488bfd13c1ef42babebe5c56111.jpg,0,0,0,0,0,0,0,0,0,0,0,0,1,0,0,1,0,1,0,0,0,1,0,0,0,0,0,0,0,0
car_109fbce1_jpg.rf.f541a2058b24b1e7bb4fd67b0bc1cb1c.jpg,0,0,0,0,0,0,0,0,0,0,0,0,0,0,0,1,0,1,0,0,0,0,0,0,0,0,1,0,1,0
car_122b66da_jpg.rf.36d60610a2c7c368fe9f3839d5137f75.jpg,0,0,0,0,0,0,0,0,0,0,0,0,0,0,0,1,0,1,0,0,1,0,0,0,0,0,1,0,0,0
car_94b2928d_jpg.rf.e931768a29a1ee0a0d88e15f406ad25e.jpg,0,0,0,0,0,0,0,0,0,0,0,0,1,0,0,1,1,0,0,0,0,0,1,0,0,0,0,0,0,0
car_9859c826_jpg.rf.c40deb87dc3a9f894239531de317dfa0.jpg,0,0,0,0,0,0,0,0,0,0,0,0,0,0,0,1,0,1,0,0,0,0,0,0,0,0,1,0,1,0
car_7c735aba_jpg.rf.5ff7ddaa79270699dd1840792f065a56.jpg,0,0,0,0,0,0,0,0,0,0,0,0,0,0,0,1,0,1,0,0,1,0,0,0,0,0,1,0,0,0
car_0daa884f_jpg.rf.b8c9cdc5e85e1e8f0432454f1fba9b37.jpg,0,0,0,0,0,0,0,1,0,0,0,0,1,0,0,1,0,1,0,0,0,0,0,0,0,0,0,0,0,0
car_9b85bf51_jpg.rf.f88f42bc7880565d1511e80a030c710e.jpg,0,0,0,0,0,0,0,0,0,0,0,0,1,0,0,1,0,1,0,0,0,1,0,0,0,0,0,0,0,0
car_0499a860_jpg.rf.bf41c1466f3cf265f6e6ddbad05f4eb3.jpg,0,0,0,0,0,0,0,0,0,0,0,0,0,0,0,1,0,1,0,0,1,0,0,0,0,0,1,0,0,0
car_997cfe62_jpg.rf.3b814dbaad73082c208591191fa05f5b.jpg,0,0,0,0,0,0,0,0,0,0,0,0,0,0,0,1,0,1,0,0,1,1,0,0,0,0,0,0,0,0
car_774edd79_jpg.rf.0cfb0cb2bcb875e8ba1c22f22d9b4096.jpg,0,0,0,0,0,0,0,0,0,0,0,0,0,0,0,1,0,1,0,0,0,0,0,0,1,0,0,0,1,0
car_05318562_jpg.rf.274534e8cc87c8e457cc05008fe0914e.jpg,0,0,0,0,0,0,0,0,0,0,0,0,0,0,0,1,0,1,0,0,1,0,0,0,0,0,1,0,0,0
car_96bf76ca_jpg.rf.b43e9846cf66ae72b3103b473f955ae7.jpg,0,0,0,1,0,0,0,0,0,0,0,0,0,0,0,1,0,1,0,0,1,0,0,0,0,0,0,0,0,0
car_115373fc_jpg.rf.4a1cd861f3c5848b8d29fa44d22d46bc.jpg,0,0,0,0,0,0,0,0,0,0,0,0,0,0,0,1,0,1,0,0,1,0,0,0,1,0,0,0,0,0
car_7d2b67cc_jpg.rf.33188c4b4837182ce4c0950028e739b2.jpg,0,0,0,0,0,0,0,0,0,0,0,0,0,0,0,1,0,1,0,0,1,0,0,0,0,0,1,0,0,0
car_77b70286_jpg.rf.d26cfdb05f5b624fabc6884a89894720.jpg,0,0,0,0,0,0,0,0,0,0,0,0,1,0,0,1,0,1,0,0,0,0,0,0,1,0,0,0,0,0
car_9c183a03_jpg.rf.27feb17e78bb1fa695e7e8af5bc85c38.jpg,0,0,0,0,0,0,0,0,0,0,0,0,0,0,0,1,0,1,0,0,0,0,0,0,1,0,0,0,1,0
car_048631f3_jpg.rf.9dfe646ee5870c9794907c526c804af3.jpg,0,0,0,1,0,0,0,0,0,0,0,0,1,0,0,1,0,1,0,0,0,0,0,0,0,0,0,0,0,0
car_96de639b_jpg.rf.5447fada72c3e42c9afa94e01118bc55.jpg,0,0,0,0,0,0,0,0,0,0,0,0,0,0,0,1,0,1,0,0,1,0,0,0,1,0,0,0,0,0
car_794c7532_jpg.rf.d4819213f5325aa266dd98cda825db7c.jpg,0,0,0,0,0,0,0,0,0,0,0,0,0,1,0,1,0,1,0,0,0,0,0,0,0,0,1,0,0,0
car_9641b4f1_jpg.rf.60a0319d923619eaa92d001583da7676.jpg,0,0,0,0,0,0,0,0,0,0,0,0,1,0,0,1,0,1,0,0,0,0,0,0,1,0,0,0,0,0
car_95691dfa_jpg.rf.b8c29555982e9a900f35b67441bf65d3.jpg,0,0,0,0,0,0,0,0,0,0,0,0,0,0,0,1,0,1,0,0,1,0,0,0,1,0,0,0,0,0
car_99ea5e60_jpg.rf.8e4bf73459de5f6770c01ba2e18d0373.jpg,0,0,0,0,0,0,0,0,0,0,0,1,0,0,0,1,0,1,0,0,0,0,0,0,0,0,0,0,1,0
car_05d7abfc_jpg.rf.b76b3a7fdc03278b1f608a9afaa22035.jpg,0,0,0,0,0,0,0,0,0,0,0,0,1,0,0,1,0,1,0,0,0,0,0,0,0,1,0,0,0,0
car_796c6fd5_jpg.rf.62dd628fc054ed0bba120b1e4465f6ff.jpg,0,1,0,0,0,0,0,0,0,0,0,0,1,0,0,1,0,0,0,0,0,0,1,0,0,0,0,0,0,0
car_7e886e7b_jpg.rf.7b597a875d64e7d906b02bae4e240787.jpg,0,0,0,0,0,0,0,0,0,0,0,0,1,0,0,1,0,0,0,0,0,0,1,0,1,0,0,0,0,0
car_6f1eed13_jpg.rf.5c4c361ed02eda8a22b0ac77b4c7993b.jpg,0,1,0,0,0,0,0,0,0,0,0,0,1,0,0,1,0,1,0,0,0,0,0,0,0,0,0,0,0,0
car_94d5f09a_jpg.rf.a71c61f75c7f9aadf9255de427dec095.jpg,0,0,0,0,0,1,0,0,0,0,0,0,0,0,0,1,0,1,0,0,1,0,0,0,0,0,0,0,0,0
car_973a8fd8_jpg.rf.f103e61aa79f64e909c49a1e699083f8.jpg,0,0,0,0,0,0,0,0,0,0,1,0,1,0,0,1,0,1,0,0,0,0,0,0,0,0,0,0,0,0
car_9c0f8f9f_jpg.rf.94042c409523556960055585bb5158f8.jpg,0,0,0,0,0,0,0,0,0,0,0,1,0,0,0,1,0,1,0,0,0,0,0,0,0,0,0,0,1,0
car_24ecc633_jpg.rf.8813a6b745fa3adc862f523bbc813877.jpg,0,0,0,0,0,0,0,0,0,0,0,0,0,0,0,1,0,1,0,0,1,0,0,0,0,0,1,0,0,0
car_010b903f_jpg.rf.c36f8983a86ff7386025a9b9bcb12e36.jpg,0,0,0,0,0,1,0,0,0,0,0,0,1,0,0,1,0,1,0,0,0,0,0,0,0,0,0,0,0,0
car_79db7cdc_jpg.rf.5bf004d91ba0e4f7d6736cf2e9c67aa6.jpg,0,0,0,0,0,0,0,0,0,0,0,0,1,0,0,1,0,1,0,0,0,0,0,0,1,0,0,0,0,0
car_9c8677c0_jpg.rf.6567ebe0a1c519b2e8062f9b98ce6207.jpg,0,0,0,0,0,0,0,0,0,0,0,0,0,0,0,1,0,1,0,0,0,0,0,1,0,0,1,0,0,0
car_6fb6cde8_jpg.rf.1eb2238b5813269658dc55b75d232cda.jpg,0,0,0,0,0,0,0,0,0,0,1,0,0,0,0,1,0,1,0,0,0,0,0,0,0,0,0,0,1,0
car_965cc7d6_jpg.rf.f8c7164c3e26e2b50a6a909e8e675bb5.jpg,0,0,0,0,0,0,0,0,0,0,0,0,0,0,0,1,0,1,0,0,1,0,0,0,0,0,1,0,0,0
car_05860335_jpg.rf.115a0720d9d22861a04b725643a05eb1.jpg,0,0,0,0,0,0,0,0,0,0,0,0,1,0,0,1,0,1,0,0,0,0,0,0,0,0,1,0,0,0
car_6f1eed13_jpg.rf.168d34e4d44be9eb0786da77705404bf.jpg,0,1,0,0,0,0,0,0,0,0,0,0,1,0,0,1,0,1,0,0,0,0,0,0,0,0,0,0,0,0
car_014d3a50_jpg.rf.b3389b7ef1f4aed82cd9891bca841cbd.jpg,0,0,0,0,0,0,0,0,0,0,0,0,0,1,0,1,0,1,0,0,0,0,0,0,0,0,1,0,0,0
car_6fec203d_jpg.rf.1fb3aec72b263c1025c526054cae319f.jpg,0,0,0,0,0,0,0,1,0,0,0,0,0,0,0,1,0,1,0,0,1,0,0,0,0,0,0,0,0,0
car_7056b53c_jpg.rf.2a2861abef2a01f4c26468fcd58b2caa.jpg,0,0,0,0,0,0,0,0,0,0,0,0,0,0,0,1,0,1,0,0,1,0,0,0,0,0,1,0,0,0
car_921afab3_jpg.rf.51e14e5207d00166fb282d1dd5083a32.jpg,0,0,1,0,0,0,0,0,0,0,0,0,1,0,0,1,0,1,0,0,0,0,0,0,0,0,0,0,0,0
car_0269392c_jpg.rf.1e2b499705bc12f1cb07d0fae563f47a.jpg,0,0,0,1,0,0,0,0,0,0,0,0,0,0,0,1,0,1,0,0,1,0,0,0,0,0,0,0,0,0
car_943bd500_jpg.rf.cbb8eaeb0b0f484e2ba37aa98c954e4d.jpg,0,0,0,0,0,0,0,0,0,0,0,0,0,0,0,1,0,1,0,0,0,0,0,0,0,0,1,0,1,0
car_06d283c9_jpg.rf.531f2df3c9bc9eecc2bf798b9c49dc6b.jpg,0,0,0,0,0,0,0,1,0,0,0,0,0,0,0,1,0,1,0,0,0,0,0,0,0,0,0,0,1,0
car_048015be_jpg.rf.05374d0ad59b7ad858b7ff0a213609a0.jpg,0,0,0,0,0,0,0,0,0,0,0,0,0,0,0,1,0,1,0,0,0,0,0,0,0,0,1,0,0,1
car_06b26754_jpg.rf.9a95f5d4e087091086de2f2fbfe356ee.jpg,0,0,0,0,0,0,0,0,0,0,1,0,1,0,0,1,0,1,0,0,0,0,0,0,0,0,0,0,0,0
car_01933681_jpg.rf.b242e54019aba1b467ef37a60f5c04b5.jpg,0,0,0,0,0,0,0,0,0,0,0,0,1,0,0,1,0,1,0,0,0,0,0,0,0,1,0,0,0,0
car_0715e18a_jpg.rf.c5aa50bf7dadaf7e990a7b4c16d4fd42.jpg,0,0,0,0,0,0,0,0,0,0,0,0,1,0,0,1,0,1,0,0,0,0,0,0,1,0,0,0,0,0
car_98bfb24a_jpg.rf.74203f0d765a3dd4fd5b10260814103e.jpg,0,0,0,0,0,0,0,0,0,0,0,0,0,0,0,1,0,1,0,0,1,0,0,0,0,0,1,0,0,0
car_75a14e7b_jpg.rf.39789332f6f9306e42cefa9705aac6f6.jpg,0,0,0,0,0,0,0,0,0,0,0,0,1,0,0,1,0,1,0,0,0,0,0,0,1,0,0,0,0,0
car_6fec203d_jpg.rf.149c77b7884176114127af299e38cd33.jpg,0,0,0,0,0,0,0,1,0,0,0,0,0,0,0,1,0,1,0,0,1,0,0,0,0,0,0,0,0,0
car_7abc3823_jpg.rf.366ba2f8e61769b714e2229b11b24e5e.jpg,0,0,0,0,0,0,0,0,0,0,0,0,0,0,0,1,0,1,0,0,0,0,0,0,1,0,0,0,1,0
car_04459170_jpg.rf.fc43d72ef35e720d0e255e53830493f3.jpg,0,0,0,0,0,0,0,0,0,0,0,1,0,1,0,1,0,1,0,0,0,0,0,0,0,0,0,0,0,0
car_7056b53c_jpg.rf.360d35fd50a34b7d0043e50381b8252d.jpg,0,0,0,0,0,0,0,0,0,0,0,0,0,0,0,1,0,1,0,0,1,0,0,0,0,0,1,0,0,0
car_71561f41_jpg.rf.a4f59f50437462762b87025fc8f5e60d.jpg,0,0,0,0,0,0,0,0,0,0,0,1,0,0,0,1,0,1,0,0,0,0,0,0,0,0,0,0,1,0
car_719eeef8_jpg.rf.0fa243da257e3713618673f9c33ee04a.jpg,0,0,0,0,0,0,0,0,0,0,0,0,1,0,0,1,0,1,0,0,0,1,0,0,0,0,0,0,0,0
car_72085a3e_jpg.rf.493844e69630cf7aab6df81bca1caac3.jpg,0,0,0,0,0,0,0,0,0,0,0,0,1,0,0,1,0,1,0,0,0,1,0,0,0,0,0,0,0,0
car_048631f3_jpg.rf.2f2a17e91392c1edf95e1a9460b850f1.jpg,0,0,0,1,0,0,0,0,0,0,0,0,1,0,0,1,0,1,0,0,0,0,0,0,0,0,0,0,0,0
car_94288024_jpg.rf.714ee448d257a10b85fd00dd970e2ff8.jpg,0,0,0,0,0,0,0,0,0,0,0,0,0,1,0,1,0,1,0,0,0,0,0,0,0,0,1,0,0,0
car_9bce7484_jpg.rf.1abdb9c478f10be0efd84186b4e1e93c.jpg,0,0,0,0,0,0,0,0,0,0,0,0,0,0,0,1,0,1,0,0,1,1,0,0,0,0,0,0,0,0
car_9c78002e_jpg.rf.183f8b2bb0f2fd63e5cba735564d30fb.jpg,0,0,0,0,0,0,0,0,0,0,0,0,0,0,0,1,0,1,0,0,1,0,0,0,0,0,1,0,0,0
car_75a14e7b_jpg.rf.9132729d7b9d575cd0585e2b560c3709.jpg,0,0,0,0,0,0,0,0,0,0,0,0,1,0,0,1,0,1,0,0,0,0,0,0,1,0,0,0,0,0
car_035a274a_jpg.rf.a0d723675ba3cb48ffabb9575e1924a7.jpg,0,0,0,0,0,0,0,0,0,0,0,0,1,0,0,1,0,1,0,0,0,0,0,0,0,0,1,0,0,0
car_026c7495_jpg.rf.adb25afc74f802485952fde131e032c5.jpg,0,0,0,0,0,0,0,0,0,0,0,0,0,0,0,1,0,1,0,0,1,0,0,0,1,0,0,0,0,0
car_7154e817_jpg.rf.4e2fc3c37009d9abc9003adb465aca13.jpg,0,0,0,0,0,0,0,0,0,0,0,0,0,0,0,1,0,1,0,0,1,0,0,0,0,0,1,0,0,0
car_953912b3_jpg.rf.a03b6cecaa74f7024c491f55f0eb2ad8.jpg,0,0,0,0,0,0,0,0,0,0,0,0,0,0,0,1,0,1,0,0,0,0,0,0,0,0,1,0,1,0
car_911871d1_jpg.rf.15dc200d034907c0f6dea1f2e1fc34a4.jpg,0,0,0,0,0,0,0,0,0,0,0,0,0,0,0,1,0,1,0,0,0,0,0,0,0,0,1,0,1,0
car_977b72f6_jpg.rf.c75c7845313b97f5010433fb17374648.jpg,0,0,0,0,0,0,0,0,0,0,0,0,1,0,0,1,0,1,0,0,0,0,0,0,1,0,0,0,0,0
car_752a3da2_jpg.rf.5d54cd66ce584e174857b759c3cf29fe.jpg,0,0,0,0,0,0,0,0,0,0,0,0,0,0,0,1,0,1,0,0,0,0,0,0,0,0,1,0,1,0
car_9411fc38_jpg.rf.7707f1d99ca81f8930b7383f138eb3a3.jpg,0,0,0,0,0,0,0,1,0,0,0,0,1,0,0,1,0,1,0,0,0,0,0,0,0,0,0,0,0,0
car_72085a3e_jpg.rf.bd2694f85cdce652e23be5a43fbde508.jpg,0,0,0,0,0,0,0,0,0,0,0,0,1,0,0,1,0,1,0,0,0,1,0,0,0,0,0,0,0,0
car_752a3da2_jpg.rf.9ad90be4d6e523d0f89c6d6eee27f054.jpg,0,0,0,0,0,0,0,0,0,0,0,0,0,0,0,1,0,1,0,0,0,0,0,0,0,0,1,0,1,0
car_71561f41_jpg.rf.2a55985b7fe2ef5cadfd3601e01d6c7a.jpg,0,0,0,0,0,0,0,0,0,0,0,1,0,0,0,1,0,1,0,0,0,0,0,0,0,0,0,0,1,0
car_9bed77d6_jpg.rf.bf2ab1d3fd14cc79377dc35c4d9d2474.jpg,0,0,0,0,0,0,0,0,0,0,0,0,0,0,0,1,0,1,0,0,1,0,0,0,0,0,1,0,0,0
car_72139e36_jpg.rf.85af8ce732671f2db785017bbf02a6af.jpg,0,0,0,0,0,0,0,0,0,0,0,0,0,0,0,1,0,1,0,0,0,0,0,0,1,0,0,0,1,0
car_1c337a8b_jpg.rf.5d53bf6784f110f7fd427ea317cd7988.jpg,0,0,0,0,0,0,0,0,0,0,0,0,0,0,0,1,0,1,0,0,0,0,0,0,0,0,1,0,1,0
car_1b19c5dc_jpg.rf.6045437fe8392d64ef64c6569dbbdae4.jpg,0,0,0,0,0,0,0,0,0,0,0,0,1,0,0,1,0,1,0,0,0,0,0,0,1,0,0,0,0,0
car_1a7e6908_jpg.rf.ac38dcb97f041223869b826d4e13d335.jpg,0,0,0,0,0,0,0,0,0,0,0,0,1,0,0,1,0,1,0,0,0,1,0,0,0,0,0,0,0,0
car_73cc7f19_jpg.rf.fb23e503aa10a60cdcde869cd7fd8ac7.jpg,0,0,0,0,0,0,0,0,0,0,0,0,1,0,0,1,0,1,0,0,0,0,0,0,0,0,1,0,0,0
car_6fb6cde8_jpg.rf.b3e017f98371996417c6c1a1e4a991c9.jpg,0,0,0,0,0,0,0,0,0,0,1,0,0,0,0,1,0,1,0,0,0,0,0,0,0,0,0,0,1,0
car_1c4abfd4_jpg.rf.6d9a2b27cc586d44b5ecba3771e7df04.jpg,0,0,0,0,0,0,0,0,0,0,0,0,0,0,0,1,0,1,0,0,1,0,0,0,1,0,0,0,0,0
car_06e53747_jpg.rf.9ad9a67917227b439efca48040231857.jpg,0,0,0,0,0,0,0,0,0,0,0,0,0,0,0,1,0,1,0,0,0,0,0,1,0,0,1,0,0,0
car_04459170_jpg.rf.6a117c9e53363ad83cbd18d9fc8e3cb2.jpg,0,0,0,0,0,0,0,0,0,0,0,1,0,1,0,1,0,1,0,0,0,0,0,0,0,0,0,0,0,0
car_087c7bea_jpg.rf.0a5b4f8e02d8c6efea4604df1dfe9fe7.jpg,0,0,0,0,0,0,0,0,0,0,0,0,1,0,0,1,0,1,0,0,0,0,0,0,0,1,0,0,0,0
car_084909e8_jpg.rf.9ad60a7b55443b8e307841f7c502ca86.jpg,0,0,0,1,0,0,0,0,0,0,0,0,0,0,0,1,0,1,0,0,1,0,0,0,0,0,0,0,0,0
car_100affc4_jpg.rf.298a21a332232d48847bfe12cf013a2d.jpg,0,0,0,0,0,0,0,0,0,0,0,0,1,0,0,1,0,1,0,0,0,1,0,0,0,0,0,0,0,0
car_05860335_jpg.rf.650aac25c35b701663a1d03e940ee99d.jpg,0,0,0,0,0,0,0,0,0,0,0,0,1,0,0,1,0,1,0,0,0,0,0,0,0,0,1,0,0,0
car_71aa8436_jpg.rf.41175d3384ae12d3734dd720efb315a0.jpg,0,0,0,0,0,0,0,0,0,0,0,0,0,0,0,1,0,1,0,0,1,0,0,0,0,0,1,0,0,0
car_1a7e6908_jpg.rf.97ecbdd0b158e285993abe98c8254ce9.jpg,0,0,0,0,0,0,0,0,0,0,0,0,1,0,0,1,0,1,0,0,0,1,0,0,0,0,0,0,0,0
car_05318562_jpg.rf.d65fb52fb86fb429cb844d57222e05fc.jpg,0,0,0,0,0,0,0,0,0,0,0,0,0,0,0,1,0,1,0,0,1,0,0,0,0,0,1,0,0,0
car_0daa884f_jpg.rf.7ffc0eb1affeea8233d4f27aeb27a5ad.jpg,0,0,0,0,0,0,0,1,0,0,0,0,1,0,0,1,0,1,0,0,0,0,0,0,0,0,0,0,0,0
car_1b922880_jpg.rf.af8c5d6f6bcecdabaf90e87e7ed92f5d.jpg,0,0,0,0,0,0,0,0,0,0,0,0,0,0,0,1,0,1,0,0,1,0,0,0,0,0,1,0,0,0
car_719eeef8_jpg.rf.f3c998fdb988b5e7b84bee8971ebdc25.jpg,0,0,0,0,0,0,0,0,0,0,0,0,1,0,0,1,0,1,0,0,0,1,0,0,0,0,0,0,0,0
car_1d4ea261_jpg.rf.d5c858545d4c1f28a4f6de5cee4f11bc.jpg,0,0,0,0,0,0,0,0,0,0,0,0,0,0,0,1,0,1,0,0,0,0,0,0,0,0,1,0,1,0
car_15ec122b_jpg.rf.45cb2e5bdea11ef227ba4c60fedc8aaf.jpg,0,0,0,0,0,0,0,0,0,0,0,0,0,0,0,1,0,1,0,0,0,0,0,0,0,1,0,0,1,0
car_71aa8436_jpg.rf.4c83533578b53d2ca68ee0d8ca49902d.jpg,0,0,0,0,0,0,0,0,0,0,0,0,0,0,0,1,0,1,0,0,1,0,0,0,0,0,1,0,0,0
car_1c599c26_jpg.rf.4d4a71e29a0b558ec9da4d1fee57c2a8.jpg,0,0,0,0,0,0,0,0,0,0,0,0,0,0,0,1,0,1,0,0,1,0,0,0,1,0,0,0,0,0
car_0eac5278_jpg.rf.ae39f217301fedfe8c7b7a7db4d88625.jpg,0,0,0,0,0,0,0,0,0,0,0,0,0,0,0,1,0,1,0,0,1,1,0,0,0,0,0,0,0,0
car_72139e36_jpg.rf.dbab76d40e2bc653d3abefae80429bf5.jpg,0,0,0,0,0,0,0,0,0,0,0,0,0,0,0,1,0,1,0,0,0,0,0,0,1,0,0,0,1,0
car_0fa27b85_jpg.rf.edf7a78c7965229bacb5173ad568fb4a.jpg,0,0,0,0,0,0,0,0,0,0,0,0,0,1,0,1,0,1,0,0,0,0,0,0,1,0,0,0,0,0
car_85200c4c_jpg.rf.a83991b6750b3cb19947e76d50bb8096.jpg,0,0,0,0,0,0,0,0,0,0,1,0,1,0,0,1,0,1,0,0,0,0,0,0,0,0,0,0,0,0
car_7b83e944_jpg.rf.b1ad8f2b52b238864073f9fe193521eb.jpg,0,0,0,1,0,0,0,0,0,0,0,0,0,0,0,1,0,1,0,0,1,0,0,0,0,0,0,0,0,0
car_7154e817_jpg.rf.4fe79dc735d970f1b122e6c6c9ab3f85.jpg,0,0,0,0,0,0,0,0,0,0,0,0,0,0,0,1,0,1,0,0,1,0,0,0,0,0,1,0,0,0
car_771131ef_jpg.rf.63a2262c71073d9625edfc8ddf8d6130.jpg,0,0,0,0,0,0,0,0,0,0,0,0,1,0,0,1,1,1,0,0,0,0,0,0,0,0,0,0,0,0
car_03682986_jpg.rf.3d210c71307bcbae3e1cbc388a2a5d07.jpg,0,0,0,0,0,0,0,0,0,0,1,0,1,0,0,1,0,1,0,0,0,0,0,0,0,0,0,0,0,0
car_88d7d1e9_jpg.rf.a5777c6ab3dcaab94c3d86cb5fdee141.jpg,0,0,0,0,0,0,0,0,0,0,0,0,0,0,0,1,0,1,0,0,1,1,0,0,0,0,0,0,0,0
car_021c2b57_jpg.rf.ad59e4625247f859e9efac04b406ce28.jpg,0,0,0,1,0,0,0,0,0,0,0,0,1,0,0,1,0,1,0,0,0,0,0,0,0,0,0,0,0,0
car_048015be_jpg.rf.d767c470964d8e59d814f0f24368e019.jpg,0,0,0,0,0,0,0,0,0,0,0,0,0,0,0,1,0,1,0,0,0,0,0,0,0,0,1,0,0,1
car_86ce66fc_jpg.rf.2269e6f0dd01c6b20ca57aa28ce54634.jpg,0,0,0,0,0,0,0,0,0,0,0,0,0,0,0,1,0,1,0,0,1,0,0,0,0,0,1,0,0,0
car_0499a860_jpg.rf.6b06a5e5615dfa73488d3e775e6dff71.jpg,0,0,0,0,0,0,0,0,0,0,0,0,0,0,0,1,0,1,0,0,1,0,0,0,0,0,1,0,0,0
car_0f70c0e1_jpg.rf.d4d634c43616e4e50e7a77a359fbf14c.jpg,0,0,0,0,0,0,0,0,0,0,0,0,0,0,0,1,0,1,0,0,1,0,0,0,0,0,1,0,0,0
car_1b922880_jpg.rf.a1017a6ada95f34104625c6aa115c100.jpg,0,0,0,0,0,0,0,0,0,0,0,0,0,0,0,1,0,1,0,0,1,0,0,0,0,0,1,0,0,0
car_89ed77cc_jpg.rf.5331861960c422b9782ee0a3409586d4.jpg,0,0,0,0,0,0,0,0,0,0,0,0,1,0,0,1,0,1,0,0,0,0,0,0,1,0,0,0,0,0
car_1b19c5dc_jpg.rf.151fbd348e411be4c01fad35b34df8d9.jpg,0,0,0,0,0,0,0,0,0,0,0,0,1,0,0,1,0,1,0,0,0,0,0,0,1,0,0,0,0,0
car_11fba8b8_jpg.rf.2ea3479831e1eff36bea8f0f4b2a285e.jpg,0,0,0,1,0,0,0,0,0,0,0,0,0,0,0,1,0,1,0,0,0,0,0,0,0,0,0,0,1,0
car_0392c0f5_jpg.rf.232636f7eb747a0e00cbc6acd173ee56.jpg,0,0,0,0,0,0,0,0,0,0,0,0,0,0,0,1,0,1,0,0,1,0,0,0,0,0,1,0,0,0
car_115373fc_jpg.rf.eb51a37bfceefb55ea9ec3fb0cbac5b0.jpg,0,0,0,0,0,0,0,0,0,0,0,0,0,0,0,1,0,1,0,0,1,0,0,0,1,0,0,0,0,0
car_109fbce1_jpg.rf.b64d694dbb2e4cafaca4d5ba1d303732.jpg,0,0,0,0,0,0,0,0,0,0,0,0,0,0,0,1,0,1,0,0,0,0,0,0,0,0,1,0,1,0
car_8ea1dfe6_jpg.rf.2a108b037e4ab3523390045f63972baa.jpg,0,0,0,0,0,0,0,0,0,0,0,0,0,0,0,1,0,1,0,0,1,1,0,0,0,0,0,0,0,0
car_20011094_jpg.rf.2809ff2ba8a8b42680dd9a98ece9e3c0.jpg,0,0,0,0,0,0,0,0,0,0,0,0,1,0,0,1,1,1,0,0,0,0,0,0,0,0,0,0,0,0
car_1c337a8b_jpg.rf.c73e56cefda3bc0214f4c382afafbba3.jpg,0,0,0,0,0,0,0,0,0,0,0,0,0,0,0,1,0,1,0,0,0,0,0,0,0,0,1,0,1,0
car_208373b3_jpg.rf.2aa69fc9a1ee3cb9270d856d65339f07.jpg,0,0,0,0,0,0,0,0,0,0,0,0,0,1,0,1,0,1,0,0,0,0,0,0,0,0,1,0,0,0
car_8f4cbe0f_jpg.rf.b935734fa07d8607ef1081dfb8eac2e9.jpg,0,0,0,0,0,0,0,1,0,0,0,0,0,0,0,1,0,1,0,0,0,0,0,0,0,0,0,0,1,0
car_1999e36d_jpg.rf.a614ce28f2b71ab08e97b96775ab0a7b.jpg,0,0,0,0,0,0,0,1,0,0,0,0,0,0,0,1,0,1,0,0,1,0,0,0,0,0,0,0,0,0
car_891f4539_jpg.rf.c2112b0d976fc42d8c3b3ccb9c029ae4.jpg,0,0,0,0,0,0,0,0,0,0,0,0,1,0,0,1,1,1,0,0,0,0,0,0,0,0,0,0,0,0
car_12214502_jpg.rf.10116e070836019e3d863974970b7744.jpg,0,0,0,0,0,0,0,0,0,0,0,0,0,0,0,1,0,1,0,0,1,1,0,0,0,0,0,0,0,0
car_122b66da_jpg.rf.7756d46b798e455415030cb9c89c9eac.jpg,0,0,0,0,0,0,0,0,0,0,0,0,0,0,0,1,0,1,0,0,1,0,0,0,0,0,1,0,0,0
car_036cc52a_jpg.rf.0eb9169412004ebbad2420955dde30d0.jpg,0,0,0,0,0,0,0,0,0,0,0,0,1,0,0,1,0,1,0,0,0,0,0,0,1,0,0,0,0,0
car_11b7bff3_jpg.rf.66e99483286010398302b4a5764f55e0.jpg,0,0,0,0,0,0,0,0,0,0,0,1,1,0,0,1,0,1,0,0,0,0,0,0,0,0,0,0,0,0
car_1d85aada_jpg.rf.d828799d24a86af8fa5c97e0f4a71a43.jpg,0,0,0,0,0,0,0,0,0,0,0,0,1,0,0,1,1,1,0,0,0,0,0,0,0,0,0,0,0,0
car_75e242d1_jpg.rf.6cbcaa02f4c7b35e292d5de6787bb768.jpg,0,0,0,0,0,0,0,0,0,0,0,0,0,0,0,1,0,1,0,0,0,0,0,1,1,0,0,0,0,0
car_8e125589_jpg.rf.c95cb7c6b481367e2286fcf908addd28.jpg,0,0,0,0,0,0,0,0,0,0,0,0,0,0,0,1,0,1,0,0,0,0,0,0,0,0,1,0,1,0
car_141ddae3_jpg.rf.8f2b4ebda073f3dcc2d94e1cb0e87d4e.jpg,0,0,0,0,0,0,0,1,0,0,0,0,0,0,0,1,0,1,0,0,1,0,0,0,0,0,0,0,0,0
car_89524579_jpg.rf.48bec88b81e347fbf70b8d4efa0fced0.jpg,0,1,0,0,0,0,0,0,0,0,0,0,1,0,0,1,0,1,0,0,0,0,0,0,0,0,0,0,0,0
car_18923855_jpg.rf.3dfc19f49fa9931f7a560d98c27fff9d.jpg,0,0,0,0,0,0,0,0,0,0,0,0,0,0,0,1,0,1,0,0,0,0,0,0,1,0,0,0,1,0
car_1c599c26_jpg.rf.59559749faa8a600ac3df674f947e4fa.jpg,0,0,0,0,0,0,0,0,0,0,0,0,0,0,0,1,0,1,0,0,1,0,0,0,1,0,0,0,0,0
car_8ddf516f_jpg.rf.4f5ae6987063a2dbc4bda08bf7d36629.jpg,0,0,0,0,0,0,0,0,0,0,0,0,1,0,0,1,0,1,0,0,0,0,0,0,0,1,0,0,0,0
car_18cb9e17_jpg.rf.298db6a9d87d363d4f722ba6897c0387.jpg,0,0,0,0,0,0,0,0,0,0,0,0,0,0,0,1,0,1,0,0,0,0,0,0,0,0,1,0,1,0
car_1d4ea261_jpg.rf.1516963d45149abe8a3cb95dc199a0a8.jpg,0,0,0,0,0,0,0,0,0,0,0,0,0,0,0,1,0,1,0,0,0,0,0,0,0,0,1,0,1,0
car_1c4abfd4_jpg.rf.132cef306d9cdc65b92b5e64a677ea10.jpg,0,0,0,0,0,0,0,0,0,0,0,0,0,0,0,1,0,1,0,0,1,0,0,0,1,0,0,0,0,0
car_1263c5d1_jpg.rf.a63103acbf42a14d9aa38361ff0f724d.jpg,0,0,0,0,0,0,0,0,0,0,0,0,0,0,0,1,0,1,0,0,0,0,0,1,0,0,1,0,0,0
car_138f3cf7_jpg.rf.19b3e7aa132713e95c731d2846048e87.jpg,0,0,0,0,0,0,0,0,0,0,0,0,0,1,0,1,0,1,0,0,0,0,0,0,0,0,1,0,0,0
car_8b70c712_jpg.rf.5ccf12741166652bb38d87ba61f2da85.jpg,0,0,0,0,0,0,0,0,0,0,0,0,0,0,0,1,0,1,0,0,0,0,0,1,0,0,1,0,0,0
car_8fb33089_jpg.rf.67a6ea8fb3adf6c5f0d4ffbccf89d060.jpg,0,0,0,0,0,0,0,0,0,0,0,0,0,0,0,1,0,1,0,0,0,0,0,0,0,0,1,0,1,0
car_73cc7f19_jpg.rf.c1f85da0198055c6a37cbb26c20661e1.jpg,0,0,0,0,0,0,0,0,0,0,0,0,1,0,0,1,0,1,0,0,0,0,0,0,0,0,1,0,0,0
car_90b24584_jpg.rf.1c92962971054fb5b168b1ef8d4d0aad.jpg,0,0,0,0,0,0,0,0,0,0,0,0,0,0,0,1,0,1,0,0,0,0,0,0,0,0,1,0,1,0
car_88745d07_jpg.rf.97399db8ce66e876e163035e74caff95.jpg,0,0,0,0,0,0,0,0,0,0,0,0,1,0,0,1,0,1,0,0,0,0,0,0,1,0,0,0,0,0
car_11fe22ed_jpg.rf.efbb0bb4f8ed195a08fef59fd49ae41b.jpg,0,0,0,0,0,0,0,1,0,0,0,0,0,0,0,1,0,1,0,0,0,0,0,0,0,0,0,0,1,0
car_73befcf3_jpg.rf.e2497526fc4f4f4c16670b716f5886b4.jpg,0,0,0,0,0,0,0,0,0,0,0,0,0,0,0,1,0,1,0,0,1,0,0,0,1,0,0,0,0,0
car_888bdf32_jpg.rf.a45613247788754e94ae367d2f449a4f.jpg,0,0,0,0,0,0,0,0,0,0,0,0,0,0,0,1,0,1,0,0,0,0,0,0,0,0,1,0,1,0
car_20302a2e_jpg.rf.54c193241819e0c4b9b2b476f07f4c22.jpg,0,0,0,0,0,0,0,0,0,0,0,0,1,0,0,1,0,1,0,0,0,0,0,0,0,1,0,0,0,0
car_084909e8_jpg.rf.071662f4e4754eb3e9dd3eb0be44627e.jpg,0,0,0,1,0,0,0,0,0,0,0,0,0,0,0,1,0,1,0,0,1,0,0,0,0,0,0,0,0,0
car_774edd79_jpg.rf.4f89b1577cbf622531cc8fa88f20ef69.jpg,0,0,0,0,0,0,0,0,0,0,0,0,0,0,0,1,0,1,0,0,0,0,0,0,1,0,0,0,1,0
car_1c8b83b0_jpg.rf.d5236aaf09f823aebcecd1bd223b8c9b.jpg,0,0,0,0,0,0,0,0,0,0,0,0,1,0,0,1,0,1,0,0,0,1,0,0,0,0,0,0,0,0
car_73befcf3_jpg.rf.fc4e9a76e9dffe841ad2e9441d077277.jpg,0,0,0,0,0,0,0,0,0,0,0,0,0,0,0,1,0,1,0,0,1,0,0,0,1,0,0,0,0,0
car_18923855_jpg.rf.31c08848fb6700e0fb6c46c4e0d3e83f.jpg,0,0,0,0,0,0,0,0,0,0,0,0,0,0,0,1,0,1,0,0,0,0,0,0,1,0,0,0,1,0
car_20011094_jpg.rf.77381986896e2b8181742bf3377dba74.jpg,0,0,0,0,0,0,0,0,0,0,0,0,1,0,0,1,1,1,0,0,0,0,0,0,0,0,0,0,0,0
car_79db7cdc_jpg.rf.c4e2ea8f4870e78eddf255780459d9e8.jpg,0,0,0,0,0,0,0,0,0,0,0,0,1,0,0,1,0,1,0,0,0,0,0,0,1,0,0,0,0,0
car_1c8b83b0_jpg.rf.7923637d5761883d4f81ef6c912945d8.jpg,0,0,0,0,0,0,0,0,0,0,0,0,1,0,0,1,0,1,0,0,0,1,0,0,0,0,0,0,0,0
car_06d283c9_jpg.rf.5eb3e2f9ccf17ff1103ca85c0244c204.jpg,0,0,0,0,0,0,0,1,0,0,0,0,0,0,0,1,0,1,0,0,0,0,0,0,0,0,0,0,1,0
car_7abc3823_jpg.rf.a5f9f7c4407f86634b99aa12588cd467.jpg,0,0,0,0,0,0,0,0,0,0,0,0,0,0,0,1,0,1,0,0,0,0,0,0,1,0,0,0,1,0
car_0b64feb3_jpg.rf.eb9678762559fb819c5cdc43114dc56d.jpg,0,0,0,0,0,0,0,0,0,0,0,0,0,0,0,1,0,1,0,0,0,0,0,0,0,0,1,0,1,0
car_794c7532_jpg.rf.dc7d920016c0a1287c29a3fb6825dca9.jpg,0,0,0,0,0,0,0,0,0,0,0,0,0,1,0,1,0,1,0,0,0,0,0,0,0,0,1,0,0,0
car_231cf5ee_jpg.rf.5afe928768cb26838b550767518936a0.jpg,0,0,0,0,0,0,0,0,0,0,0,0,1,0,0,1,0,1,0,0,0,0,0,0,0,0,1,0,0,0
car_06e53747_jpg.rf.fb86f1d303565a2dee394cd88ac3774b.jpg,0,0,0,0,0,0,0,0,0,0,0,0,0,0,0,1,0,1,0,0,0,0,0,1,0,0,1,0,0,0
car_7b83e944_jpg.rf.bbe5dc41db7132bbec4b5016153c04c0.jpg,0,0,0,1,0,0,0,0,0,0,0,0,0,0,0,1,0,1,0,0,1,0,0,0,0,0,0,0,0,0
car_15d8e80c_jpg.rf.e187995404ddf8ff5d00ff6cd64ed781.jpg,0,0,0,0,0,0,0,0,0,0,0,0,0,0,1,1,0,1,0,0,0,0,0,0,1,0,0,0,0,0
car_208373b3_jpg.rf.a07b7a780de76ba4755113debbaf7f62.jpg,0,0,0,0,0,0,0,0,0,0,0,0,0,1,0,1,0,1,0,0,0,0,0,0,0,0,1,0,0,0
car_141ddae3_jpg.rf.514d44b014bc8ebe6180c03c98534952.jpg,0,0,0,0,0,0,0,1,0,0,0,0,0,0,0,1,0,1,0,0,1,0,0,0,0,0,0,0,0,0
car_7e473fde_jpg.rf.448e9870e16e55a9496b3bad757f1775.jpg,0,0,0,0,0,0,0,0,0,0,1,0,1,0,0,1,0,1,0,0,0,0,0,0,0,0,0,0,0,0
car_20302a2e_jpg.rf.51bfc7428e35112d79886d61b3b92d05.jpg,0,0,0,0,0,0,0,0,0,0,0,0,1,0,0,1,0,1,0,0,0,0,0,0,0,1,0,0,0,0
car_8a796c9a_jpg.rf.88246e97317e4fd7225a3452e15d3f40.jpg,0,0,0,0,0,0,0,0,0,0,0,0,0,0,0,1,0,1,0,0,1,0,0,0,0,0,1,0,0,0
car_26492075_jpg.rf.91cbae50aac624180a964a15bb9a9f57.jpg,0,0,0,0,0,0,0,0,0,0,0,0,0,0,0,1,0,1,0,0,0,0,0,0,0,0,1,0,1,0
car_1999e36d_jpg.rf.f8809cb30fce402c8dd57edc7c47a13a.jpg,0,0,0,0,0,0,0,1,0,0,0,0,0,0,0,1,0,1,0,0,1,0,0,0,0,0,0,0,0,0
car_24ecc633_jpg.rf.824ad22ca993ab56a7df6d74a67f3ffc.jpg,0,0,0,0,0,0,0,0,0,0,0,0,0,0,0,1,0,1,0,0,1,0,0,0,0,0,1,0,0,0
car_7d2b67cc_jpg.rf.b8ed41850f2604897811d5b8cfe27943.jpg,0,0,0,0,0,0,0,0,0,0,0,0,0,0,0,1,0,1,0,0,1,0,0,0,0,0,1,0,0,0
car_087c7bea_jpg.rf.1bc15ea8125b2b4f9dec89735042f67b.jpg,0,0,0,0,0,0,0,0,0,0,0,0,1,0,0,1,0,1,0,0,0,0,0,0,0,1,0,0,0,0
car_7e886e7b_jpg.rf.afb66654a1dd3356378863c173f6ea90.jpg,0,0,0,0,0,0,0,0,0,0,0,0,1,0,0,1,0,0,0,0,0,0,1,0,1,0,0,0,0,0
car_0715e18a_jpg.rf.62a41711b83ee7b58b98a087d22b40a2.jpg,0,0,0,0,0,0,0,0,0,0,0,0,1,0,0,1,0,1,0,0,0,0,0,0,1,0,0,0,0,0
car_231cf5ee_jpg.rf.43f16d4df12f37c082445a67900b3cec.jpg,0,0,0,0,0,0,0,0,0,0,0,0,1,0,0,1,0,1,0,0,0,0,0,0,0,0,1,0,0,0
car_18cb9e17_jpg.rf.349b117ec86e7d1905295c5d4147fcaf.jpg,0,0,0,0,0,0,0,0,0,0,0,0,0,0,0,1,0,1,0,0,0,0,0,0,0,0,1,0,1,0
car_7c735aba_jpg.rf.11a659c6965735fe877454f469a0641b.jpg,0,0,0,0,0,0,0,0,0,0,0,0,0,0,0,1,0,1,0,0,1,0,0,0,0,0,1,0,0,0
car_1263c5d1_jpg.rf.9b3259145f964f415d7609a01b520742.jpg,0,0,0,0,0,0,0,0,0,0,0,0,0,0,0,1,0,1,0,0,0,0,0,1,0,0,1,0,0,0
car_7ef8d848_jpg.rf.db1fcfbc75e061d4caeda9ace017e458.jpg,0,0,0,0,0,0,0,0,0,0,0,1,1,0,0,1,0,1,0,0,0,0,0,0,0,0,0,0,0,0
car_0a9e0ed6_jpg.rf.1b357048e712057a791b43d2fefc0734.jpg,0,0,0,0,0,0,0,0,0,0,0,0,0,0,0,1,1,1,0,0,0,0,0,0,0,0,0,0,1,0
car_26f1ba44_jpg.rf.80d655c7e4efc0f248ed5ffc5bbb124d.jpg,1,0,0,0,0,0,0,0,0,0,0,0,1,0,0,1,0,1,0,0,0,0,0,0,0,0,0,0,0,0
car_77b70286_jpg.rf.0100b717b3c35b0671e2a9d883717644.jpg,0,0,0,0,0,0,0,0,0,0,0,0,1,0,0,1,0,1,0,0,0,0,0,0,1,0,0,0,0,0
car_8515880d_jpg.rf.5250af00d2457a403ca9a8f7bd72990d.jpg,0,0,0,0,0,0,0,0,0,0,0,0,0,0,0,1,0,1,0,0,0,0,0,0,1,0,0,0,1,0
car_2b016690_jpg.rf.f48762011457e02c8bb11bd043ca45db.jpg,0,0,0,0,0,0,0,0,0,0,0,0,0,0,0,1,0,1,0,0,1,1,0,0,0,0,0,0,0,0
car_26778327_jpg.rf.1287ff16e26ec79599dd959b1a6f409c.jpg,0,0,0,0,0,0,0,0,0,0,0,0,1,0,0,1,0,1,0,0,0,0,0,0,0,1,0,0,0,0
car_0cc34572_jpg.rf.4f722f99bebb59ea33a8c865829d8713.jpg,0,0,0,0,0,0,0,0,0,0,0,0,0,0,0,1,0,1,0,0,0,0,0,0,1,0,0,0,1,0
car_84d19b50_jpg.rf.779fbc1abc3bff9d65947f8b29680843.jpg,0,0,0,0,0,0,0,0,0,0,0,0,1,0,0,1,1,1,0,0,0,0,0,0,0,0,0,0,0,0
car_33f931bf_jpg.rf.9c2dc4c3e1bce406bb70b52a006aab10.jpg,0,0,0,0,0,0,0,0,0,0,0,0,0,0,0,1,0,1,0,0,0,0,0,0,0,0,1,0,1,0
car_26a425cb_jpg.rf.b1d9df92b3c4cfb29d8d0956a8875418.jpg,0,0,0,0,0,0,0,0,0,0,0,0,0,0,0,1,0,1,0,0,1,0,0,0,1,0,0,0,0,0
car_138f3cf7_jpg.rf.46309b6bccf4c829844fe5a199b65fdb.jpg,0,0,0,0,0,0,0,0,0,0,0,0,0,1,0,1,0,1,0,0,0,0,0,0,0,0,1,0,0,0
car_15ec122b_jpg.rf.4f9539dc16ec4faaa9d0df9f0fbf0bce.jpg,0,0,0,0,0,0,0,0,0,0,0,0,0,0,0,1,0,1,0,0,0,0,0,0,0,1,0,0,1,0
car_cda34b7b_jpg.rf.3a8c1bd7c72cd1891d330e6a0deb261b.jpg,0,0,0,1,0,0,0,0,0,0,0,0,0,0,0,1,0,1,0,0,1,0,0,0,0,0,0,0,0,0
car_05d7abfc_jpg.rf.ae8ce777c95ad5d276f6cd3b82b3704c.jpg,0,0,0,0,0,0,0,0,0,0,0,0,1,0,0,1,0,1,0,0,0,0,0,0,0,1,0,0,0,0
car_15d8e80c_jpg.rf.376674fd2a393b3f0330b95838dc620c.jpg,0,0,0,0,0,0,0,0,0,0,0,0,0,0,1,1,0,1,0,0,0,0,0,0,1,0,0,0,0,0
car_0b7a03cc_jpg.rf.1afbd223a47fa845e8fc2dceedb36997.jpg,0,0,0,0,0,0,0,0,0,0,0,0,0,0,0,1,0,1,0,0,0,0,0,1,0,0,1,0,0,0
car_2bb9b947_jpg.rf.e8c06c83de463adcac87cb223ae2b258.jpg,0,0,0,0,0,0,0,0,0,0,0,0,0,0,0,1,0,1,0,0,1,1,0,0,0,0,0,0,0,0
car_29284998_jpg.rf.39df79c89acf81b0b81451b6e515cad7.jpg,0,0,0,0,0,0,0,0,0,0,0,0,0,0,0,1,0,1,0,0,0,0,0,0,0,1,0,0,1,0
car_0b1c26d6_jpg.rf.a646763115cf8c9dfc2f8618c8ea9888.jpg,0,0,0,0,0,0,0,0,0,0,0,0,0,0,0,1,0,1,0,0,0,0,0,0,1,0,0,0,1,0
car_1d85aada_jpg.rf.4bd5c596e569a64c3a4f65d9471ed518.jpg,0,0,0,0,0,0,0,0,0,0,0,0,1,0,0,1,1,1,0,0,0,0,0,0,0,0,0,0,0,0
car_0b1c26d6_jpg.rf.46c954e2e30be8928ba8ca3f95969704.jpg,0,0,0,0,0,0,0,0,0,0,0,0,0,0,0,1,0,1,0,0,0,0,0,0,1,0,0,0,1,0
car_0d7d12bb_jpg.rf.42a5c4519bd5f86c557f2f98833a0d32.jpg,0,0,0,0,0,0,0,0,0,0,0,0,1,0,0,1,0,1,0,0,0,0,0,0,1,0,0,0,0,0
car_0d49ef1a_jpg.rf.72cc38cd55b20d4cb41032d856ed4ba9.jpg,0,0,0,0,0,0,0,0,0,0,0,0,0,0,0,1,1,1,0,0,0,0,0,0,0,0,0,0,1,0
car_d427f81c_jpg.rf.ca170480e93df29beba0835a018ca834.jpg,0,0,0,0,0,0,0,0,0,0,0,0,1,0,0,1,0,1,0,0,0,0,0,0,0,0,1,0,0,0
car_06b26754_jpg.rf.71707fc13f01a1128595830d4427839b.jpg,0,0,0,0,0,0,0,0,0,0,1,0,1,0,0,1,0,1,0,0,0,0,0,0,0,0,0,0,0,0
car_cde417f3_jpg.rf.b68341782b52d6aca86b1413b40d9342.jpg,0,0,0,0,0,0,0,0,0,0,0,0,1,0,0,1,1,1,0,0,0,0,0,0,0,0,0,0,0,0
car_796c6fd5_jpg.rf.aa6f137f77d1d5e9d7b698da64d5e63b.jpg,0,1,0,0,0,0,0,0,0,0,0,0,1,0,0,1,0,0,0,0,0,0,1,0,0,0,0,0,0,0
car_0a9e0ed6_jpg.rf.77ea1afcf989c877b22581d80cd5974d.jpg,0,0,0,0,0,0,0,0,0,0,0,0,0,0,0,1,1,1,0,0,0,0,0,0,0,0,0,0,1,0
car_0bc101e6_jpg.rf.4e4c0edac0f5cb11db3c15f52084a4bf.jpg,0,0,0,0,0,0,0,0,0,0,0,0,0,0,0,1,0,1,0,0,0,0,0,0,0,0,1,0,1,0
car_25a123d5_jpg.rf.b560c28c0002c2edc6b6b2e4244ae5ce.jpg,0,0,1,0,0,0,0,0,0,0,0,0,1,0,0,1,0,1,0,0,0,0,0,0,0,0,0,0,0,0
car_0b64feb3_jpg.rf.0811f9de3ae2543eae0708c97a671a77.jpg,0,0,0,0,0,0,0,0,0,0,0,0,0,0,0,1,0,1,0,0,0,0,0,0,0,0,1,0,1,0
car_d32b76c3_jpg.rf.c30a05da2490bb476322f258706705aa.jpg,0,0,0,0,0,0,0,0,0,0,0,0,1,0,0,1,0,1,0,0,0,0,0,0,1,0,0,0,0,0
car_0bc101e6_jpg.rf.c6598f5347cded6e72f3aef49d9ff642.jpg,0,0,0,0,0,0,0,0,0,0,0,0,0,0,0,1,0,1,0,0,0,0,0,0,0,0,1,0,1,0
car_d2ea7d95_jpg.rf.1e26832d1f55da3144c4182ab70554ca.jpg,0,0,0,0,0,0,0,0,0,0,1,0,1,0,0,1,0,1,0,0,0,0,0,0,0,0,0,0,0,0
car_0d49ef1a_jpg.rf.9fa5a658dd38878c164aa86f362d3174.jpg,0,0,0,0,0,0,0,0,0,0,0,0,0,0,0,1,1,1,0,0,0,0,0,0,0,0,0,0,1,0
car_0d5824d2_jpg.rf.b7a7fbda5675ce17819af08b30f1a822.jpg,0,0,0,0,0,0,0,0,0,0,0,0,1,0,0,1,0,1,0,0,0,0,0,0,0,1,0,0,0,0
car_cfd3c76c_jpg.rf.89d3ddb8accedd7c5634b3b87cbd4a14.jpg,0,0,0,0,0,0,0,1,0,0,0,0,0,0,0,1,0,1,0,0,0,0,0,0,0,0,0,0,1,0
car_336b9d4e_jpg.rf.74502d98a7959c721009e3442e0d06f9.jpg,0,0,0,0,0,0,0,0,0,0,0,0,0,0,0,1,0,1,0,0,1,0,0,0,0,0,1,0,0,0
car_d450b5b8_jpg.rf.298d634cf2063d6b1ababf4ca7d96c4b.jpg,1,0,0,0,0,0,0,0,0,0,0,0,0,1,0,1,0,0,0,0,0,0,0,0,0,0,0,0,0,0
car_d28e29db_jpg.rf.0f10cf9c8a2e536409223d7966eb4fcc.jpg,0,0,0,0,0,0,0,0,0,0,0,0,0,0,0,1,0,0,0,0,0,0,1,0,1,0,0,0,1,0
car_2c54ca0c_jpg.rf.3cf0407b4b01083bd58daa13d31ee5db.jpg,0,0,0,1,0,0,0,0,0,0,0,0,1,0,0,1,0,1,0,0,0,0,0,0,0,0,0,0,0,0
car_77b70286_jpg.rf.06a952188dd64072369b1decd5c30f2a.jpg,0,0,0,0,0,0,0,0,0,0,0,0,1,0,0,1,0,1,0,0,0,0,0,0,1,0,0,0,0,0
car_d5b7cec0_jpg.rf.eee3b82eef55f6a6face86e1e0572855.jpg,0,0,0,0,0,0,0,0,0,0,0,0,0,0,0,1,0,1,0,0,1,0,0,0,0,0,1,0,0,0
car_833bcfc0_jpg.rf.b1e05bb9c1fcb4c4f220f95155a244dc.jpg,0,0,0,0,0,0,0,0,0,0,0,0,1,0,0,1,0,1,0,0,0,0,0,0,1,0,0,0,0,0
car_ce2eab2b_jpg.rf.07061e76a82957c9ad2eda30058f1c6e.jpg,0,0,0,0,0,0,0,0,0,0,0,0,1,0,0,1,0,1,0,0,0,0,0,0,0,1,0,0,0,0
car_794c7532_jpg.rf.62e25213b6969a04caf191997d828771.jpg,0,0,0,0,0,0,0,0,0,0,0,0,0,1,0,1,0,1,0,0,0,0,0,0,0,0,1,0,0,0
car_d831b762_jpg.rf.f8e6089034c5f81043afedf75b491ff0.jpg,0,0,0,0,0,0,0,0,0,0,0,0,1,0,0,1,0,1,0,0,0,1,0,0,0,0,0,0,0,0
car_e00dcc03_jpg.rf.ff0d48c47c786f2be4480ce8feb09ae6.jpg,0,0,0,0,0,0,0,0,0,0,0,0,0,0,0,1,1,1,0,0,0,0,0,0,0,0,0,0,1,0
car_0d5824d2_jpg.rf.df348039ee948a59f896ccf3db910951.jpg,0,0,0,0,0,0,0,0,0,0,0,0,1,0,0,1,0,1,0,0,0,0,0,0,0,1,0,0,0,0
car_d4284619_jpg.rf.62ea94816c0b9cd3582f89895719c94a.jpg,0,0,0,1,0,0,0,0,0,0,0,0,0,0,0,1,0,1,0,0,1,0,0,0,0,0,0,0,0,0
car_0cc34572_jpg.rf.912d7326db428283524f4137d2bdb023.jpg,0,0,0,0,0,0,0,0,0,0,0,0,0,0,0,1,0,1,0,0,0,0,0,0,1,0,0,0,1,0
car_0b7a03cc_jpg.rf.be9bbbcf3b4b89018006fc87bc620ff4.jpg,0,0,0,0,0,0,0,0,0,0,0,0,0,0,0,1,0,1,0,0,0,0,0,1,0,0,1,0,0,0
car_ec3c849f_jpg.rf.6eed94036001b4b36725cd73fe94613d.jpg,0,0,1,0,0,0,0,0,0,0,0,0,1,0,0,1,0,1,0,0,0,0,0,0,0,0,0,0,0,0
car_0d7d12bb_jpg.rf.f281a14d913485688e0b02611ceaaa1a.jpg,0,0,0,0,0,0,0,0,0,0,0,0,1,0,0,1,0,1,0,0,0,0,0,0,1,0,0,0,0,0
car_2835fad5_jpg.rf.11700aada4609ca2abc24d513dfa1ef1.jpg,0,0,0,0,0,0,0,0,0,0,1,0,1,0,0,1,0,1,0,0,0,0,0,0,0,0,0,0,0,0
car_796c6fd5_jpg.rf.87137504ed87a6a65233928a8a7fb3fc.jpg,0,1,0,0,0,0,0,0,0,0,0,0,1,0,0,1,0,0,0,0,0,0,1,0,0,0,0,0,0,0
car_ec4abe8b_jpg.rf.40e51d299f3d2e69eea079d19bc5f2be.jpg,0,0,0,0,0,0,0,0,0,0,0,0,0,0,0,1,0,1,0,0,0,0,0,1,0,0,1,0,0,0
car_2b692003_jpg.rf.1eb396ac559f72b63a5cdd0ca03d16a8.jpg,0,0,0,0,0,0,0,0,0,0,1,0,1,0,0,1,0,1,0,0,0,0,0,0,0,0,0,0,0,0
car_ece19aa6_jpg.rf.3331b00497db4d51305561404ce6f629.jpg,0,0,0,0,0,0,0,0,0,0,0,0,1,0,0,1,0,1,0,0,0,0,0,0,1,0,0,0,0,0
car_850a6e8e_jpg.rf.c79f9fde252b4a78ab8dadd85f52f2b5.jpg,0,0,0,0,0,0,0,0,0,0,0,0,1,0,0,1,0,1,0,0,0,0,0,0,1,0,0,0,0,0
car_ecea4c88_jpg.rf.0e7dd878b0a52101cfa90ed09c15e06b.jpg,0,0,0,0,0,0,0,0,0,0,0,0,0,0,0,1,0,1,0,0,1,0,0,0,1,0,0,0,0,0
car_d6999dd8_jpg.rf.38c2a89e4162b2a759f63dbcf1c14e7b.jpg,0,0,0,0,0,0,0,0,0,0,0,0,0,1,0,1,0,1,0,0,0,0,0,0,1,0,0,0,0,0
car_cf3999ec_jpg.rf.b25cd30cc33d9fddc1e6127ee1d4bd15.jpg,0,0,0,0,0,0,0,0,0,0,0,0,0,0,0,1,1,1,0,0,0,0,0,0,0,0,0,0,1,0
car_ce893d7c_jpg.rf.d3060c8b1363ef27ec052bf6f9269e54.jpg,0,0,1,0,0,0,0,0,0,0,0,0,1,0,0,1,0,1,0,0,0,0,0,0,0,0,0,0,0,0
car_7c735aba_jpg.rf.07693145aaba830aa573659b42333066.jpg,0,0,0,0,0,0,0,0,0,0,0,0,0,0,0,1,0,1,0,0,1,0,0,0,0,0,1,0,0,0
car_72085a3e_jpg.rf.b5d7fa829edd590f9032fda05bfe7d2c.jpg,0,0,0,0,0,0,0,0,0,0,0,0,1,0,0,1,0,1,0,0,0,1,0,0,0,0,0,0,0,0
car_ed145448_jpg.rf.85f4b1cef17156ec58906bccca5e14ce.jpg,0,0,0,0,0,0,0,0,0,0,0,1,0,0,0,1,0,1,0,0,0,0,0,0,0,0,0,0,1,0
car_d90c85ce_jpg.rf.e1148e9b3a05da2af2418861d8584725.jpg,0,0,0,0,0,0,0,0,0,0,0,0,1,0,0,1,0,1,0,0,0,1,0,0,0,0,0,0,0,0
car_e35fdba1_jpg.rf.f4633fc6afbab68b2dd39a11b22915ad.jpg,0,0,0,0,0,0,0,0,0,0,0,1,1,0,0,1,0,1,0,0,0,0,0,0,0,0,0,0,0,0
car_79db7cdc_jpg.rf.5f87a5a7fdea976afff2a505744528df.jpg,0,0,0,0,0,0,0,0,0,0,0,0,1,0,0,1,0,1,0,0,0,0,0,0,1,0,0,0,0,0
car_89524579_jpg.rf.345a80ad0908a7d7b402c7661676fade.jpg,0,1,0,0,0,0,0,0,0,0,0,0,1,0,0,1,0,1,0,0,0,0,0,0,0,0,0,0,0,0
car_e00ae6c4_jpg.rf.dacda5caece7dc35912758a2c058cf18.jpg,0,0,0,0,0,0,0,0,0,0,0,0,1,0,0,1,0,1,0,0,0,0,0,0,0,0,1,0,0,0
car_719eeef8_jpg.rf.24176458d95248dbab94745e7150ca05.jpg,0,0,0,0,0,0,0,0,0,0,0,0,1,0,0,1,0,1,0,0,0,1,0,0,0,0,0,0,0,0
car_d2a20d56_jpg.rf.81aaa237bae5cbaa7c4ba1d09cd7b404.jpg,0,0,0,0,0,0,0,0,0,0,0,0,0,0,0,1,0,1,0,0,0,0,0,0,1,0,0,0,1,0
car_71aa8436_jpg.rf.2b37fdbb4cb3b4c2a4295a593da6bd0e.jpg,0,0,0,0,0,0,0,0,0,0,0,0,0,0,0,1,0,1,0,0,1,0,0,0,0,0,1,0,0,0
car_da684872_jpg.rf.e686a362decafd739bb6e011ffac09e1.jpg,0,0,0,0,0,0,0,0,0,0,0,1,0,0,0,1,0,1,0,0,0,0,0,0,0,0,0,0,1,0
car_d814f554_jpg.rf.113234549986bb91545adbead37076bb.jpg,0,0,0,0,0,0,0,0,0,0,0,0,0,0,0,1,0,1,0,0,1,0,0,0,1,0,0,0,0,0
car_891f4539_jpg.rf.4aedc6380f1e3b5b5ad3dcb5baebea13.jpg,0,0,0,0,0,0,0,0,0,0,0,0,1,0,0,1,1,1,0,0,0,0,0,0,0,0,0,0,0,0
car_d5d3517d_jpg.rf.4cba887f02315f9feca51c1cb099b4a5.jpg,0,0,0,0,0,0,0,0,0,0,0,0,0,0,0,1,0,1,0,0,0,0,0,0,0,0,1,0,1,0
car_ed874da0_jpg.rf.87c126813084f060be079d2491b3d762.jpg,0,0,1,0,0,0,0,0,0,0,0,0,0,0,0,0,0,1,0,0,0,0,0,0,0,0,0,1,1,0
car_da997070_jpg.rf.c69c562d53313ec4597f69a1322b85b4.jpg,0,0,0,0,0,0,0,0,0,0,0,0,1,0,0,1,1,1,0,0,0,0,0,0,0,0,0,0,0,0
car_e3f51f3e_jpg.rf.1d0df1619f02003d0c063f5d5367af18.jpg,0,0,0,0,0,0,0,0,0,0,0,0,0,0,0,1,0,1,0,0,0,0,0,0,1,0,0,0,1,0
car_e01685d1_jpg.rf.abb65d0d05db5c265bb3e6cdd372c54c.jpg,0,0,0,0,0,0,0,0,0,0,0,0,0,0,0,1,0,0,0,0,0,0,1,0,0,0,1,0,1,0
car_e64a59f6_jpg.rf.54092b095c1d78cb52fd4d2ce3a3f15f.jpg,0,0,0,1,0,0,0,0,0,0,0,0,0,0,0,1,0,1,0,0,0,0,0,0,0,0,0,0,0,1
car_e8a0946b_jpg.rf.98487f9fbec037dff70aa2cfe597c259.jpg,0,0,0,1,0,0,0,0,0,0,0,0,0,0,0,1,0,1,0,0,1,0,0,0,0,0,0,0,0,0
car_e2ba99e4_jpg.rf.2111978319f040bb5c6afc3bf8280b8a.jpg,0,0,0,0,0,0,0,0,0,0,0,0,0,0,0,1,0,1,0,0,0,0,0,1,0,0,1,0,0,0
car_ee491b3b_jpg.rf.8277b63ed14dd56f94db5b9b21a500aa.jpg,0,0,0,0,0,0,0,0,0,0,0,0,0,0,0,1,0,1,0,0,0,0,0,0,0,0,1,0,1,0
car_e7091d90_jpg.rf.3c3db4a4b6eb935cd7e16ecd11f14f01.jpg,0,0,0,0,0,0,0,0,0,0,0,0,0,0,0,1,0,1,0,0,0,0,0,1,0,0,1,0,0,0
car_8a796c9a_jpg.rf.21125944d0d8c83a4ce6ee65115babff.jpg,0,0,0,0,0,0,0,0,0,0,0,0,0,0,0,1,0,1,0,0,1,0,0,0,0,0,1,0,0,0
car_7abc3823_jpg.rf.b0aff1a43247973782bf5853b75c8c3b.jpg,0,0,0,0,0,0,0,0,0,0,0,0,0,0,0,1,0,1,0,0,0,0,0,0,1,0,0,0,1,0
car_75e242d1_jpg.rf.21d1aee31ad610ae2bc7d5ad5144fe30.jpg,0,0,0,0,0,0,0,0,0,0,0,0,0,0,0,1,0,1,0,0,0,0,0,1,1,0,0,0,0,0
car_e2605b29_jpg.rf.4cc4d6028fec9a14548c9da67e96148e.jpg,0,0,0,0,0,0,0,0,0,0,0,0,0,0,0,1,0,1,0,0,0,0,0,0,0,1,0,0,1,0
car_7b83e944_jpg.rf.44dda1d8397d76485c5e532c1a7d53d1.jpg,0,0,0,1,0,0,0,0,0,0,0,0,0,0,0,1,0,1,0,0,1,0,0,0,0,0,0,0,0,0
car_73cc7f19_jpg.rf.04f454c9328741af3663392ada29bf2b.jpg,0,0,0,0,0,0,0,0,0,0,0,0,1,0,0,1,0,1,0,0,0,0,0,0,0,0,1,0,0,0
car_8b70c712_jpg.rf.c7678f76b255cfa89dedda5b914c12e9.jpg,0,0,0,0,0,0,0,0,0,0,0,0,0,0,0,1,0,1,0,0,0,0,0,1,0,0,1,0,0,0
car_ede722ca_jpg.rf.4fe2dc3be9c0f8351328127dfcfbdc3d.jpg,0,0,0,0,0,0,0,0,0,0,0,0,0,1,0,1,0,1,0,0,0,0,0,0,1,0,0,0,0,0
car_d8226025_jpg.rf.ea4e07edc7a8dddd431621566a9751df.jpg,0,0,0,0,0,0,0,0,0,0,0,0,0,0,0,1,0,1,0,0,1,0,0,0,1,0,0,0,0,0
car_774edd79_jpg.rf.cd7fd2e2aa9a6172cc44f7bb980b3048.jpg,0,0,0,0,0,0,0,0,0,0,0,0,0,0,0,1,0,1,0,0,0,0,0,0,1,0,0,0,1,0
car_89ed77cc_jpg.rf.1fa5940de6ef93ac6bb233bf27381184.jpg,0,0,0,0,0,0,0,0,0,0,0,0,1,0,0,1,0,1,0,0,0,0,0,0,1,0,0,0,0,0
car_8e125589_jpg.rf.ed163ad143063c4b311c80c295d782ce.jpg,0,0,0,0,0,0,0,0,0,0,0,0,0,0,0,1,0,1,0,0,0,0,0,0,0,0,1,0,1,0
car_e4237230_jpg.rf.e023eb7f24a6d1539ca056b61c6d67f1.jpg,0,0,0,0,0,0,0,0,0,0,0,0,0,0,0,1,1,1,0,0,0,0,0,0,0,0,0,0,1,0
car_ef7aad9f_jpg.rf.30507bf86c4e6b2ade25d9a228d4fde7.jpg,0,0,0,0,0,0,0,0,0,0,0,0,1,0,0,1,0,1,0,0,0,0,0,0,0,1,0,0,0,0
car_8ea1dfe6_jpg.rf.35162444b9bc7dfb250e28e9c3b8b762.jpg,0,0,0,0,0,0,0,0,0,0,0,0,0,0,0,1,0,1,0,0,1,1,0,0,0,0,0,0,0,0
car_ef6ac1f8_jpg.rf.caf39b556f027f0a23ae6910e97fb405.jpg,0,0,0,0,0,0,0,0,0,0,0,0,0,0,0,1,0,1,0,0,1,0,0,0,0,0,1,0,0,0
car_e4772156_jpg.rf.1abc59ed0543faa2ece58681c8868676.jpg,0,0,0,0,0,0,0,0,0,0,0,0,1,0,0,1,0,1,0,0,0,1,0,0,0,0,0,0,0,0
car_ee747b81_jpg.rf.9f85856a8fb09b4ca490ffc9086df6ab.jpg,0,0,0,0,0,0,0,0,0,0,0,0,0,0,0,1,0,1,0,0,0,0,0,0,0,0,1,0,1,0
car_771131ef_jpg.rf.46376ba243792218b34fd8142a7720c6.jpg,0,0,0,0,0,0,0,0,0,0,0,0,1,0,0,1,1,1,0,0,0,0,0,0,0,0,0,0,0,0
car_90b24584_jpg.rf.e36afba2445f70008a5f6a9bf779ddf9.jpg,0,0,0,0,0,0,0,0,0,0,0,0,0,0,0,1,0,1,0,0,0,0,0,0,0,0,1,0,1,0
car_88745d07_jpg.rf.c5c5da5beb141afae002797c3f6c45ee.jpg,0,0,0,0,0,0,0,0,0,0,0,0,1,0,0,1,0,1,0,0,0,0,0,0,1,0,0,0,0,0
car_85200c4c_jpg.rf.fa9a1b1b36c4cfc709c998dba38a1fb8.jpg,0,0,0,0,0,0,0,0,0,0,1,0,1,0,0,1,0,1,0,0,0,0,0,0,0,0,0,0,0,0
car_940ace19_jpg.rf.61055e3b81e4ae751c69b5b4c2fea876.jpg,0,0,0,0,0,0,0,0,0,0,0,0,1,0,0,1,0,1,0,0,0,0,0,0,0,0,1,0,0,0
car_9411fc38_jpg.rf.c0e7fcb0fe12c7fd9095e47ef4ae667f.jpg,0,0,0,0,0,0,0,1,0,0,0,0,1,0,0,1,0,1,0,0,0,0,0,0,0,0,0,0,0,0
car_75a14e7b_jpg.rf.332b64c912ac78f896301e83d9b96ef3.jpg,0,0,0,0,0,0,0,0,0,0,0,0,1,0,0,1,0,1,0,0,0,0,0,0,1,0,0,0,0,0
car_8ddf516f_jpg.rf.cb4f7328c5bfd433144ca2461a542956.jpg,0,0,0,0,0,0,0,0,0,0,0,0,1,0,0,1,0,1,0,0,0,0,0,0,0,1,0,0,0,0
car_8515880d_jpg.rf.b716b43ef306ea1c8d34ce7d52227cc5.jpg,0,0,0,0,0,0,0,0,0,0,0,0,0,0,0,1,0,1,0,0,0,0,0,0,1,0,0,0,1,0
car_dfccb4c3_jpg.rf.9d04954b359ec26e950deb1d9a594d95.jpg,0,0,0,0,0,0,0,0,0,0,0,0,0,0,0,1,0,1,0,0,0,0,0,0,0,0,1,0,1,0
car_e9905523_jpg.rf.6f16add734c633dc0b441f3f34443cc5.jpg,0,0,0,0,0,0,0,0,0,0,0,0,0,0,0,1,0,1,0,0,0,0,0,0,1,0,0,0,1,0
car_8fb33089_jpg.rf.09d1d8db9c71af24a9eb00d99200f15e.jpg,0,0,0,0,0,0,0,0,0,0,0,0,0,0,0,1,0,1,0,0,0,0,0,0,0,0,1,0,1,0
car_ef11e929_jpg.rf.dca4d5ed678eca886e2445c08b9d4291.jpg,0,0,0,0,0,0,0,0,0,0,0,0,1,0,0,1,0,1,0,0,0,0,0,0,0,1,0,0,0,0
car_014d3a50_jpg.rf.49e5c0378843acaa0a5847ddcf1ca0e3.jpg,0,0,0,0,0,0,0,0,0,0,0,0,0,1,0,1,0,1,0,0,0,0,0,0,0,0,1,0,0,0
car_f09434a5_jpg.rf.8b979f4793aff3b01150cb6db25aa190.jpg,0,0,0,0,0,0,0,0,0,0,0,0,0,0,0,1,0,1,0,0,0,0,0,0,0,0,1,0,1,0
car_036cc52a_jpg.rf.ba58da8bd9a9405618c2048cd044fc36.jpg,0,0,0,0,0,0,0,0,0,0,0,0,1,0,0,1,0,1,0,0,0,0,0,0,1,0,0,0,0,0
car_752a3da2_jpg.rf.edce47dd402952b6450a592317fa73f8.jpg,0,0,0,0,0,0,0,0,0,0,0,0,0,0,0,1,0,1,0,0,0,0,0,0,0,0,1,0,1,0
car_9e1c45a1_jpg.rf.5a40843e62048b114cd60c1ed4702a54.jpg,0,0,0,0,0,0,0,0,0,0,0,0,0,0,0,1,0,1,0,0,0,0,0,0,1,0,0,0,1,0
car_6fec203d_jpg.rf.180476e8d2ff79d42d3cfd3a760f778a.jpg,0,0,0,0,0,0,0,1,0,0,0,0,0,0,0,1,0,1,0,0,1,0,0,0,0,0,0,0,0,0
car_0392c0f5_jpg.rf.1e1fb566b890769365cfe80070f789da.jpg,0,0,0,0,0,0,0,0,0,0,0,0,0,0,0,1,0,1,0,0,1,0,0,0,0,0,1,0,0,0
car_ee82faa7_jpg.rf.b8cc38bccec6f2db8138f1434d2d79d0.jpg,0,0,0,0,0,0,0,0,0,0,0,0,0,0,0,1,0,1,0,0,1,0,0,0,1,0,0,0,0,0
car_73befcf3_jpg.rf.d312b413484d17e3c82983402ae19dc8.jpg,0,0,0,0,0,0,0,0,0,0,0,0,0,0,0,1,0,1,0,0,1,0,0,0,1,0,0,0,0,0
car_9af21070_jpg.rf.3608fc94c4e7504d9f9dc79c2471e95b.jpg,0,0,0,0,0,0,0,0,0,0,0,0,1,0,0,1,0,1,0,0,0,1,0,0,0,0,0,0,0,0
car_f1b4a907_jpg.rf.89205e0795e1e6a49c8decc57bcbc726.jpg,0,0,0,0,0,0,0,0,0,0,1,0,0,0,0,1,0,1,0,0,0,0,0,0,0,0,0,0,1,0
car_94b2928d_jpg.rf.207c5779d45b2f1b1abb948d35c80dac.jpg,0,0,0,0,0,0,0,0,0,0,0,0,1,0,0,1,1,0,0,0,0,0,1,0,0,0,0,0,0,0
car_94d5f09a_jpg.rf.6483dacba270eaa490e66a43ee6bfcb1.jpg,0,0,0,0,0,1,0,0,0,0,0,0,0,0,0,1,0,1,0,0,1,0,0,0,0,0,0,0,0,0
car_f223754b_jpg.rf.53c8af0f5dd908a9fd41af17ff966db0.jpg,0,0,0,0,0,0,0,0,0,0,0,0,0,1,0,1,0,1,0,0,0,0,0,0,0,0,1,0,0,0
car_9bce7484_jpg.rf.d33166cf996492ae005b5840273505e3.jpg,0,0,0,0,0,0,0,0,0,0,0,0,0,0,0,1,0,1,0,0,1,1,0,0,0,0,0,0,0,0
car_8f4cbe0f_jpg.rf.8b79a66cd8d25e2b213923d19881a6e8.jpg,0,0,0,0,0,0,0,1,0,0,0,0,0,0,0,1,0,1,0,0,0,0,0,0,0,0,0,0,1,0
car_7056b53c_jpg.rf.5b1a57a4d00ca8c50c36ceb7f3f288b0.jpg,0,0,0,0,0,0,0,0,0,0,0,0,0,0,0,1,0,1,0,0,1,0,0,0,0,0,1,0,0,0
car_efd1c4a3_jpg.rf.228aeaacf30abe9bd3b3261a5db20451.jpg,0,0,0,0,0,0,0,0,0,0,0,0,1,0,0,1,0,1,0,0,0,0,0,0,0,1,0,0,0,0
car_010b903f_jpg.rf.7418efb847bfd0c9c7cb9048589b53fd.jpg,0,0,0,0,0,1,0,0,0,0,0,0,1,0,0,1,0,1,0,0,0,0,0,0,0,0,0,0,0,0
car_9c8677c0_jpg.rf.e8c69eee12217bd4a8bac83652a6e299.jpg,0,0,0,0,0,0,0,0,0,0,0,0,0,0,0,1,0,1,0,0,0,0,0,1,0,0,1,0,0,0
car_0b1c26d6_jpg.rf.b09edf9c4da6ab1dfd4b32b1b69273f3.jpg,0,0,0,0,0,0,0,0,0,0,0,0,0,0,0,1,0,1,0,0,0,0,0,0,1,0,0,0,1,0
car_94288024_jpg.rf.4ec877f7d518dedbe0143606c85aba78.jpg,0,0,0,0,0,0,0,0,0,0,0,0,0,1,0,1,0,1,0,0,0,0,0,0,0,0,1,0,0,0
car_048015be_jpg.rf.7a661b4facd5c13e2d93397425e0d59d.jpg,0,0,0,0,0,0,0,0,0,0,0,0,0,0,0,1,0,1,0,0,0,0,0,0,0,0,1,0,0,1
car_03682986_jpg.rf.1f27b3884b743096597ac4ca74d879af.jpg,0,0,0,0,0,0,0,0,0,0,1,0,1,0,0,1,0,1,0,0,0,0,0,0,0,0,0,0,0,0
car_95691dfa_jpg.rf.0ab8a01fbfe55f9f892045e85ce08173.jpg,0,0,0,0,0,0,0,0,0,0,0,0,0,0,0,1,0,1,0,0,1,0,0,0,1,0,0,0,0,0
car_911871d1_jpg.rf.486bfd2d43f4f7b2f18aa98e27702591.jpg,0,0,0,0,0,0,0,0,0,0,0,0,0,0,0,1,0,1,0,0,0,0,0,0,0,0,1,0,1,0
car_0269392c_jpg.rf.d2d7e22b1541bcbcfa6e3b49d545ea91.jpg,0,0,0,1,0,0,0,0,0,0,0,0,0,0,0,1,0,1,0,0,1,0,0,0,0,0,0,0,0,0
car_ea5366b0_jpg.rf.f218bba710defe18c48089ced3d9c54f.jpg,0,0,0,0,0,0,0,0,0,0,0,0,1,0,0,1,0,1,0,0,0,0,0,0,1,0,0,0,0,0
car_18923855_jpg.rf.49517864afa341b0d779e21e407c7576.jpg,0,0,0,0,0,0,0,0,0,0,0,0,0,0,0,1,0,1,0,0,0,0,0,0,1,0,0,0,1,0
car_7154e817_jpg.rf.e60bc5c1846855e9bc284e1e5c42d0b1.jpg,0,0,0,0,0,0,0,0,0,0,0,0,0,0,0,1,0,1,0,0,1,0,0,0,0,0,1,0,0,0
car_0daa884f_jpg.rf.dad52b5a8f242da7a4e8c8a7fc6d76af.jpg,0,0,0,0,0,0,0,1,0,0,0,0,1,0,0,1,0,1,0,0,0,0,0,0,0,0,0,0,0,0
car_20302a2e_jpg.rf.19e81ca8fab2579aa40dced4a661ddb5.jpg,0,0,0,0,0,0,0,0,0,0,0,0,1,0,0,1,0,1,0,0,0,0,0,0,0,1,0,0,0,0
car_86ce66fc_jpg.rf.f14a67bd6ba8808265b9e785117be348.jpg,0,0,0,0,0,0,0,0,0,0,0,0,0,0,0,1,0,1,0,0,1,0,0,0,0,0,1,0,0,0
car_15d8e80c_jpg.rf.5172f8659b7f2181e428ed3422761b5a.jpg,0,0,0,0,0,0,0,0,0,0,0,0,0,0,1,1,0,1,0,0,0,0,0,0,1,0,0,0,0,0
car_15ec122b_jpg.rf.549cc6a56dbe607915970d1b02ba3a0f.jpg,0,0,0,0,0,0,0,0,0,0,0,0,0,0,0,1,0,1,0,0,0,0,0,0,0,1,0,0,1,0
car_0b64feb3_jpg.rf.6a42354ab966236c04248370ca98d877.jpg,0,0,0,0,0,0,0,0,0,0,0,0,0,0,0,1,0,1,0,0,0,0,0,0,0,0,1,0,1,0
car_72139e36_jpg.rf.ee33e94b17b96696cadb8dde4a98fb9f.jpg,0,0,0,0,0,0,0,0,0,0,0,0,0,0,0,1,0,1,0,0,0,0,0,0,1,0,0,0,1,0
car_71561f41_jpg.rf.41576268f41b8133aa0d9b8e76e58614.jpg,0,0,0,0,0,0,0,0,0,0,0,1,0,0,0,1,0,1,0,0,0,0,0,0,0,0,0,0,1,0
car_0a9e0ed6_jpg.rf.645614c8a22fdb7a0a64a297469a7623.jpg,0,0,0,0,0,0,0,0,0,0,0,0,0,0,0,1,1,1,0,0,0,0,0,0,0,0,0,0,1,0
car_9b85bf51_jpg.rf.ae698fa1a11a0dad3e59911f6bb07911.jpg,0,0,0,0,0,0,0,0,0,0,0,0,1,0,0,1,0,1,0,0,0,1,0,0,0,0,0,0,0,0
car_953912b3_jpg.rf.8acb81cb6e24a235c8667af3d28aad4b.jpg,0,0,0,0,0,0,0,0,0,0,0,0,0,0,0,1,0,1,0,0,0,0,0,0,0,0,1,0,1,0
car_921afab3_jpg.rf.175bb6b19de5f811bb21226f6f9dbf29.jpg,0,0,1,0,0,0,0,0,0,0,0,0,1,0,0,1,0,1,0,0,0,0,0,0,0,0,0,0,0,0
car_035a274a_jpg.rf.caefefc5b614e779255a02bfb4dcf72b.jpg,0,0,0,0,0,0,0,0,0,0,0,0,1,0,0,1,0,1,0,0,0,0,0,0,0,0,1,0,0,0
car_0eac5278_jpg.rf.282c4e7c3bb1c5f6f4fc4eb4a64c5138.jpg,0,0,0,0,0,0,0,0,0,0,0,0,0,0,0,1,0,1,0,0,1,1,0,0,0,0,0,0,0,0
car_231cf5ee_jpg.rf.29bdf7e4891534125a84a474a27f47fc.jpg,0,0,0,0,0,0,0,0,0,0,0,0,1,0,0,1,0,1,0,0,0,0,0,0,0,0,1,0,0,0
car_24ecc633_jpg.rf.ab8347d598ea5538ccd725942c6f864e.jpg,0,0,0,0,0,0,0,0,0,0,0,0,0,0,0,1,0,1,0,0,1,0,0,0,0,0,1,0,0,0
car_0b7a03cc_jpg.rf.8b24008faddf6ac582bca3a8a7cdb422.jpg,0,0,0,0,0,0,0,0,0,0,0,0,0,0,0,1,0,1,0,0,0,0,0,1,0,0,1,0,0,0
car_04459170_jpg.rf.91c57e59c18b965c3271b020a4c5e654.jpg,0,0,0,0,0,0,0,0,0,0,0,1,0,1,0,1,0,1,0,0,0,0,0,0,0,0,0,0,0,0
car_6f1eed13_jpg.rf.2a3442fc536b0baf1a349dbf6a1fe6c9.jpg,0,1,0,0,0,0,0,0,0,0,0,0,1,0,0,1,0,1,0,0,0,0,0,0,0,0,0,0,0,0
car_6fb6cde8_jpg.rf.a629e0027ec72d6f9381d8e5ce09f973.jpg,0,0,0,0,0,0,0,0,0,0,1,0,0,0,0,1,0,1,0,0,0,0,0,0,0,0,0,0,1,0
car_1a7e6908_jpg.rf.f7a0386ae7b12593dee8df61c9eecb0e.jpg,0,0,0,0,0,0,0,0,0,0,0,0,1,0,0,1,0,1,0,0,0,1,0,0,0,0,0,0,0,0
car_f4ead592_jpg.rf.1106cdc17ebd5d4fb4224a2a93b754bf.jpg,0,0,0,0,0,0,0,0,0,0,0,0,0,1,0,1,1,1,0,0,0,0,0,0,0,0,0,0,0,0
car_88d7d1e9_jpg.rf.6027758aefd6e8f80b5e382a07abd8c0.jpg,0,0,0,0,0,0,0,0,0,0,0,0,0,0,0,1,0,1,0,0,1,1,0,0,0,0,0,0,0,0
car_ec3c849f_jpg.rf.71065af12f942d813e99f6ed1e5fad17.jpg,0,0,1,0,0,0,0,0,0,0,0,0,1,0,0,1,0,1,0,0,0,0,0,0,0,0,0,0,0,0
car_26a425cb_jpg.rf.c7e83e9a4f9024483c6f7c57488b491f.jpg,0,0,0,0,0,0,0,0,0,0,0,0,0,0,0,1,0,1,0,0,1,0,0,0,1,0,0,0,0,0
car_208373b3_jpg.rf.95db2538b83d7dda3611d42d6166af14.jpg,0,0,0,0,0,0,0,0,0,0,0,0,0,1,0,1,0,1,0,0,0,0,0,0,0,0,1,0,0,0
car_0f70c0e1_jpg.rf.36758cb8f9643b7fef4f5ce6f19fb4ae.jpg,0,0,0,0,0,0,0,0,0,0,0,0,0,0,0,1,0,1,0,0,1,0,0,0,0,0,1,0,0,0
car_26492075_jpg.rf.815348dcdc1085c92e05c62a283417db.jpg,0,0,0,0,0,0,0,0,0,0,0,0,0,0,0,1,0,1,0,0,0,0,0,0,0,0,1,0,1,0
car_888bdf32_jpg.rf.c774dc2c3e55a64e423703e51f5d164a.jpg,0,0,0,0,0,0,0,0,0,0,0,0,0,0,0,1,0,1,0,0,0,0,0,0,0,0,1,0,1,0
car_f76c417e_jpg.rf.466c6ba1cc0b4fa80eff81ccd73f21f9.jpg,0,0,0,0,0,0,0,0,0,0,0,0,0,0,0,1,0,0,0,0,0,0,1,0,1,0,0,0,1,0
car_11b7bff3_jpg.rf.2f7c0aaa612580a4c29558840e810f83.jpg,0,0,0,0,0,0,0,0,0,0,0,1,1,0,0,1,0,1,0,0,0,0,0,0,0,0,0,0,0,0
car_18cb9e17_jpg.rf.677126773324221a8903135995416f5c.jpg,0,0,0,0,0,0,0,0,0,0,0,0,0,0,0,1,0,1,0,0,0,0,0,0,0,0,1,0,1,0
car_20011094_jpg.rf.b497b4c6dab8ba64b45cb129c017b0ff.jpg,0,0,0,0,0,0,0,0,0,0,0,0,1,0,0,1,1,1,0,0,0,0,0,0,0,0,0,0,0,0
car_109fbce1_jpg.rf.25cbea7819954d479cbee488c2be98e3.jpg,0,0,0,0,0,0,0,0,0,0,0,0,0,0,0,1,0,1,0,0,0,0,0,0,0,0,1,0,1,0
car_84d19b50_jpg.rf.8cc0113a606e30df640f6c19b5ad9003.jpg,0,0,0,0,0,0,0,0,0,0,0,0,1,0,0,1,1,1,0,0,0,0,0,0,0,0,0,0,0,0
car_141ddae3_jpg.rf.c420cdd6a40d45aa9d1191bf6c9f4706.jpg,0,0,0,0,0,0,0,1,0,0,0,0,0,0,0,1,0,1,0,0,1,0,0,0,0,0,0,0,0,0
car_9c183a03_jpg.rf.5db2bc7ed3ca34f6b25ff9dfc3e4647f.jpg,0,0,0,0,0,0,0,0,0,0,0,0,0,0,0,1,0,1,0,0,0,0,0,0,1,0,0,0,1,0
car_01933681_jpg.rf.665045320c48466704e61bf7f61a3c76.jpg,0,0,0,0,0,0,0,0,0,0,0,0,1,0,0,1,0,1,0,0,0,0,0,0,0,1,0,0,0,0
car_0fa27b85_jpg.rf.3ebfb404f9df014ebf88f5dba54c27e6.jpg,0,0,0,0,0,0,0,0,0,0,0,0,0,1,0,1,0,1,0,0,0,0,0,0,1,0,0,0,0,0
car_7d2b67cc_jpg.rf.a4dffacfdd48f44c19947aa28c1c6d17.jpg,0,0,0,0,0,0,0,0,0,0,0,0,0,0,0,1,0,1,0,0,1,0,0,0,0,0,1,0,0,0
car_026c7495_jpg.rf.83b8fa32c700cc797c6650eb46ceae96.jpg,0,0,0,0,0,0,0,0,0,0,0,0,0,0,0,1,0,1,0,0,1,0,0,0,1,0,0,0,0,0
car_7ef8d848_jpg.rf.98927d06a67fab8bde23c5910ed422c1.jpg,0,0,0,0,0,0,0,0,0,0,0,1,1,0,0,1,0,1,0,0,0,0,0,0,0,0,0,0,0,0
car_26778327_jpg.rf.ee1900c3d8854de51957787db7ad0e86.jpg,0,0,0,0,0,0,0,0,0,0,0,0,1,0,0,1,0,1,0,0,0,0,0,0,0,1,0,0,0,0
car_9411fc38_jpg.rf.1c131e966ddc340c3f464619612d0e45.jpg,0,0,0,0,0,0,0,1,0,0,0,0,1,0,0,1,0,1,0,0,0,0,0,0,0,0,0,0,0,0
car_8ddf516f_jpg.rf.261f8ec158b008a9f19947ab266ba235.jpg,0,0,0,0,0,0,0,0,0,0,0,0,1,0,0,1,0,1,0,0,0,0,0,0,0,1,0,0,0,0
car_ea5366b0_jpg.rf.3e993a8f17fd181c8a0a232fdc9f9c72.jpg,0,0,0,0,0,0,0,0,0,0,0,0,1,0,0,1,0,1,0,0,0,0,0,0,1,0,0,0,0,0
car_911871d1_jpg.rf.04989444b676d0f01df3aea3cf0c3af1.jpg,0,0,0,0,0,0,0,0,0,0,0,0,0,0,0,1,0,1,0,0,0,0,0,0,0,0,1,0,1,0
car_921afab3_jpg.rf.18700d98c44c51a6c0065f9b0b14eefb.jpg,0,0,1,0,0,0,0,0,0,0,0,0,1,0,0,1,0,1,0,0,0,0,0,0,0,0,0,0,0,0
car_9859c826_jpg.rf.5475419382a31761cb10fd108a21328d.jpg,0,0,0,0,0,0,0,0,0,0,0,0,0,0,0,1,0,1,0,0,0,0,0,0,0,0,1,0,1,0
car_8fb33089_jpg.rf.0677c2ad8b781319e0ef9912c79ee1a3.jpg,0,0,0,0,0,0,0,0,0,0,0,0,0,0,0,1,0,1,0,0,0,0,0,0,0,0,1,0,1,0
car_98bfb24a_jpg.rf.1c5f65a9c698db775ad67589b15fcb22.jpg,0,0,0,0,0,0,0,0,0,0,0,0,0,0,0,1,0,1,0,0,1,0,0,0,0,0,1,0,0,0
car_8f4cbe0f_jpg.rf.34bdebfb88c87e493da3abdb50fb7d5a.jpg,0,0,0,0,0,0,0,1,0,0,0,0,0,0,0,1,0,1,0,0,0,0,0,0,0,0,0,0,1,0
car_997cfe62_jpg.rf.a39cc174734102e11aea59f0cb84b673.jpg,0,0,0,0,0,0,0,0,0,0,0,0,0,0,0,1,0,1,0,0,1,1,0,0,0,0,0,0,0,0
car_1999e36d_jpg.rf.9e721da4c41f5b1a1e562a6a5a8330ea.jpg,0,0,0,0,0,0,0,1,0,0,0,0,0,0,0,1,0,1,0,0,1,0,0,0,0,0,0,0,0,0
car_8a796c9a_jpg.rf.9206b02c5388ca43c9ffad885422d694.jpg,0,0,0,0,0,0,0,0,0,0,0,0,0,0,0,1,0,1,0,0,1,0,0,0,0,0,1,0,0,0
car_8b70c712_jpg.rf.d3810709da9732bbaa41f0e6b666e0ec.jpg,0,0,0,0,0,0,0,0,0,0,0,0,0,0,0,1,0,1,0,0,0,0,0,1,0,0,1,0,0,0
car_943bd500_jpg.rf.d46f56d0c05bdbf032929d481881d86c.jpg,0,0,0,0,0,0,0,0,0,0,0,0,0,0,0,1,0,1,0,0,0,0,0,0,0,0,1,0,1,0
car_0bc101e6_jpg.rf.03a56ed7b836db2d850dca4436b42e45.jpg,0,0,0,0,0,0,0,0,0,0,0,0,0,0,0,1,0,1,0,0,0,0,0,0,0,0,1,0,1,0
car_7e473fde_jpg.rf.678ee5d5b108e1b5eae1f7f51d375c3b.jpg,0,0,0,0,0,0,0,0,0,0,1,0,1,0,0,1,0,1,0,0,0,0,0,0,0,0,0,0,0,0
car_0cc34572_jpg.rf.2463a767f71f1a12612d0e413a4394ea.jpg,0,0,0,0,0,0,0,0,0,0,0,0,0,0,0,1,0,1,0,0,0,0,0,0,1,0,0,0,1,0
car_9c78002e_jpg.rf.1be5ada7813f87ef649536e1cd861d6d.jpg,0,0,0,0,0,0,0,0,0,0,0,0,0,0,0,1,0,1,0,0,1,0,0,0,0,0,1,0,0,0
car_8ea1dfe6_jpg.rf.68a455a60db126bb74ef64b694dac04a.jpg,0,0,0,0,0,0,0,0,0,0,0,0,0,0,0,1,0,1,0,0,1,1,0,0,0,0,0,0,0,0
car_833bcfc0_jpg.rf.40dc5603550a5d7c936c35eab3c87135.jpg,0,0,0,0,0,0,0,0,0,0,0,0,1,0,0,1,0,1,0,0,0,0,0,0,1,0,0,0,0,0
car_940ace19_jpg.rf.afad4d41b3b03824f15c2e614633ef1e.jpg,0,0,0,0,0,0,0,0,0,0,0,0,1,0,0,1,0,1,0,0,0,0,0,0,0,0,1,0,0,0
car_0d7d12bb_jpg.rf.3b52d35b7faa6164c14bc1cbd0ccb1cc.jpg,0,0,0,0,0,0,0,0,0,0,0,0,1,0,0,1,0,1,0,0,0,0,0,0,1,0,0,0,0,0
car_9bed77d6_jpg.rf.7b51128a68e59d5a07b602f20fcb7572.jpg,0,0,0,0,0,0,0,0,0,0,0,0,0,0,0,1,0,1,0,0,1,0,0,0,0,0,1,0,0,0
car_943bd500_jpg.rf.4cc0deafb35938dc0438bd8fb46e80c8.jpg,0,0,0,0,0,0,0,0,0,0,0,0,0,0,0,1,0,1,0,0,0,0,0,0,0,0,1,0,1,0
car_f6c908bb_jpg.rf.63feccb756439b8af6d5b97da2461a8b.jpg,0,0,1,0,0,0,0,0,0,0,0,0,1,0,0,1,0,1,0,0,0,0,0,0,0,0,0,0,0,0
car_2b016690_jpg.rf.3bd3f760aa6bcc4a1359de6fe1d5febe.jpg,0,0,0,0,0,0,0,0,0,0,0,0,0,0,0,1,0,1,0,0,1,1,0,0,0,0,0,0,0,0
car_100affc4_jpg.rf.9457e8dc2d74f81fdd667c814c3447fa.jpg,0,0,0,0,0,0,0,0,0,0,0,0,1,0,0,1,0,1,0,0,0,1,0,0,0,0,0,0,0,0
car_8e125589_jpg.rf.6332185ec5d89e5c662a7461bbde96ce.jpg,0,0,0,0,0,0,0,0,0,0,0,0,0,0,0,1,0,1,0,0,0,0,0,0,0,0,1,0,1,0
car_1b19c5dc_jpg.rf.ea85aae3ea56e2ad3790fc289337d291.jpg,0,0,0,0,0,0,0,0,0,0,0,0,1,0,0,1,0,1,0,0,0,0,0,0,1,0,0,0,0,0
car_9c0f8f9f_jpg.rf.d59a5c8801ef7dacb5db65443bbbb0f4.jpg,0,0,0,0,0,0,0,0,0,0,0,1,0,0,0,1,0,1,0,0,0,0,0,0,0,0,0,0,1,0
car_90b24584_jpg.rf.590910f29639d62de0648700ef822d0b.jpg,0,0,0,0,0,0,0,0,0,0,0,0,0,0,0,1,0,1,0,0,0,0,0,0,0,0,1,0,1,0
car_1c337a8b_jpg.rf.6345304803cc241d5ab6b51a651710a4.jpg,0,0,0,0,0,0,0,0,0,0,0,0,0,0,0,1,0,1,0,0,0,0,0,0,0,0,1,0,1,0
car_ece19aa6_jpg.rf.57bfbb04397b2b1b3c1342d62299e77a.jpg,0,0,0,0,0,0,0,0,0,0,0,0,1,0,0,1,0,1,0,0,0,0,0,0,1,0,0,0,0,0
car_0d49ef1a_jpg.rf.6b7b7d81a603b64e5c348c677cc62e09.jpg,0,0,0,0,0,0,0,0,0,0,0,0,0,0,0,1,1,1,0,0,0,0,0,0,0,0,0,0,1,0
car_0d5824d2_jpg.rf.7aa42d9c8fc8ec38d2d1c85328cbb73b.jpg,0,0,0,0,0,0,0,0,0,0,0,0,1,0,0,1,0,1,0,0,0,0,0,0,0,1,0,0,0,0
car_11fba8b8_jpg.rf.36662791522393e477c2745661ddc7ef.jpg,0,0,0,1,0,0,0,0,0,0,0,0,0,0,0,1,0,1,0,0,0,0,0,0,0,0,0,0,1,0
car_ecea4c88_jpg.rf.4ad48d2728561700fe0d31029d4c44eb.jpg,0,0,0,0,0,0,0,0,0,0,0,0,0,0,0,1,0,1,0,0,1,0,0,0,1,0,0,0,0,0
car_1b922880_jpg.rf.59567c30a6b7ba30e9dedcbb174c78f1.jpg,0,0,0,0,0,0,0,0,0,0,0,0,0,0,0,1,0,1,0,0,1,0,0,0,0,0,1,0,0,0
car_1c4abfd4_jpg.rf.616c655f5b0db37460965890cf5b8d63.jpg,0,0,0,0,0,0,0,0,0,0,0,0,0,0,0,1,0,1,0,0,1,0,0,0,1,0,0,0,0,0
car_26f1ba44_jpg.rf.ba2a71c85f774a3325a9770571d02151.jpg,1,0,0,0,0,0,0,0,0,0,0,0,1,0,0,1,0,1,0,0,0,0,0,0,0,0,0,0,0,0
car_1c599c26_jpg.rf.2587aeb99ef2775becc78892fff8b9b2.jpg,0,0,0,0,0,0,0,0,0,0,0,0,0,0,0,1,0,1,0,0,1,0,0,0,1,0,0,0,0,0
car_0499a860_jpg.rf.be45d0b1072fc72b96576e2f69f76c1c.jpg,0,0,0,0,0,0,0,0,0,0,0,0,0,0,0,1,0,1,0,0,1,0,0,0,0,0,1,0,0,0
car_2bb9b947_jpg.rf.2934b0beb34e28500e87dc7165a388ce.jpg,0,0,0,0,0,0,0,0,0,0,0,0,0,0,0,1,0,1,0,0,1,1,0,0,0,0,0,0,0,0
car_115373fc_jpg.rf.ca803f22f90ffa760aa009c35b316114.jpg,0,0,0,0,0,0,0,0,0,0,0,0,0,0,0,1,0,1,0,0,1,0,0,0,1,0,0,0,0,0
car_29284998_jpg.rf.c0aa12f8574e039bf7fba83c6d5fb7c6.jpg,0,0,0,0,0,0,0,0,0,0,0,0,0,0,0,1,0,1,0,0,0,0,0,0,0,1,0,0,1,0
car_021c2b57_jpg.rf.6201ad5bad8c066edd3809e7684272f2.jpg,0,0,0,1,0,0,0,0,0,0,0,0,1,0,0,1,0,1,0,0,0,0,0,0,0,0,0,0,0,0
car_94b2928d_jpg.rf.f0021e898ffc59c791f7bf288808ea30.jpg,0,0,0,0,0,0,0,0,0,0,0,0,1,0,0,1,1,0,0,0,0,0,1,0,0,0,0,0,0,0
car_048631f3_jpg.rf.d844373427938289b20036c4b5cf0aa9.jpg,0,0,0,1,0,0,0,0,0,0,0,0,1,0,0,1,0,1,0,0,0,0,0,0,0,0,0,0,0,0
car_94288024_jpg.rf.b1b0743c898ed6661fa284604830374e.jpg,0,0,0,0,0,0,0,0,0,0,0,0,0,1,0,1,0,1,0,0,0,0,0,0,0,0,1,0,0,0
car_1d4ea261_jpg.rf.7e69f9f50c04b4cf52bb6b04642244e4.jpg,0,0,0,0,0,0,0,0,0,0,0,0,0,0,0,1,0,1,0,0,0,0,0,0,0,0,1,0,1,0
car_2c54ca0c_jpg.rf.e806388927b656684d8420ece975b136.jpg,0,0,0,1,0,0,0,0,0,0,0,0,1,0,0,1,0,1,0,0,0,0,0,0,0,0,0,0,0,0
car_25a123d5_jpg.rf.8679521eb3211cdfb848456e8153cbaa.jpg,0,0,1,0,0,0,0,0,0,0,0,0,1,0,0,1,0,1,0,0,0,0,0,0,0,0,0,0,0,0
car_e3f51f3e_jpg.rf.f0ba5d11e3abadda65410412018a08f9.jpg,0,0,0,0,0,0,0,0,0,0,0,0,0,0,0,1,0,1,0,0,0,0,0,0,1,0,0,0,1,0
car_05860335_jpg.rf.797570343b9cefeddad0e3342d0160a7.jpg,0,0,0,0,0,0,0,0,0,0,0,0,1,0,0,1,0,1,0,0,0,0,0,0,0,0,1,0,0,0
car_e9905523_jpg.rf.7f55214f127567b072edb4b92b0ff4cb.jpg,0,0,0,0,0,0,0,0,0,0,0,0,0,0,0,1,0,1,0,0,0,0,0,0,1,0,0,0,1,0
car_2b692003_jpg.rf.ae1237fa1268403a252dec4043ff2ad4.jpg,0,0,0,0,0,0,0,0,0,0,1,0,1,0,0,1,0,1,0,0,0,0,0,0,0,0,0,0,0,0
car_ed145448_jpg.rf.e3251953bdbfe5632aa3cf5d854df890.jpg,0,0,0,0,0,0,0,0,0,0,0,1,0,0,0,1,0,1,0,0,0,0,0,0,0,0,0,0,1,0
car_01933681_jpg.rf.4a72899020a5b8fd50920e1c9dc3fcc4.jpg,0,0,0,0,0,0,0,0,0,0,0,0,1,0,0,1,0,1,0,0,0,0,0,0,0,1,0,0,0,0
car_e35fdba1_jpg.rf.19421864b34afa61e0b99b37f607b38e.jpg,0,0,0,0,0,0,0,0,0,0,0,1,1,0,0,1,0,1,0,0,0,0,0,0,0,0,0,0,0,0
car_1c8b83b0_jpg.rf.7ac4bedabea49bbe11ba86e0ea38b5c6.jpg,0,0,0,0,0,0,0,0,0,0,0,0,1,0,0,1,0,1,0,0,0,1,0,0,0,0,0,0,0,0
car_cde417f3_jpg.rf.3766b9be49ba2e5379902963808b8a42.jpg,0,0,0,0,0,0,0,0,0,0,0,0,1,0,0,1,1,1,0,0,0,0,0,0,0,0,0,0,0,0
car_0269392c_jpg.rf.73e148ab72517df1f03c5578a5668bb2.jpg,0,0,0,1,0,0,0,0,0,0,0,0,0,0,0,1,0,1,0,0,1,0,0,0,0,0,0,0,0,0
car_ce893d7c_jpg.rf.eaee9a3d01a713e64a003a43606685c6.jpg,0,0,1,0,0,0,0,0,0,0,0,0,1,0,0,1,0,1,0,0,0,0,0,0,0,0,0,0,0,0
car_7e886e7b_jpg.rf.0762a54edfbb14b1c8a37647be7be406.jpg,0,0,0,0,0,0,0,0,0,0,0,0,1,0,0,1,0,0,0,0,0,0,1,0,1,0,0,0,0,0
car_ede722ca_jpg.rf.8d95391223ba4f4080ca7f55697eb841.jpg,0,0,0,0,0,0,0,0,0,0,0,0,0,1,0,1,0,1,0,0,0,0,0,0,1,0,0,0,0,0
car_2d9559d2_jpg.rf.dd61a4ff5f10568587e7a11c22687be4.jpg,0,0,0,0,0,0,0,0,0,0,0,0,1,0,0,1,0,1,0,0,0,0,0,0,1,0,0,0,0,0
car_ce2eab2b_jpg.rf.6f5159a43e4c785c37e56581f58b159a.jpg,0,0,0,0,0,0,0,0,0,0,0,0,1,0,0,1,0,1,0,0,0,0,0,0,0,1,0,0,0,0
car_ed874da0_jpg.rf.b85c0a4a71a511796680eef4631480f7.jpg,0,0,1,0,0,0,0,0,0,0,0,0,0,0,0,0,0,1,0,0,0,0,0,0,0,0,0,1,1,0
car_084909e8_jpg.rf.9dc47d106a49287aeb96a533b026daed.jpg,0,0,0,1,0,0,0,0,0,0,0,0,0,0,0,1,0,1,0,0,1,0,0,0,0,0,0,0,0,0
car_087c7bea_jpg.rf.b20e784691fd4493ba1d1a7d12941cca.jpg,0,0,0,0,0,0,0,0,0,0,0,0,1,0,0,1,0,1,0,0,0,0,0,0,0,1,0,0,0,0
car_e64a59f6_jpg.rf.e54da80be169a0ea23aaaa186a51aa58.jpg,0,0,0,1,0,0,0,0,0,0,0,0,0,0,0,1,0,1,0,0,0,0,0,0,0,0,0,0,0,1
car_05318562_jpg.rf.6410e6eca03b6812684771e4d22d214b.jpg,0,0,0,0,0,0,0,0,0,0,0,0,0,0,0,1,0,1,0,0,1,0,0,0,0,0,1,0,0,0
car_2e7b68c0_jpg.rf.e8541c02abbf93f1e085aad964e40419.jpg,0,0,0,0,0,0,0,0,0,0,0,0,1,0,0,1,0,1,0,0,0,0,0,0,0,1,0,0,0,0
car_06e53747_jpg.rf.96c6c084c24b0d0e22b7fbd270cf41dc.jpg,0,0,0,0,0,0,0,0,0,0,0,0,0,0,0,1,0,1,0,0,0,0,0,1,0,0,1,0,0,0
car_336b9d4e_jpg.rf.08e7776543577b0ddedc390e9ca36dc1.jpg,0,0,0,0,0,0,0,0,0,0,0,0,0,0,0,1,0,1,0,0,1,0,0,0,0,0,1,0,0,0
car_0715e18a_jpg.rf.5aa6b4a72efcebbda73bdca147299c0b.jpg,0,0,0,0,0,0,0,0,0,0,0,0,1,0,0,1,0,1,0,0,0,0,0,0,1,0,0,0,0,0
truck_73b6797a_jpg.rf.64e9988c659a632177f1394c6dab0c3c.jpg,0,0,0,0,0,1,0,0,0,0,0,0,0,0,0,1,0,1,0,0,1,0,0,0,0,0,0,0,0,0
car_850a6e8e_jpg.rf.4e696a0f14b04251e10bda0c0417a4fb.jpg,0,0,0,0,0,0,0,0,0,0,0,0,1,0,0,1,0,1,0,0,0,0,0,0,1,0,0,0,0,0
car_e2ba99e4_jpg.rf.2f05d9f925f560b1ba853b387dde3b70.jpg,0,0,0,0,0,0,0,0,0,0,0,0,0,0,0,1,0,1,0,0,0,0,0,1,0,0,1,0,0,0
car_035a274a_jpg.rf.644d716699b19709f76609deecb6ce3f.jpg,0,0,0,0,0,0,0,0,0,0,0,0,1,0,0,1,0,1,0,0,0,0,0,0,0,0,1,0,0,0
car_3204b907_jpg.rf.1a34e98f7b1ba68a713068e63101f336.jpg,0,0,0,0,0,0,0,0,0,0,1,0,1,0,0,1,0,1,0,0,0,0,0,0,0,0,0,0,0,0
car_f76c417e_jpg.rf.964012744398d3428e2148186d417a79.jpg,0,0,0,0,0,0,0,0,0,0,0,0,0,0,0,1,0,0,0,0,0,0,1,0,1,0,0,0,1,0
car_f6d10111_jpg.rf.8887d33c7c3d6bc45ad12431d0d142c3.jpg,0,0,0,0,0,0,0,0,0,0,0,0,0,1,0,1,0,0,0,0,0,0,1,0,1,0,0,0,0,0
car_dea43e23_jpg.rf.17a384bad2bde3a26ed093c8eb05c5b7.jpg,0,0,0,0,0,0,0,0,0,0,0,0,1,0,0,1,0,1,0,0,0,0,0,0,0,1,0,0,0,0
car_06b26754_jpg.rf.efa2e75f4a7b6899aa7aa4f7a795481c.jpg,0,0,0,0,0,0,0,0,0,0,1,0,1,0,0,1,0,1,0,0,0,0,0,0,0,0,0,0,0,0
car_2e392da4_jpg.rf.2d415a3b179af585c5eb8cdc70855045.jpg,0,0,0,0,0,0,0,0,0,0,0,1,1,0,0,1,0,1,0,0,0,0,0,0,0,0,0,0,0,0
car_ec4abe8b_jpg.rf.c1c980e78552166c551b003d027bf703.jpg,0,0,0,0,0,0,0,0,0,0,0,0,0,0,0,1,0,1,0,0,0,0,0,1,0,0,1,0,0,0
car_cda34b7b_jpg.rf.67ed84b1a52eaeaa40abbf971c6bf122.jpg,0,0,0,1,0,0,0,0,0,0,0,0,0,0,0,1,0,1,0,0,1,0,0,0,0,0,0,0,0,0
car_048015be_jpg.rf.573bd0a4939f630e428b40d34aac3905.jpg,0,0,0,0,0,0,0,0,0,0,0,0,0,0,0,1,0,1,0,0,0,0,0,0,0,0,1,0,0,1
car_03682986_jpg.rf.cec07f2b531c4dbf64ae5bade1e741ab.jpg,0,0,0,0,0,0,0,0,0,0,1,0,1,0,0,1,0,1,0,0,0,0,0,0,0,0,0,0,0,0
car_3121ed03_jpg.rf.976b52fdf81d5a9eedf1de5dc633548b.jpg,0,0,0,0,0,0,0,0,0,0,0,0,0,1,0,1,0,0,0,0,0,0,1,0,1,0,0,0,0,0
truck_a3a608e2_jpg.rf.b2a778039b3f116de3ddabd04ad30b8c.jpg,0,0,0,0,0,1,0,0,0,0,0,0,0,0,0,1,0,1,0,0,1,0,0,0,0,0,0,0,0,0
car_cfd3c76c_jpg.rf.220a691f6269095e1c546ba3dfcf6c33.jpg,0,0,0,0,0,0,0,1,0,0,0,0,0,0,0,1,0,1,0,0,0,0,0,0,0,0,0,0,1,0
car_cf3999ec_jpg.rf.085ae6a1d70e317069e2963dabc60490.jpg,0,0,0,0,0,0,0,0,0,0,0,0,0,0,0,1,1,1,0,0,0,0,0,0,0,0,0,0,1,0
car_dfccb4c3_jpg.rf.9ed5697fb07286ff1807f84639c6e8a8.jpg,0,0,0,0,0,0,0,0,0,0,0,0,0,0,0,1,0,1,0,0,0,0,0,0,0,0,1,0,1,0
truck_c61c1576_jpg.rf.d352241da8d787b264e9313dfa38cda0.jpg,0,0,0,0,0,0,0,0,0,0,1,0,1,0,0,1,0,1,0,0,0,0,0,0,0,0,0,0,0,0
car_ee747b81_jpg.rf.118c8760ba33982157c35d5b1970c7a8.jpg,0,0,0,0,0,0,0,0,0,0,0,0,0,0,0,1,0,1,0,0,0,0,0,0,0,0,1,0,1,0
car_f09434a5_jpg.rf.033496a62b5a50b1fadbcee397ebcbe6.jpg,0,0,0,0,0,0,0,0,0,0,0,0,0,0,0,1,0,1,0,0,0,0,0,0,0,0,1,0,1,0
car_e4237230_jpg.rf.bb14d113cc632cda4ffb266498a05978.jpg,0,0,0,0,0,0,0,0,0,0,0,0,0,0,0,1,1,1,0,0,0,0,0,0,0,0,0,0,1,0
car_ee491b3b_jpg.rf.6b0727997242cf2a14c2d960a0b4b212.jpg,0,0,0,0,0,0,0,0,0,0,0,0,0,0,0,1,0,1,0,0,0,0,0,0,0,0,1,0,1,0
car_e8a0946b_jpg.rf.e14b7224c6afd937d613f4ebf1db0209.jpg,0,0,0,1,0,0,0,0,0,0,0,0,0,0,0,1,0,1,0,0,1,0,0,0,0,0,0,0,0,0
car_014d3a50_jpg.rf.9b34677f30b7213200eab5b075e18814.jpg,0,0,0,0,0,0,0,0,0,0,0,0,0,1,0,1,0,1,0,0,0,0,0,0,0,0,1,0,0,0
car_33f931bf_jpg.rf.c3e9977526972a82dda8cc867d099570.jpg,0,0,0,0,0,0,0,0,0,0,0,0,0,0,0,1,0,1,0,0,0,0,0,0,0,0,1,0,1,0
truck_8541de59_jpg.rf.02e7fe70cba3ced1f7196df94f4e16eb.jpg,0,0,0,0,0,0,0,0,0,0,0,0,0,1,0,1,0,0,0,0,0,0,1,0,1,0,0,0,0,0
car_2835fad5_jpg.rf.2da331f171984cc223dbb389a7bc5d3b.jpg,0,0,0,0,0,0,0,0,0,0,1,0,1,0,0,1,0,1,0,0,0,0,0,0,0,0,0,0,0,0
car_ef7aad9f_jpg.rf.141a93df2acc426eefb3960f754a53c0.jpg,0,0,0,0,0,0,0,0,0,0,0,0,1,0,0,1,0,1,0,0,0,0,0,0,0,1,0,0,0,0
car_e2605b29_jpg.rf.f3855d075f14683d9dc43f9001393c5e.jpg,0,0,0,0,0,0,0,0,0,0,0,0,0,0,0,1,0,1,0,0,0,0,0,0,0,1,0,0,1,0
car_ef6ac1f8_jpg.rf.1d1043ef70773e084264b89f84ddbb5c.jpg,0,0,0,0,0,0,0,0,0,0,0,0,0,0,0,1,0,1,0,0,1,0,0,0,0,0,1,0,0,0
car_e00ae6c4_jpg.rf.bb77b3465a2e2bac9a7c138409a2076d.jpg,0,0,0,0,0,0,0,0,0,0,0,0,1,0,0,1,0,1,0,0,0,0,0,0,0,0,1,0,0,0
car_04459170_jpg.rf.f070670d88ab72a1fca7b76f61024162.jpg,0,0,0,0,0,0,0,0,0,0,0,1,0,1,0,1,0,1,0,0,0,0,0,0,0,0,0,0,0,0
car_06d283c9_jpg.rf.907495f4f77f04a3d2e229889c92c9b9.jpg,0,0,0,0,0,0,0,1,0,0,0,0,0,0,0,1,0,1,0,0,0,0,0,0,0,0,0,0,1,0
car_ef11e929_jpg.rf.aee80f0a8d136c0d6745494d4aedfa19.jpg,0,0,0,0,0,0,0,0,0,0,0,0,1,0,0,1,0,1,0,0,0,0,0,0,0,1,0,0,0,0
car_026c7495_jpg.rf.3f4f6de35ba191c3afdefa8e48f8ad1a.jpg,0,0,0,0,0,0,0,0,0,0,0,0,0,0,0,1,0,1,0,0,1,0,0,0,1,0,0,0,0,0
car_e01685d1_jpg.rf.5bbfc82731688d72ad84b94ed7adb5c8.jpg,0,0,0,0,0,0,0,0,0,0,0,0,0,0,0,1,0,0,0,0,0,0,1,0,0,0,1,0,1,0
car_ee82faa7_jpg.rf.caff1afd911378f01618b7a5a2b91222.jpg,0,0,0,0,0,0,0,0,0,0,0,0,0,0,0,1,0,1,0,0,1,0,0,0,1,0,0,0,0,0
car_ddab8af7_jpg.rf.5ff67460a2979b4c01aa7a88c33966e2.jpg,0,0,0,0,0,0,0,0,0,0,0,0,0,1,0,1,1,1,0,0,0,0,0,0,0,0,0,0,0,0
car_f1b4a907_jpg.rf.d8ad863a838bd395b4310cc93fbc2631.jpg,0,0,0,0,0,0,0,0,0,0,1,0,0,0,0,1,0,1,0,0,0,0,0,0,0,0,0,0,1,0
car_e7091d90_jpg.rf.d162274b521918d63fba44c8d706faa1.jpg,0,0,0,0,0,0,0,0,0,0,0,0,0,0,0,1,0,1,0,0,0,0,0,1,0,0,1,0,0,0
car_efd1c4a3_jpg.rf.c94175da6d1fa9848967046622e024cf.jpg,0,0,0,0,0,0,0,0,0,0,0,0,1,0,0,1,0,1,0,0,0,0,0,0,0,1,0,0,0,0
car_1d85aada_jpg.rf.2be3b0f28b6c18adb9d1506813a7133d.jpg,0,0,0,0,0,0,0,0,0,0,0,0,1,0,0,1,1,1,0,0,0,0,0,0,0,0,0,0,0,0
car_e00dcc03_jpg.rf.3c7c3c89c5ae8c5d98aa45764c9b596a.jpg,0,0,0,0,0,0,0,0,0,0,0,0,0,0,0,1,1,1,0,0,0,0,0,0,0,0,0,0,1,0
car_d28e29db_jpg.rf.4411a545d33e3ff7eac49f81a00625e6.jpg,0,0,0,0,0,0,0,0,0,0,0,0,0,0,0,1,0,0,0,0,0,0,1,0,1,0,0,0,1,0
car_9a07bfc4_jpg.rf.2cd39b72b1761bd7ed50cf86c93ba28f.jpg,0,0,0,0,0,0,0,0,0,0,0,0,0,0,0,1,0,0,0,0,0,0,1,0,0,1,0,0,1,0
car_71561f41_jpg.rf.189af3445f4439aad644d3cef98acd7d.jpg,0,0,0,0,0,0,0,0,0,0,0,1,0,0,0,1,0,1,0,0,0,0,0,0,0,0,0,0,1,0
car_9c0f8f9f_jpg.rf.c051a48ba44c4ecf2f0acbc5cba32d46.jpg,0,0,0,0,0,0,0,0,0,0,0,1,0,0,0,1,0,1,0,0,0,0,0,0,0,0,0,0,1,0
car_cda34b7b_jpg.rf.5b1de031302434ee7974ef5ba05f2f7c.jpg,0,0,0,1,0,0,0,0,0,0,0,0,0,0,0,1,0,1,0,0,1,0,0,0,0,0,0,0,0,0
car_89524579_jpg.rf.2541ea4de6eaddbd01d2523150c30afb.jpg,0,1,0,0,0,0,0,0,0,0,0,0,1,0,0,1,0,1,0,0,0,0,0,0,0,0,0,0,0,0
car_99ea5e60_jpg.rf.fd2f84dda0cbb7455a45dea8d7653e3d.jpg,0,0,0,0,0,0,0,0,0,0,0,1,0,0,0,1,0,1,0,0,0,0,0,0,0,0,0,0,1,0
car_7e886e7b_jpg.rf.c027bc78b2aa33b70b03fb2284fd4fe3.jpg,0,0,0,0,0,0,0,0,0,0,0,0,1,0,0,1,0,0,0,0,0,0,1,0,1,0,0,0,0,0
car_efd1c4a3_jpg.rf.15b395f3e5dd66a65c975e90e289886e.jpg,0,0,0,0,0,0,0,0,0,0,0,0,1,0,0,1,0,1,0,0,0,0,0,0,0,1,0,0,0,0
car_29284998_jpg.rf.1b26a414b4df1f4eb95c3a07715d4587.jpg,0,0,0,0,0,0,0,0,0,0,0,0,0,0,0,1,0,1,0,0,0,0,0,0,0,1,0,0,1,0
car_2b692003_jpg.rf.fc68c683eb37085f87b06bfef08ffca8.jpg,0,0,0,0,0,0,0,0,0,0,1,0,1,0,0,1,0,1,0,0,0,0,0,0,0,0,0,0,0,0
car_f7d36978_jpg.rf.4100a6bf9135c4f50a19c4120d12f031.jpg,0,0,0,0,0,0,0,0,0,0,0,0,0,0,0,1,0,1,0,0,0,0,0,0,0,0,1,0,1,0
car_8e125589_jpg.rf.5d922201a655293be4b39a508868bcac.jpg,0,0,0,0,0,0,0,0,0,0,0,0,0,0,0,1,0,1,0,0,0,0,0,0,0,0,1,0,1,0
car_6f1eed13_jpg.rf.44c7478b0736a6c762b5cd7a4218d125.jpg,0,1,0,0,0,0,0,0,0,0,0,0,1,0,0,1,0,1,0,0,0,0,0,0,0,0,0,0,0,0
car_7056b53c_jpg.rf.6ef4671c580e60d78e2a8f7437f5000d.jpg,0,0,0,0,0,0,0,0,0,0,0,0,0,0,0,1,0,1,0,0,1,0,0,0,0,0,1,0,0,0
car_8fb33089_jpg.rf.6016c37311cb24249ca7de59d0c87d25.jpg,0,0,0,0,0,0,0,0,0,0,0,0,0,0,0,1,0,1,0,0,0,0,0,0,0,0,1,0,1,0
car_8f4cbe0f_jpg.rf.2e310cea35055dbe5a02617df410d158.jpg,0,0,0,0,0,0,0,1,0,0,0,0,0,0,0,1,0,1,0,0,0,0,0,0,0,0,0,0,1,0
car_8ddf516f_jpg.rf.cd9cffb4d52ba1dfdf8cedfea1c8cbfb.jpg,0,0,0,0,0,0,0,0,0,0,0,0,1,0,0,1,0,1,0,0,0,0,0,0,0,1,0,0,0,0
car_90b24584_jpg.rf.c62dcbbc2fa5fc5308cc9e51540915e3.jpg,0,0,0,0,0,0,0,0,0,0,0,0,0,0,0,1,0,1,0,0,0,0,0,0,0,0,1,0,1,0
car_ef6ac1f8_jpg.rf.fc49c26f0628f3f487846e578e0dd931.jpg,0,0,0,0,0,0,0,0,0,0,0,0,0,0,0,1,0,1,0,0,1,0,0,0,0,0,1,0,0,0
car_f8c6d165_jpg.rf.349f8fb71e1ae2a1ae5eb60c917aad91.jpg,0,0,1,0,0,0,0,0,0,0,0,0,1,0,0,1,0,1,0,0,0,0,0,0,0,0,0,0,0,0
car_2c54ca0c_jpg.rf.eb75ea4ed615a949d25440f5361c7e73.jpg,0,0,0,1,0,0,0,0,0,0,0,0,1,0,0,1,0,1,0,0,0,0,0,0,0,0,0,0,0,0
car_f7a66d3b_jpg.rf.ffe9f56df8491d84793341971eaef49d.jpg,0,0,0,0,0,0,0,0,0,0,0,0,0,1,0,1,0,1,0,0,0,0,0,0,0,1,0,0,0,0
car_94d5f09a_jpg.rf.716c143bf203f9717ed6bc0b5705d999.jpg,0,0,0,0,0,1,0,0,0,0,0,0,0,0,0,1,0,1,0,0,1,0,0,0,0,0,0,0,0,0
car_7ef8d848_jpg.rf.bf49561b64630d7c755a5eebcdbe3a90.jpg,0,0,0,0,0,0,0,0,0,0,0,1,1,0,0,1,0,1,0,0,0,0,0,0,0,0,0,0,0,0
car_86ce66fc_jpg.rf.9b5c9942023c3ed3bf921fd548a298ff.jpg,0,0,0,0,0,0,0,0,0,0,0,0,0,0,0,1,0,1,0,0,1,0,0,0,0,0,1,0,0,0
car_9411fc38_jpg.rf.fc5964929f5f16ee7d83ea12612d3c61.jpg,0,0,0,0,0,0,0,1,0,0,0,0,1,0,0,1,0,1,0,0,0,0,0,0,0,0,0,0,0,0
car_85200c4c_jpg.rf.0b0ac98b1dc4b9aa00fa510041004ea7.jpg,0,0,0,0,0,0,0,0,0,0,1,0,1,0,0,1,0,1,0,0,0,0,0,0,0,0,0,0,0,0
car_911871d1_jpg.rf.d028464769084036aada4b8aba4494db.jpg,0,0,0,0,0,0,0,0,0,0,0,0,0,0,0,1,0,1,0,0,0,0,0,0,0,0,1,0,1,0
car_89ed77cc_jpg.rf.bd9c3a0558188bf8e9f1573e7146fb56.jpg,0,0,0,0,0,0,0,0,0,0,0,0,1,0,0,1,0,1,0,0,0,0,0,0,1,0,0,0,0,0
car_94288024_jpg.rf.c5abe5316b1c87f2b672458edc319c5d.jpg,0,0,0,0,0,0,0,0,0,0,0,0,0,1,0,1,0,1,0,0,0,0,0,0,0,0,1,0,0,0
car_891f4539_jpg.rf.f7ba5d228702752a815572962f3a12a1.jpg,0,0,0,0,0,0,0,0,0,0,0,0,1,0,0,1,1,1,0,0,0,0,0,0,0,0,0,0,0,0
car_2e392da4_jpg.rf.628298d7b97ca0c01b195c84f2f9e311.jpg,0,0,0,0,0,0,0,0,0,0,0,1,1,0,0,1,0,1,0,0,0,0,0,0,0,0,0,0,0,0
car_7abc3823_jpg.rf.bd632884fa096f86e4c39b77ed9e32cd.jpg,0,0,0,0,0,0,0,0,0,0,0,0,0,0,0,1,0,1,0,0,0,0,0,0,1,0,0,0,1,0
car_95691dfa_jpg.rf.cd9605052d369379ad83b8e0b9204078.jpg,0,0,0,0,0,0,0,0,0,0,0,0,0,0,0,1,0,1,0,0,1,0,0,0,1,0,0,0,0,0
car_d814f554_jpg.rf.dbaa23bc1a46bc1241a44ad273d75848.jpg,0,0,0,0,0,0,0,0,0,0,0,0,0,0,0,1,0,1,0,0,1,0,0,0,1,0,0,0,0,0
car_f09434a5_jpg.rf.d3f1f9dd5c86ce8dd1eced76f7987ce1.jpg,0,0,0,0,0,0,0,0,0,0,0,0,0,0,0,1,0,1,0,0,0,0,0,0,0,0,1,0,1,0
car_9c78002e_jpg.rf.42f3c91188b46ee93524cd8ec4219280.jpg,0,0,0,0,0,0,0,0,0,0,0,0,0,0,0,1,0,1,0,0,1,0,0,0,0,0,1,0,0,0
car_f223754b_jpg.rf.b617643de8bb34c4151383ee7fa00f99.jpg,0,0,0,0,0,0,0,0,0,0,0,0,0,1,0,1,0,1,0,0,0,0,0,0,0,0,1,0,0,0
car_9c8677c0_jpg.rf.9c4072e8d880c8e5c06ca25435057763.jpg,0,0,0,0,0,0,0,0,0,0,0,0,0,0,0,1,0,1,0,0,0,0,0,1,0,0,1,0,0,0
car_6fb6cde8_jpg.rf.9877e138ff571dd2b00f4e286853a444.jpg,0,0,0,0,0,0,0,0,0,0,1,0,0,0,0,1,0,1,0,0,0,0,0,0,0,0,0,0,1,0
car_6fec203d_jpg.rf.a8954ba07ca85ad847c39ea41cc63efc.jpg,0,0,0,0,0,0,0,1,0,0,0,0,0,0,0,1,0,1,0,0,1,0,0,0,0,0,0,0,0,0
car_7154e817_jpg.rf.623cfcd29009c32a6b1bccf3b7a21558.jpg,0,0,0,0,0,0,0,0,0,0,0,0,0,0,0,1,0,1,0,0,1,0,0,0,0,0,1,0,0,0
car_77b70286_jpg.rf.89f5d3ee6cb2df8308eefe21487fa1bc.jpg,0,0,0,0,0,0,0,0,0,0,0,0,1,0,0,1,0,1,0,0,0,0,0,0,1,0,0,0,0,0
car_f1b4a907_jpg.rf.6b6e4ec6e22b61fcbf68013d2887d8f3.jpg,0,0,0,0,0,0,0,0,0,0,1,0,0,0,0,1,0,1,0,0,0,0,0,0,0,0,0,0,1,0
car_9c183a03_jpg.rf.6103b4ad84ce2ca8935562df33075655.jpg,0,0,0,0,0,0,0,0,0,0,0,0,0,0,0,1,0,1,0,0,0,0,0,0,1,0,0,0,1,0
car_cde417f3_jpg.rf.d3a6e8fdfbe7a44d0b8b27268c638767.jpg,0,0,0,0,0,0,0,0,0,0,0,0,1,0,0,1,1,1,0,0,0,0,0,0,0,0,0,0,0,0
car_e8a0946b_jpg.rf.adea2a2c430dfb1be5875fb2e4bfe821.jpg,0,0,0,1,0,0,0,0,0,0,0,0,0,0,0,1,0,1,0,0,1,0,0,0,0,0,0,0,0,0
car_e9905523_jpg.rf.e5f891433c61567914e5c023debd65aa.jpg,0,0,0,0,0,0,0,0,0,0,0,0,0,0,0,1,0,1,0,0,0,0,0,0,1,0,0,0,1,0
car_953912b3_jpg.rf.3f415139bbcb7e865da953da838b5b93.jpg,0,0,0,0,0,0,0,0,0,0,0,0,0,0,0,1,0,1,0,0,0,0,0,0,0,0,1,0,1,0
car_8a796c9a_jpg.rf.7022149053951af97558db18c7abf154.jpg,0,0,0,0,0,0,0,0,0,0,0,0,0,0,0,1,0,1,0,0,1,0,0,0,0,0,1,0,0,0
car_88745d07_jpg.rf.5b63ecbf1be5f2ab7fc5c1626b554370.jpg,0,0,0,0,0,0,0,0,0,0,0,0,1,0,0,1,0,1,0,0,0,0,0,0,1,0,0,0,0,0
car_72085a3e_jpg.rf.952d3c689b105ee2478b79f89dece148.jpg,0,0,0,0,0,0,0,0,0,0,0,0,1,0,0,1,0,1,0,0,0,1,0,0,0,0,0,0,0,0
car_96bf76ca_jpg.rf.7986e79f79202a79916e904747ffc9f2.jpg,0,0,0,1,0,0,0,0,0,0,0,0,0,0,0,1,0,1,0,0,1,0,0,0,0,0,0,0,0,0
car_f6d10111_jpg.rf.5812e03314ce94257ae0782e8ea48ddc.jpg,0,0,0,0,0,0,0,0,0,0,0,0,0,1,0,1,0,0,0,0,0,0,1,0,1,0,0,0,0,0
car_771131ef_jpg.rf.12ad205a955a812160f74badcbbd5de2.jpg,0,0,0,0,0,0,0,0,0,0,0,0,1,0,0,1,1,1,0,0,0,0,0,0,0,0,0,0,0,0
car_796c6fd5_jpg.rf.033f342f9aafd7d2cebbc7410ed3da68.jpg,0,1,0,0,0,0,0,0,0,0,0,0,1,0,0,1,0,0,0,0,0,0,1,0,0,0,0,0,0,0
car_921afab3_jpg.rf.7fba3a499e19b3e31ca41d5d46afbb2e.jpg,0,0,1,0,0,0,0,0,0,0,0,0,1,0,0,1,0,1,0,0,0,0,0,0,0,0,0,0,0,0
car_3064332f_jpg.rf.87d010a3bc7ba98375e25a415b998f56.jpg,0,0,0,0,0,0,0,0,0,0,0,0,0,0,0,1,0,1,0,0,1,0,0,0,1,0,0,0,0,0
car_d5d3517d_jpg.rf.a2e80b1421262de97441cc3423725d84.jpg,0,0,0,0,0,0,0,0,0,0,0,0,0,0,0,1,0,1,0,0,0,0,0,0,0,0,1,0,1,0
car_88d7d1e9_jpg.rf.e8f74b11901fd8368a90aaf53ab299e6.jpg,0,0,0,0,0,0,0,0,0,0,0,0,0,0,0,1,0,1,0,0,1,1,0,0,0,0,0,0,0,0
car_e01685d1_jpg.rf.8dcd178ce58e309d5a8343b344347377.jpg,0,0,0,0,0,0,0,0,0,0,0,0,0,0,0,1,0,0,0,0,0,0,1,0,0,0,1,0,1,0
car_2835fad5_jpg.rf.65dd5c62b96ad4699e9531a8ab193204.jpg,0,0,0,0,0,0,0,0,0,0,1,0,1,0,0,1,0,1,0,0,0,0,0,0,0,0,0,0,0,0
car_8b70c712_jpg.rf.ed487fbac9e9fdde0365f46b21acdd32.jpg,0,0,0,0,0,0,0,0,0,0,0,0,0,0,0,1,0,1,0,0,0,0,0,1,0,0,1,0,0,0
car_ce893d7c_jpg.rf.272ff4abd508d732af520565bf565cd5.jpg,0,0,1,0,0,0,0,0,0,0,0,0,1,0,0,1,0,1,0,0,0,0,0,0,0,0,0,0,0,0
car_75a14e7b_jpg.rf.835f76a55ce56d3d0cab5cbb55c7ce0d.jpg,0,0,0,0,0,0,0,0,0,0,0,0,1,0,0,1,0,1,0,0,0,0,0,0,1,0,0,0,0,0
car_752a3da2_jpg.rf.8a3edc713ea84ab72741f666aa57e086.jpg,0,0,0,0,0,0,0,0,0,0,0,0,0,0,0,1,0,1,0,0,0,0,0,0,0,0,1,0,1,0
car_ce2eab2b_jpg.rf.fef6b36ccf6a2eec94453fd6987e4fac.jpg,0,0,0,0,0,0,0,0,0,0,0,0,1,0,0,1,0,1,0,0,0,0,0,0,0,1,0,0,0,0
car_73cc7f19_jpg.rf.5508e3c77763d1c204ab0e78ec640986.jpg,0,0,0,0,0,0,0,0,0,0,0,0,1,0,0,1,0,1,0,0,0,0,0,0,0,0,1,0,0,0
car_8ea1dfe6_jpg.rf.a7f5cda50d525793ab5896ed6f6407a1.jpg,0,0,0,0,0,0,0,0,0,0,0,0,0,0,0,1,0,1,0,0,1,1,0,0,0,0,0,0,0,0
car_9c0f8f9f_jpg.rf.78e68bc329116df7118a3dc632c33fd7.jpg,0,0,0,0,0,0,0,0,0,0,0,1,0,0,0,1,0,1,0,0,0,0,0,0,0,0,0,0,1,0
car_ed874da0_jpg.rf.57f34cbc1f02ff76d7865637f32104b3.jpg,0,0,1,0,0,0,0,0,0,0,0,0,0,0,0,0,0,1,0,0,0,0,0,0,0,0,0,1,1,0
car_943bd500_jpg.rf.d96282bc7b38ca2794a4e6ff1be66f83.jpg,0,0,0,0,0,0,0,0,0,0,0,0,0,0,0,1,0,1,0,0,0,0,0,0,0,0,1,0,1,0
car_ece19aa6_jpg.rf.78ba6f4ae0493a62070399c03c8125be.jpg,0,0,0,0,0,0,0,0,0,0,0,0,1,0,0,1,0,1,0,0,0,0,0,0,1,0,0,0,0,0
car_f4ead592_jpg.rf.54308735b84237f4e2f168d6fecc706d.jpg,0,0,0,0,0,0,0,0,0,0,0,0,0,1,0,1,1,1,0,0,0,0,0,0,0,0,0,0,0,0
car_ee491b3b_jpg.rf.920f15e5fca987d046c7afdbc7734bed.jpg,0,0,0,0,0,0,0,0,0,0,0,0,0,0,0,1,0,1,0,0,0,0,0,0,0,0,1,0,1,0
car_ea5366b0_jpg.rf.543b9703e96f6904de9c0d5c4415c39a.jpg,0,0,0,0,0,0,0,0,0,0,0,0,1,0,0,1,0,1,0,0,0,0,0,0,1,0,0,0,0,0
car_f223754b_jpg.rf.9c02f9c80d5169f6f8438d752d3de11b.jpg,0,0,0,0,0,0,0,0,0,0,0,0,0,1,0,1,0,1,0,0,0,0,0,0,0,0,1,0,0,0
car_8e125589_jpg.rf.54972cb76c82537c6c75b7a5f36b98f0.jpg,0,0,0,0,0,0,0,0,0,0,0,0,0,0,0,1,0,1,0,0,0,0,0,0,0,0,1,0,1,0
car_f1b4a907_jpg.rf.82e7d0be3b4c246408711cab29110781.jpg,0,0,0,0,0,0,0,0,0,0,1,0,0,0,0,1,0,1,0,0,0,0,0,0,0,0,0,0,1,0
car_e3f51f3e_jpg.rf.94bd6376d6e4a5100c1c35f64b6db837.jpg,0,0,0,0,0,0,0,0,0,0,0,0,0,0,0,1,0,1,0,0,0,0,0,0,1,0,0,0,1,0
car_cf3999ec_jpg.rf.cb90477f5cdf51fd33770ee549873117.jpg,0,0,0,0,0,0,0,0,0,0,0,0,0,0,0,1,1,1,0,0,0,0,0,0,0,0,0,0,1,0
car_e2605b29_jpg.rf.ba7a6e41faedda0aa6fb6dc80f33a752.jpg,0,0,0,0,0,0,0,0,0,0,0,0,0,0,0,1,0,1,0,0,0,0,0,0,0,1,0,0,1,0
car_94b2928d_jpg.rf.cd4ad0b0fd22dd95333d6cbf25ee8a0b.jpg,0,0,0,0,0,0,0,0,0,0,0,0,1,0,0,1,1,0,0,0,0,0,1,0,0,0,0,0,0,0
car_d6999dd8_jpg.rf.92999f9ba4828759e489207539a0eca2.jpg,0,0,0,0,0,0,0,0,0,0,0,0,0,1,0,1,0,1,0,0,0,0,0,0,1,0,0,0,0,0
car_8f4cbe0f_jpg.rf.a5dd266de290bb1a92d6ba03a2815cf2.jpg,0,0,0,0,0,0,0,1,0,0,0,0,0,0,0,1,0,1,0,0,0,0,0,0,0,0,0,0,1,0
car_997cfe62_jpg.rf.6ba779e8844325bb9aeb987de11f7115.jpg,0,0,0,0,0,0,0,0,0,0,0,0,0,0,0,1,0,1,0,0,1,1,0,0,0,0,0,0,0,0
car_9641b4f1_jpg.rf.ec57a20c1048d63181af22a56106a12a.jpg,0,0,0,0,0,0,0,0,0,0,0,0,1,0,0,1,0,1,0,0,0,0,0,0,1,0,0,0,0,0
car_ec4abe8b_jpg.rf.6cbf8e686c3f2addc89505a29a74a209.jpg,0,0,0,0,0,0,0,0,0,0,0,0,0,0,0,1,0,1,0,0,0,0,0,1,0,0,1,0,0,0
car_72139e36_jpg.rf.08adbcdb0bb84010de08098c9ff5795a.jpg,0,0,0,0,0,0,0,0,0,0,0,0,0,0,0,1,0,1,0,0,0,0,0,0,1,0,0,0,1,0
car_774edd79_jpg.rf.5c7fdc00f12bdbc7dc6f059d1b1a38c7.jpg,0,0,0,0,0,0,0,0,0,0,0,0,0,0,0,1,0,1,0,0,0,0,0,0,1,0,0,0,1,0
car_8ea1dfe6_jpg.rf.abc9ac9b7ecebcc082f48f93333263a1.jpg,0,0,0,0,0,0,0,0,0,0,0,0,0,0,0,1,0,1,0,0,1,1,0,0,0,0,0,0,0,0
car_ede722ca_jpg.rf.c1c9be4b882deee3bd158cf0b7c91562.jpg,0,0,0,0,0,0,0,0,0,0,0,0,0,1,0,1,0,1,0,0,0,0,0,0,1,0,0,0,0,0
car_794c7532_jpg.rf.ac755bece5dc30364677061b2d28128b.jpg,0,0,0,0,0,0,0,0,0,0,0,0,0,1,0,1,0,1,0,0,0,0,0,0,0,0,1,0,0,0
car_9c78002e_jpg.rf.f52517912ebd5c5ef4845a0125ab3c3c.jpg,0,0,0,0,0,0,0,0,0,0,0,0,0,0,0,1,0,1,0,0,1,0,0,0,0,0,1,0,0,0
car_96de639b_jpg.rf.f2a762531fc7d2ebc71f54dc6430a059.jpg,0,0,0,0,0,0,0,0,0,0,0,0,0,0,0,1,0,1,0,0,1,0,0,0,1,0,0,0,0,0
car_977b72f6_jpg.rf.0654c4922fbb1618fea3b8afcc0f0f4a.jpg,0,0,0,0,0,0,0,0,0,0,0,0,1,0,0,1,0,1,0,0,0,0,0,0,1,0,0,0,0,0
car_891f4539_jpg.rf.0f54a051115a9db8a7bac1a682267f29.jpg,0,0,0,0,0,0,0,0,0,0,0,0,1,0,0,1,1,1,0,0,0,0,0,0,0,0,0,0,0,0
car_e35fdba1_jpg.rf.a7481093b7dba32dc17be74f29fc2957.jpg,0,0,0,0,0,0,0,0,0,0,0,1,1,0,0,1,0,1,0,0,0,0,0,0,0,0,0,0,0,0
car_ec3c849f_jpg.rf.345a974ccd0a853161cc379d52066037.jpg,0,0,1,0,0,0,0,0,0,0,0,0,1,0,0,1,0,1,0,0,0,0,0,0,0,0,0,0,0,0
car_ed145448_jpg.rf.3b702a05c61fe446258c964c35122f43.jpg,0,0,0,0,0,0,0,0,0,0,0,1,0,0,0,1,0,1,0,0,0,0,0,0,0,0,0,0,1,0
truck_73b6797a_jpg.rf.8a340d946056dcf1767f6bb7d693c07c.jpg,0,0,0,0,0,1,0,0,0,0,0,0,0,0,0,1,0,1,0,0,1,0,0,0,0,0,0,0,0,0
car_75e242d1_jpg.rf.4caaca1c06b174cc69afdc9075355820.jpg,0,0,0,0,0,0,0,0,0,0,0,0,0,0,0,1,0,1,0,0,0,0,0,1,1,0,0,0,0,0
car_9859c826_jpg.rf.9d1efd67c0fdbc607616df0932a2e061.jpg,0,0,0,0,0,0,0,0,0,0,0,0,0,0,0,1,0,1,0,0,0,0,0,0,0,0,1,0,1,0
car_f78ad7bc_jpg.rf.d1e66f114af5d1941f82add77d4ef6cc.jpg,0,0,0,0,0,0,0,0,0,0,0,0,1,0,0,1,0,1,0,0,0,0,0,0,1,0,0,0,0,0
car_94b2928d_jpg.rf.19c4fec21d26c7b4fd2c42433591d19a.jpg,0,0,0,0,0,0,0,0,0,0,0,0,1,0,0,1,1,0,0,0,0,0,1,0,0,0,0,0,0,0
car_e00ae6c4_jpg.rf.f2f71b963779dc6659e81395a83432dc.jpg,0,0,0,0,0,0,0,0,0,0,0,0,1,0,0,1,0,1,0,0,0,0,0,0,0,0,1,0,0,0
car_888bdf32_jpg.rf.c639075c847e2e4f533ccd70e05b0523.jpg,0,0,0,0,0,0,0,0,0,0,0,0,0,0,0,1,0,1,0,0,0,0,0,0,0,0,1,0,1,0
car_ef11e929_jpg.rf.2dd3fa058b9a04c62803145cf6a6feb1.jpg,0,0,0,0,0,0,0,0,0,0,0,0,1,0,0,1,0,1,0,0,0,0,0,0,0,1,0,0,0,0
car_95691dfa_jpg.rf.f18da9295c5828475ad459d911836ab9.jpg,0,0,0,0,0,0,0,0,0,0,0,0,0,0,0,1,0,1,0,0,1,0,0,0,1,0,0,0,0,0
truck_a3a608e2_jpg.rf.f72cce3fba3d5bb75d749e32be1b51bb.jpg,0,0,0,0,0,1,0,0,0,0,0,0,0,0,0,1,0,1,0,0,1,0,0,0,0,0,0,0,0,0
car_e7091d90_jpg.rf.3e5676aa67085fe67517476240a4b7e2.jpg,0,0,0,0,0,0,0,0,0,0,0,0,0,0,0,1,0,1,0,0,0,0,0,1,0,0,1,0,0,0
car_850a6e8e_jpg.rf.c39e33d62be6b30ee85c04c3d56bb0f5.jpg,0,0,0,0,0,0,0,0,0,0,0,0,1,0,0,1,0,1,0,0,0,0,0,0,1,0,0,0,0,0
truck_c61c1576_jpg.rf.7d3d85fd1d24b6307a9806f957d4f9a6.jpg,0,0,0,0,0,0,0,0,0,0,1,0,1,0,0,1,0,1,0,0,0,0,0,0,0,0,0,0,0,0
car_965cc7d6_jpg.rf.544bcca2eec6b3a45b82ab3535df8e1b.jpg,0,0,0,0,0,0,0,0,0,0,0,0,0,0,0,1,0,1,0,0,1,0,0,0,0,0,1,0,0,0
car_e00dcc03_jpg.rf.18b6c6f5fe4ed11f531d0113a3080cd5.jpg,0,0,0,0,0,0,0,0,0,0,0,0,0,0,0,1,1,1,0,0,0,0,0,0,0,0,0,0,1,0
car_8ddf516f_jpg.rf.1152924e851868ab4308c653a3ea58d7.jpg,0,0,0,0,0,0,0,0,0,0,0,0,1,0,0,1,0,1,0,0,0,0,0,0,0,1,0,0,0,0
car_6fec203d_jpg.rf.656371fad1a06afe886c0a47842c9d9e.jpg,0,0,0,0,0,0,0,1,0,0,0,0,0,0,0,1,0,1,0,0,1,0,0,0,0,0,0,0,0,0
car_73befcf3_jpg.rf.2d49bf0f6857bd840c8db4a12116cb7d.jpg,0,0,0,0,0,0,0,0,0,0,0,0,0,0,0,1,0,1,0,0,1,0,0,0,1,0,0,0,0,0
car_7154e817_jpg.rf.43116b1163dc04cead04e408a029732f.jpg,0,0,0,0,0,0,0,0,0,0,0,0,0,0,0,1,0,1,0,0,1,0,0,0,0,0,1,0,0,0
car_ee82faa7_jpg.rf.fc2a79460c5175f6d88c113657cb001d.jpg,0,0,0,0,0,0,0,0,0,0,0,0,0,0,0,1,0,1,0,0,1,0,0,0,1,0,0,0,0,0
car_9641b4f1_jpg.rf.9e22835c9c0726e1b88bd30c73b91ff4.jpg,0,0,0,0,0,0,0,0,0,0,0,0,1,0,0,1,0,1,0,0,0,0,0,0,1,0,0,0,0,0
car_6fb6cde8_jpg.rf.be5545d2d0231da76dba5ae05858226c.jpg,0,0,0,0,0,0,0,0,0,0,1,0,0,0,0,1,0,1,0,0,0,0,0,0,0,0,0,0,1,0
car_e64a59f6_jpg.rf.087e9e3b814a96d89a82e0661a76e005.jpg,0,0,0,1,0,0,0,0,0,0,0,0,0,0,0,1,0,1,0,0,0,0,0,0,0,0,0,0,0,1
car_ef11e929_jpg.rf.8cceaa5180a727ba6aa95ab7f2c0eb9e.jpg,0,0,0,0,0,0,0,0,0,0,0,0,1,0,0,1,0,1,0,0,0,0,0,0,0,1,0,0,0,0
car_f76c417e_jpg.rf.a822de7d118db6041d57e448e0b5745b.jpg,0,0,0,0,0,0,0,0,0,0,0,0,0,0,0,1,0,0,0,0,0,0,1,0,1,0,0,0,1,0
car_94d5f09a_jpg.rf.b96a1819f4bfe6383caa26287bca266d.jpg,0,0,0,0,0,1,0,0,0,0,0,0,0,0,0,1,0,1,0,0,1,0,0,0,0,0,0,0,0,0
car_f6c908bb_jpg.rf.6f71332540c1dc24f35d611de01cfce9.jpg,0,0,1,0,0,0,0,0,0,0,0,0,1,0,0,1,0,1,0,0,0,0,0,0,0,0,0,0,0,0
car_cfd3c76c_jpg.rf.1b9f8262d62f4296bcddecc4212247e3.jpg,0,0,0,0,0,0,0,1,0,0,0,0,0,0,0,1,0,1,0,0,0,0,0,0,0,0,0,0,1,0
car_98bfb24a_jpg.rf.f023c458224b4a19e76719538f0c57e1.jpg,0,0,0,0,0,0,0,0,0,0,0,0,0,0,0,1,0,1,0,0,1,0,0,0,0,0,1,0,0,0
car_dfccb4c3_jpg.rf.d228aad787bd8cf5b3b58dbd83d1c508.jpg,0,0,0,0,0,0,0,0,0,0,0,0,0,0,0,1,0,1,0,0,0,0,0,0,0,0,1,0,1,0
car_88745d07_jpg.rf.730f869ec43ed0842c0758305f9f7dec.jpg,0,0,0,0,0,0,0,0,0,0,0,0,1,0,0,1,0,1,0,0,0,0,0,0,1,0,0,0,0,0
car_85200c4c_jpg.rf.d9db324be15d4836fec65299c52f5555.jpg,0,0,0,0,0,0,0,0,0,0,1,0,1,0,0,1,0,1,0,0,0,0,0,0,0,0,0,0,0,0
car_f4ead592_jpg.rf.b33877e1d22bcb44bfae3f66c6fda6a7.jpg,0,0,0,0,0,0,0,0,0,0,0,0,0,1,0,1,1,1,0,0,0,0,0,0,0,0,0,0,0,0
car_d2ea7d95_jpg.rf.573687b1fbac5f23c7e0a1cd0a5838f4.jpg,0,0,0,0,0,0,0,0,0,0,1,0,1,0,0,1,0,1,0,0,0,0,0,0,0,0,0,0,0,0
car_ee747b81_jpg.rf.61dfbc660d4ccc60c1270d62b97fd76a.jpg,0,0,0,0,0,0,0,0,0,0,0,0,0,0,0,1,0,1,0,0,0,0,0,0,0,0,1,0,1,0
car_9c8677c0_jpg.rf.06dc2c72cbcca9e7489dab987d1cbafc.jpg,0,0,0,0,0,0,0,0,0,0,0,0,0,0,0,1,0,1,0,0,0,0,0,1,0,0,1,0,0,0
car_973a8fd8_jpg.rf.3f04e7f39ae437f4d48504e77569cf15.jpg,0,0,0,0,0,0,0,0,0,0,1,0,1,0,0,1,0,1,0,0,0,0,0,0,0,0,0,0,0,0
car_6f1eed13_jpg.rf.159cb0e68b397810df1d12928d6d1c1c.jpg,0,1,0,0,0,0,0,0,0,0,0,0,1,0,0,1,0,1,0,0,0,0,0,0,0,0,0,0,0,0
car_7056b53c_jpg.rf.46ae7da8240b2f129bf42b1da1d13d33.jpg,0,0,0,0,0,0,0,0,0,0,0,0,0,0,0,1,0,1,0,0,1,0,0,0,0,0,1,0,0,0
car_d6999dd8_jpg.rf.5a2040ea2ddb7f948300f4d4e3efdfd0.jpg,0,0,0,0,0,0,0,0,0,0,0,0,0,1,0,1,0,1,0,0,0,0,0,0,1,0,0,0,0,0
car_014d3a50_jpg.rf.4802fabd75c325e477cc89357e3e22e5.jpg,0,0,0,0,0,0,0,0,0,0,0,0,0,1,0,1,0,1,0,0,0,0,0,0,0,0,1,0,0,0
car_953912b3_jpg.rf.adc22103e22d0c99c68b1140a1be265f.jpg,0,0,0,0,0,0,0,0,0,0,0,0,0,0,0,1,0,1,0,0,0,0,0,0,0,0,1,0,1,0
car_719eeef8_jpg.rf.362fcf01792a7a8e6838f3df71aea8a9.jpg,0,0,0,0,0,0,0,0,0,0,0,0,1,0,0,1,0,1,0,0,0,1,0,0,0,0,0,0,0,0
car_8b70c712_jpg.rf.de6a3f010cf74b931c74b2f3405bcb6c.jpg,0,0,0,0,0,0,0,0,0,0,0,0,0,0,0,1,0,1,0,0,0,0,0,1,0,0,1,0,0,0
car_72085a3e_jpg.rf.6bdb511f6ec7ebe311e4ab2781695605.jpg,0,0,0,0,0,0,0,0,0,0,0,0,1,0,0,1,0,1,0,0,0,1,0,0,0,0,0,0,0,0
car_d28e29db_jpg.rf.d07e29abe400c63fda6bcd491f11159f.jpg,0,0,0,0,0,0,0,0,0,0,0,0,0,0,0,1,0,0,0,0,0,0,1,0,1,0,0,0,1,0
car_71561f41_jpg.rf.67f7ca9f30381ed3c8c057b9b62dcfc7.jpg,0,0,0,0,0,0,0,0,0,0,0,1,0,0,0,1,0,1,0,0,0,0,0,0,0,0,0,0,1,0
car_e4237230_jpg.rf.1f3d26866c1b9cead033b51cf31e8531.jpg,0,0,0,0,0,0,0,0,0,0,0,0,0,0,0,1,1,1,0,0,0,0,0,0,0,0,0,0,1,0
car_efd1c4a3_jpg.rf.088553a52fc8d6d4a225dde0559553ec.jpg,0,0,0,0,0,0,0,0,0,0,0,0,1,0,0,1,0,1,0,0,0,0,0,0,0,1,0,0,0,0
truck_8541de59_jpg.rf.253a8efd54d49d85dea080121b8085c0.jpg,0,0,0,0,0,0,0,0,0,0,0,0,0,1,0,1,0,0,0,0,0,0,1,0,1,0,0,0,0,0
car_ecea4c88_jpg.rf.3cae273867c67997d4531edf0024ccea.jpg,0,0,0,0,0,0,0,0,0,0,0,0,0,0,0,1,0,1,0,0,1,0,0,0,1,0,0,0,0,0
car_86ce66fc_jpg.rf.6d14374b36cd8d9b323169146e789b43.jpg,0,0,0,0,0,0,0,0,0,0,0,0,0,0,0,1,0,1,0,0,1,0,0,0,0,0,1,0,0,0
car_973a8fd8_jpg.rf.6f1aae8be881fcfe7ec72afe3732ba55.jpg,0,0,0,0,0,0,0,0,0,0,1,0,1,0,0,1,0,1,0,0,0,0,0,0,0,0,0,0,0,0
car_88d7d1e9_jpg.rf.06d10b287f86d931625b7f9350b40c82.jpg,0,0,0,0,0,0,0,0,0,0,0,0,0,0,0,1,0,1,0,0,1,1,0,0,0,0,0,0,0,0
car_d2a20d56_jpg.rf.3bf3f355ee3c495fd1ba06cdc9c183ff.jpg,0,0,0,0,0,0,0,0,0,0,0,0,0,0,0,1,0,1,0,0,0,0,0,0,1,0,0,0,1,0
car_888bdf32_jpg.rf.463f10518f6d58c6295e1c379f07c9dd.jpg,0,0,0,0,0,0,0,0,0,0,0,0,0,0,0,1,0,1,0,0,0,0,0,0,0,0,1,0,1,0
car_0269392c_jpg.rf.99fe48a77e7ce86b92a7874aad5a1a2d.jpg,0,0,0,1,0,0,0,0,0,0,0,0,0,0,0,1,0,1,0,0,1,0,0,0,0,0,0,0,0,0
car_8a796c9a_jpg.rf.c22c29c23c610b726c91c2eb22b77d06.jpg,0,0,0,0,0,0,0,0,0,0,0,0,0,0,0,1,0,1,0,0,1,0,0,0,0,0,1,0,0,0
car_89524579_jpg.rf.a1a1b1126b5aa20809993217802ccd0c.jpg,0,1,0,0,0,0,0,0,0,0,0,0,1,0,0,1,0,1,0,0,0,0,0,0,0,0,0,0,0,0
car_72139e36_jpg.rf.c5d7b712004dd661949eb82ceaac3a25.jpg,0,0,0,0,0,0,0,0,0,0,0,0,0,0,0,1,0,1,0,0,0,0,0,0,1,0,0,0,1,0
car_911871d1_jpg.rf.551c3e309a9cfec193bd749db3eb9276.jpg,0,0,0,0,0,0,0,0,0,0,0,0,0,0,0,1,0,1,0,0,0,0,0,0,0,0,1,0,1,0
car_921afab3_jpg.rf.bba4dff5d0080aa2812ac669e337df42.jpg,0,0,1,0,0,0,0,0,0,0,0,0,1,0,0,1,0,1,0,0,0,0,0,0,0,0,0,0,0,0
car_8515880d_jpg.rf.483cb824c8d6ee7ca903e76ca59120ce.jpg,0,0,0,0,0,0,0,0,0,0,0,0,0,0,0,1,0,1,0,0,0,0,0,0,1,0,0,0,1,0
car_96bf76ca_jpg.rf.6327f0fa0c938e6bcdba543a05f6c666.jpg,0,0,0,1,0,0,0,0,0,0,0,0,0,0,0,1,0,1,0,0,1,0,0,0,0,0,0,0,0,0
car_89ed77cc_jpg.rf.1da498d86b726cb166ae70f226b46448.jpg,0,0,0,0,0,0,0,0,0,0,0,0,1,0,0,1,0,1,0,0,0,0,0,0,1,0,0,0,0,0
car_96de639b_jpg.rf.5333a54cf6beeea18df9b4038e05f766.jpg,0,0,0,0,0,0,0,0,0,0,0,0,0,0,0,1,0,1,0,0,1,0,0,0,1,0,0,0,0,0
car_026c7495_jpg.rf.b167d6c8e8e3ce1ee75106dbee09bd23.jpg,0,0,0,0,0,0,0,0,0,0,0,0,0,0,0,1,0,1,0,0,1,0,0,0,1,0,0,0,0,0
car_d814f554_jpg.rf.2c7045aabc575695f0d651c5f33f915a.jpg,0,0,0,0,0,0,0,0,0,0,0,0,0,0,0,1,0,1,0,0,1,0,0,0,1,0,0,0,0,0
car_940ace19_jpg.rf.bb00c0d271c38a229011d3bd16f0a600.jpg,0,0,0,0,0,0,0,0,0,0,0,0,1,0,0,1,0,1,0,0,0,0,0,0,0,0,1,0,0,0
car_03682986_jpg.rf.ab32e5e0ce9d6a1084af0f77d8f38864.jpg,0,0,0,0,0,0,0,0,0,0,1,0,1,0,0,1,0,1,0,0,0,0,0,0,0,0,0,0,0,0
car_9411fc38_jpg.rf.d12d0e7e15626c375a4f224c81967487.jpg,0,0,0,0,0,0,0,1,0,0,0,0,1,0,0,1,0,1,0,0,0,0,0,0,0,0,0,0,0,0
car_d5d3517d_jpg.rf.f08f96bced7f79ef3d0320f59438f56c.jpg,0,0,0,0,0,0,0,0,0,0,0,0,0,0,0,1,0,1,0,0,0,0,0,0,0,0,1,0,1,0
car_ef6ac1f8_jpg.rf.f739aee252cb552cbaba64639b02defb.jpg,0,0,0,0,0,0,0,0,0,0,0,0,0,0,0,1,0,1,0,0,1,0,0,0,0,0,1,0,0,0
car_94288024_jpg.rf.25e4d94b299801705ae3abb959c76313.jpg,0,0,0,0,0,0,0,0,0,0,0,0,0,1,0,1,0,1,0,0,0,0,0,0,0,0,1,0,0,0
car_d5b7cec0_jpg.rf.f1f263df2078af50db09b968f69d0c36.jpg,0,0,0,0,0,0,0,0,0,0,0,0,0,0,0,1,0,1,0,0,1,0,0,0,0,0,1,0,0,0
car_15ec122b_jpg.rf.2b84469492ab215cd936ee57d740ca9e.jpg,0,0,0,0,0,0,0,0,0,0,0,0,0,0,0,1,0,1,0,0,0,0,0,0,0,1,0,0,1,0
car_1b19c5dc_jpg.rf.b4c130d0e05a9da70cd1a815d6c51e52.jpg,0,0,0,0,0,0,0,0,0,0,0,0,1,0,0,1,0,1,0,0,0,0,0,0,1,0,0,0,0,0
car_d427f81c_jpg.rf.7b7087ce9d927db58e138991cf064fb8.jpg,0,0,0,0,0,0,0,0,0,0,0,0,1,0,0,1,0,1,0,0,0,0,0,0,0,0,1,0,0,0
car_141ddae3_jpg.rf.42ea9e67e080f80336086ff33bc47e7e.jpg,0,0,0,0,0,0,0,1,0,0,0,0,0,0,0,1,0,1,0,0,1,0,0,0,0,0,0,0,0,0
car_f09434a5_jpg.rf.1d889ea8e11972d267ed7bd83a309fb8.jpg,0,0,0,0,0,0,0,0,0,0,0,0,0,0,0,1,0,1,0,0,0,0,0,0,0,0,1,0,1,0
car_e2ba99e4_jpg.rf.9511926862d4177b65156f754b42ca25.jpg,0,0,0,0,0,0,0,0,0,0,0,0,0,0,0,1,0,1,0,0,0,0,0,1,0,0,1,0,0,0
car_73befcf3_jpg.rf.3121b20b93bc06bdc65864c633928ea2.jpg,0,0,0,0,0,0,0,0,0,0,0,0,0,0,0,1,0,1,0,0,1,0,0,0,1,0,0,0,0,0
car_01933681_jpg.rf.cb612949073bf2fef4b8bfc6101056d4.jpg,0,0,0,0,0,0,0,0,0,0,0,0,1,0,0,1,0,1,0,0,0,0,0,0,0,1,0,0,0,0
car_977b72f6_jpg.rf.eac237abcd2b6d322b060c0452f5b3be.jpg,0,0,0,0,0,0,0,0,0,0,0,0,1,0,0,1,0,1,0,0,0,0,0,0,1,0,0,0,0,0
car_90b24584_jpg.rf.ef5ad43c9966b4a61f6f0aed49ccc161.jpg,0,0,0,0,0,0,0,0,0,0,0,0,0,0,0,1,0,1,0,0,0,0,0,0,0,0,1,0,1,0
car_943bd500_jpg.rf.b1507982f76f1e23ad5839f002da10bb.jpg,0,0,0,0,0,0,0,0,0,0,0,0,0,0,0,1,0,1,0,0,0,0,0,0,0,0,1,0,1,0
car_d450b5b8_jpg.rf.21701c554cbe374ed8af644e033ed28d.jpg,1,0,0,0,0,0,0,0,0,0,0,0,0,1,0,1,0,0,0,0,0,0,0,0,0,0,0,0,0,0
car_9a07bfc4_jpg.rf.29240daa2d8011858fe7ad0e8690ba50.jpg,0,0,0,0,0,0,0,0,0,0,0,0,0,0,0,1,0,0,0,0,0,0,1,0,0,1,0,0,1,0
car_18923855_jpg.rf.355bb510a0a09daa7a9ccad36b249cf4.jpg,0,0,0,0,0,0,0,0,0,0,0,0,0,0,0,1,0,1,0,0,0,0,0,0,1,0,0,0,1,0
car_997cfe62_jpg.rf.44b73c4a6fc1824e0983df3c0812f1ee.jpg,0,0,0,0,0,0,0,0,0,0,0,0,0,0,0,1,0,1,0,0,1,1,0,0,0,0,0,0,0,0
car_8fb33089_jpg.rf.aea069408e27669cbc4929204d991a41.jpg,0,0,0,0,0,0,0,0,0,0,0,0,0,0,0,1,0,1,0,0,0,0,0,0,0,0,1,0,1,0
car_0d7d12bb_jpg.rf.a8f9f8dbc84cbd12266ff8f9d841c7f9.jpg,0,0,0,0,0,0,0,0,0,0,0,0,1,0,0,1,0,1,0,0,0,0,0,0,1,0,0,0,0,0
car_d32b76c3_jpg.rf.a4a7c25ef970540c9239105cd20f03c9.jpg,0,0,0,0,0,0,0,0,0,0,0,0,1,0,0,1,0,1,0,0,0,0,0,0,1,0,0,0,0,0
car_048631f3_jpg.rf.deeeba0e708879f32abc0e4ca5fb0fb1.jpg,0,0,0,1,0,0,0,0,0,0,0,0,1,0,0,1,0,1,0,0,0,0,0,0,0,0,0,0,0,0
car_1c337a8b_jpg.rf.58b20ff988f7c7f7acdabe9595196c68.jpg,0,0,0,0,0,0,0,0,0,0,0,0,0,0,0,1,0,1,0,0,0,0,0,0,0,0,1,0,1,0
car_9859c826_jpg.rf.34717c2f05e6679bb761555b72544778.jpg,0,0,0,0,0,0,0,0,0,0,0,0,0,0,0,1,0,1,0,0,0,0,0,0,0,0,1,0,1,0
car_0bc101e6_jpg.rf.d380fd562103787c165940ab15e4bc1d.jpg,0,0,0,0,0,0,0,0,0,0,0,0,0,0,0,1,0,1,0,0,0,0,0,0,0,0,1,0,1,0
car_0b64feb3_jpg.rf.fb32e5f352d04a6ec99729e6d4b12e7d.jpg,0,0,0,0,0,0,0,0,0,0,0,0,0,0,0,1,0,1,0,0,0,0,0,0,0,0,1,0,1,0
car_11fe22ed_jpg.rf.f37f49f238e7e7eb9f99ac548c8f9b08.jpg,0,0,0,0,0,0,0,1,0,0,0,0,0,0,0,1,0,1,0,0,0,0,0,0,0,0,0,0,1,0
car_99ea5e60_jpg.rf.17732b48c211ad5c740d4e50d6570fca.jpg,0,0,0,0,0,0,0,0,0,0,0,1,0,0,0,1,0,1,0,0,0,0,0,0,0,0,0,0,1,0
car_0d49ef1a_jpg.rf.1172ffe8e68eada924439f01c661598f.jpg,0,0,0,0,0,0,0,0,0,0,0,0,0,0,0,1,1,1,0,0,0,0,0,0,0,0,0,0,1,0
car_0499a860_jpg.rf.1aa4494096e1682d36a1962f88daac84.jpg,0,0,0,0,0,0,0,0,0,0,0,0,0,0,0,1,0,1,0,0,1,0,0,0,0,0,1,0,0,0
car_9af21070_jpg.rf.9d2b8e3855cd76404429fd4162d6c72c.jpg,0,0,0,0,0,0,0,0,0,0,0,0,1,0,0,1,0,1,0,0,0,1,0,0,0,0,0,0,0,0
car_0b1c26d6_jpg.rf.3fb1aebd7f526645201c92dec52d2e27.jpg,0,0,0,0,0,0,0,0,0,0,0,0,0,0,0,1,0,1,0,0,0,0,0,0,1,0,0,0,1,0
car_11fba8b8_jpg.rf.6d1b07fce9224e4f5602f0be3f3c8b1d.jpg,0,0,0,1,0,0,0,0,0,0,0,0,0,0,0,1,0,1,0,0,0,0,0,0,0,0,0,0,1,0
car_e4772156_jpg.rf.27d4c69cab54f3e65ac25745e54e1db4.jpg,0,0,0,0,0,0,0,0,0,0,0,0,1,0,0,1,0,1,0,0,0,1,0,0,0,0,0,0,0,0
car_71aa8436_jpg.rf.3f4394fb20beecfa466bcf4e28b93d29.jpg,0,0,0,0,0,0,0,0,0,0,0,0,0,0,0,1,0,1,0,0,1,0,0,0,0,0,1,0,0,0
car_0b7a03cc_jpg.rf.48bd72979fd95f2345b20a4796dfe347.jpg,0,0,0,0,0,0,0,0,0,0,0,0,0,0,0,1,0,1,0,0,0,0,0,1,0,0,1,0,0,0
car_18cb9e17_jpg.rf.8a5502a81f8427438683424e160a3a57.jpg,0,0,0,0,0,0,0,0,0,0,0,0,0,0,0,1,0,1,0,0,0,0,0,0,0,0,1,0,1,0
car_98bfb24a_jpg.rf.af52725126c919f2e62fab1f1033da7f.jpg,0,0,0,0,0,0,0,0,0,0,0,0,0,0,0,1,0,1,0,0,1,0,0,0,0,0,1,0,0,0
car_dea43e23_jpg.rf.e0cb93af1bf94ef2562c01e5e4b10469.jpg,0,0,0,0,0,0,0,0,0,0,0,0,1,0,0,1,0,1,0,0,0,0,0,0,0,1,0,0,0,0
car_0a9e0ed6_jpg.rf.f003cffaee7335d3604599b5ead986ae.jpg,0,0,0,0,0,0,0,0,0,0,0,0,0,0,0,1,1,1,0,0,0,0,0,0,0,0,0,0,1,0
car_dafb8aa3_jpg.rf.93ff3ef97aa60d5db05231062f6806dc.jpg,0,0,0,0,0,0,0,0,0,0,0,0,1,0,0,1,0,1,0,0,0,1,0,0,0,0,0,0,0,0
car_dc606a99_jpg.rf.db875121efa5209762190a80004fa16c.jpg,0,0,0,0,0,0,0,0,0,0,0,0,0,0,0,1,0,1,0,0,0,0,0,0,0,0,1,0,1,0
car_0cc34572_jpg.rf.317dbdd6638dbaa8c6ac4aa8a1d7e586.jpg,0,0,0,0,0,0,0,0,0,0,0,0,0,0,0,1,0,1,0,0,0,0,0,0,1,0,0,0,1,0
car_0f70c0e1_jpg.rf.2b71b1b0df399dd6912011754fc6c447.jpg,0,0,0,0,0,0,0,0,0,0,0,0,0,0,0,1,0,1,0,0,1,0,0,0,0,0,1,0,0,0
car_048015be_jpg.rf.7876740f187055e16f0e29d6246ed68e.jpg,0,0,0,0,0,0,0,0,0,0,0,0,0,0,0,1,0,1,0,0,0,0,0,0,0,0,1,0,0,1
car_0eac5278_jpg.rf.1aa95ebdde4aed174d87453bcb1e31bf.jpg,0,0,0,0,0,0,0,0,0,0,0,0,0,0,0,1,0,1,0,0,1,1,0,0,0,0,0,0,0,0
car_05318562_jpg.rf.ae4bcb6707b50d71b966249552347781.jpg,0,0,0,0,0,0,0,0,0,0,0,0,0,0,0,1,0,1,0,0,1,0,0,0,0,0,1,0,0,0
car_9b85bf51_jpg.rf.2b044f93ec4c39e46203714ca21f6346.jpg,0,0,0,0,0,0,0,0,0,0,0,0,1,0,0,1,0,1,0,0,0,1,0,0,0,0,0,0,0,0
car_1999e36d_jpg.rf.c660212ed074be23c290c9373b4cb706.jpg,0,0,0,0,0,0,0,1,0,0,0,0,0,0,0,1,0,1,0,0,1,0,0,0,0,0,0,0,0,0
car_15d8e80c_jpg.rf.26ab22ca23620bf70e70db05817514a2.jpg,0,0,0,0,0,0,0,0,0,0,0,0,0,0,1,1,0,1,0,0,0,0,0,0,1,0,0,0,0,0
car_d831b762_jpg.rf.c9d56c62edc698f46c4c5b36e5b8eae8.jpg,0,0,0,0,0,0,0,0,0,0,0,0,1,0,0,1,0,1,0,0,0,1,0,0,0,0,0,0,0,0
car_db4d1345_jpg.rf.9747e39038b8700da356312a944214fa.jpg,0,0,0,0,0,0,0,0,0,0,0,0,0,0,0,1,0,1,0,0,1,0,0,0,1,0,0,0,0,0
car_122b66da_jpg.rf.d7475d73a90c34414335afd83e2af764.jpg,0,0,0,0,0,0,0,0,0,0,0,0,0,0,0,1,0,1,0,0,1,0,0,0,0,0,1,0,0,0
car_7abc3823_jpg.rf.fe9e13c2a44b324101fec324be212f08.jpg,0,0,0,0,0,0,0,0,0,0,0,0,0,0,0,1,0,1,0,0,0,0,0,0,1,0,0,0,1,0
car_7b83e944_jpg.rf.94be7983aabe56a2af5eb975f560ba63.jpg,0,0,0,1,0,0,0,0,0,0,0,0,0,0,0,1,0,1,0,0,1,0,0,0,0,0,0,0,0,0
car_1b922880_jpg.rf.831f10f5da2273dae58e994174919a9d.jpg,0,0,0,0,0,0,0,0,0,0,0,0,0,0,0,1,0,1,0,0,1,0,0,0,0,0,1,0,0,0
car_79db7cdc_jpg.rf.e8c53e91be19ffea230fac58a6b9a72b.jpg,0,0,0,0,0,0,0,0,0,0,0,0,1,0,0,1,0,1,0,0,0,0,0,0,1,0,0,0,0,0
car_0d5824d2_jpg.rf.ddff65676dcf1857ca2007a21ff0e4ac.jpg,0,0,0,0,0,0,0,0,0,0,0,0,1,0,0,1,0,1,0,0,0,0,0,0,0,1,0,0,0,0
car_de95307e_jpg.rf.85335c4fbd08f1490a90331a0177775e.jpg,0,0,0,0,0,0,0,0,0,0,0,0,0,1,0,1,0,0,0,0,0,0,1,0,0,0,1,0,0,0
car_05d7abfc_jpg.rf.2ac3bd9d53efbe7d024c14ed8effd785.jpg,0,0,0,0,0,0,0,0,0,0,0,0,1,0,0,1,0,1,0,0,0,0,0,0,0,1,0,0,0,0
car_1a7e6908_jpg.rf.0ca4eab119663d5a5bcba4471f5df029.jpg,0,0,0,0,0,0,0,0,0,0,0,0,1,0,0,1,0,1,0,0,0,1,0,0,0,0,0,0,0,0
car_0daa884f_jpg.rf.f42635127aa8cedf0d57b58d4cbea14b.jpg,0,0,0,0,0,0,0,1,0,0,0,0,1,0,0,1,0,1,0,0,0,0,0,0,0,0,0,0,0,0
car_0392c0f5_jpg.rf.30a310fd35ae5665e27572496769eade.jpg,0,0,0,0,0,0,0,0,0,0,0,0,0,0,0,1,0,1,0,0,1,0,0,0,0,0,1,0,0,0
car_9c183a03_jpg.rf.d91a8551f50ec91c6b22b4f8387bc5df.jpg,0,0,0,0,0,0,0,0,0,0,0,0,0,0,0,1,0,1,0,0,0,0,0,0,1,0,0,0,1,0
car_d90c85ce_jpg.rf.ebd7eeca4454aca0e15eef35e58f8e8f.jpg,0,0,0,0,0,0,0,0,0,0,0,0,1,0,0,1,0,1,0,0,0,1,0,0,0,0,0,0,0,0
car_1263c5d1_jpg.rf.3351066f8a117eef74b6685e9739f83e.jpg,0,0,0,0,0,0,0,0,0,0,0,0,0,0,0,1,0,1,0,0,0,0,0,1,0,0,1,0,0,0
car_138f3cf7_jpg.rf.9d4c4ee4a9ea94bc7854fcec369ca6a8.jpg,0,0,0,0,0,0,0,0,0,0,0,0,0,1,0,1,0,1,0,0,0,0,0,0,0,0,1,0,0,0
car_06e53747_jpg.rf.3e6a4ffedd6632e3781c88f80f99ecdc.jpg,0,0,0,0,0,0,0,0,0,0,0,0,0,0,0,1,0,1,0,0,0,0,0,1,0,0,1,0,0,0
car_37612fca_jpg.rf.b43e13e6c5928ddb9342a2f4fce77bb6.jpg,0,0,0,0,0,0,0,0,0,0,0,0,0,0,0,1,0,1,0,0,0,0,0,0,0,0,1,0,1,0
car_084909e8_jpg.rf.f0df1ce243fd6b3cad63e33ad89cc51d.jpg,0,0,0,1,0,0,0,0,0,0,0,0,0,0,0,1,0,1,0,0,1,0,0,0,0,0,0,0,0,0
car_9e1c45a1_jpg.rf.69fe3537b45b477b7272573094177b22.jpg,0,0,0,0,0,0,0,0,0,0,0,0,0,0,0,1,0,1,0,0,0,0,0,0,1,0,0,0,1,0
car_100affc4_jpg.rf.88ce6e6d72ad7e3f6d3f438eb8678757.jpg,0,0,0,0,0,0,0,0,0,0,0,0,1,0,0,1,0,1,0,0,0,1,0,0,0,0,0,0,0,0
car_ef7aad9f_jpg.rf.967845f06a9e42a45149cb9e61250323.jpg,0,0,0,0,0,0,0,0,0,0,0,0,1,0,0,1,0,1,0,0,0,0,0,0,0,1,0,0,0,0
car_da684872_jpg.rf.1ab39544d53bbe8611d9ed50776003da.jpg,0,0,0,0,0,0,0,0,0,0,0,1,0,0,0,1,0,1,0,0,0,0,0,0,0,0,0,0,1,0
car_965cc7d6_jpg.rf.b2a03384cf5b003312f3825577500330.jpg,0,0,0,0,0,0,0,0,0,0,0,0,0,0,0,1,0,1,0,0,1,0,0,0,0,0,1,0,0,0
car_12214502_jpg.rf.0580fdf5f8207d2bea3681c11adda623.jpg,0,0,0,0,0,0,0,0,0,0,0,0,0,0,0,1,0,1,0,0,1,1,0,0,0,0,0,0,0,0
car_d4284619_jpg.rf.0e6f04ffad702e7e5958835bd7aa7bed.jpg,0,0,0,1,0,0,0,0,0,0,0,0,0,0,0,1,0,1,0,0,1,0,0,0,0,0,0,0,0,0
car_df877a01_jpg.rf.0d68d3de9b5aaf8e491faf08706b4a61.jpg,0,0,0,0,0,0,0,0,0,0,0,0,0,0,0,1,0,1,0,0,0,0,0,0,0,0,1,0,1,0
car_035a274a_jpg.rf.0c99205a164e7e3033a59ea760fbbf54.jpg,0,0,0,0,0,0,0,0,0,0,0,0,1,0,0,1,0,1,0,0,0,0,0,0,0,0,1,0,0,0
car_771131ef_jpg.rf.d5a60ad9d39a49a316fa87e9af4c944b.jpg,0,0,0,0,0,0,0,0,0,0,0,0,1,0,0,1,1,1,0,0,0,0,0,0,0,0,0,0,0,0
car_ddab8af7_jpg.rf.134ad150c1da5d0b0d9697e57a51af21.jpg,0,0,0,0,0,0,0,0,0,0,0,0,0,1,0,1,1,1,0,0,0,0,0,0,0,0,0,0,0,0
car_010b903f_jpg.rf.8298ff1e538712e4b8592198e7818b91.jpg,0,0,0,0,0,1,0,0,0,0,0,0,1,0,0,1,0,1,0,0,0,0,0,0,0,0,0,0,0,0
car_75a14e7b_jpg.rf.49a42cd9da628f616fe5c5b310e2e1df.jpg,0,0,0,0,0,0,0,0,0,0,0,0,1,0,0,1,0,1,0,0,0,0,0,0,1,0,0,0,0,0
car_d8226025_jpg.rf.c45102121bc8106d754b8ac3f0b73d6c.jpg,0,0,0,0,0,0,0,0,0,0,0,0,0,0,0,1,0,1,0,0,1,0,0,0,1,0,0,0,0,0
car_89524579_jpg.rf.447cc2a12111c3fa3c0b44052820177d.jpg,0,1,0,0,0,0,0,0,0,0,0,0,1,0,0,1,0,1,0,0,0,0,0,0,0,0,0,0,0,0
truck_628e3b0a_jpg.rf.aa1c6fbc0b2bdb7947032b19883e9dbc.jpg,0,0,0,0,0,0,0,0,0,0,1,0,1,0,0,1,0,1,0,0,0,0,0,0,0,0,0,0,0,0
car_115373fc_jpg.rf.c883b4e65ea7eab960577f228c97604a.jpg,0,0,0,0,0,0,0,0,0,0,0,0,0,0,0,1,0,1,0,0,1,0,0,0,1,0,0,0,0,0
car_06b26754_jpg.rf.4033aa80e587883a4e5ce1f36ac83b51.jpg,0,0,0,0,0,0,0,0,0,0,1,0,1,0,0,1,0,1,0,0,0,0,0,0,0,0,0,0,0,0
car_75e242d1_jpg.rf.7fd3317b56bfee159d9f00bb50a32722.jpg,0,0,0,0,0,0,0,0,0,0,0,0,0,0,0,1,0,1,0,0,0,0,0,1,1,0,0,0,0,0
car_06d283c9_jpg.rf.53d177af431a7967da34d53e276b9b94.jpg,0,0,0,0,0,0,0,1,0,0,0,0,0,0,0,1,0,1,0,0,0,0,0,0,0,0,0,0,1,0
car_df70f02d_jpg.rf.3fcd8b2d8253aac531367a6f2a1931f4.jpg,0,0,0,0,0,0,0,0,0,0,0,1,0,0,0,1,0,1,0,0,0,0,0,1,0,0,0,0,0,0
car_04459170_jpg.rf.919b092b62e82e1fbd5f24b9f69479bf.jpg,0,0,0,0,0,0,0,0,0,0,0,1,0,1,0,1,0,1,0,0,0,0,0,0,0,0,0,0,0,0
car_0715e18a_jpg.rf.2bb1e58441572a70069c690328869c19.jpg,0,0,0,0,0,0,0,0,0,0,0,0,1,0,0,1,0,1,0,0,0,0,0,0,1,0,0,0,0,0
car_11b7bff3_jpg.rf.f6fad4d00ddf56746d8d01e1c36c5d2f.jpg,0,0,0,0,0,0,0,0,0,0,0,1,1,0,0,1,0,1,0,0,0,0,0,0,0,0,0,0,0,0
car_0fa27b85_jpg.rf.da2c76b6ac3513fab5c1bae39891c969.jpg,0,0,0,0,0,0,0,0,0,0,0,0,0,1,0,1,0,1,0,0,0,0,0,0,1,0,0,0,0,0
truck_5e3276c4_jpg.rf.77a37ed2e3fb89c06c80417e5cf5c544.jpg,0,0,0,0,0,0,0,1,0,0,0,0,0,0,0,1,0,0,0,0,0,0,1,0,0,0,0,0,1,0
car_37401aa7_jpg.rf.03a77e9905c3b25d5ed35dcdd1f549ac.jpg,0,0,0,0,0,0,0,0,0,0,0,0,0,0,0,1,0,1,0,0,0,0,0,1,1,0,0,0,0,0
car_911871d1_jpg.rf.689c03f83effeae55efe75a91144fa08.jpg,0,0,0,0,0,0,0,0,0,0,0,0,0,0,0,1,0,1,0,0,0,0,0,0,0,0,1,0,1,0
car_021c2b57_jpg.rf.f4ad5f68505c6a4d4df94d6d9c785b31.jpg,0,0,0,1,0,0,0,0,0,0,0,0,1,0,0,1,0,1,0,0,0,0,0,0,0,0,0,0,0,0
car_087c7bea_jpg.rf.fd791a288664a14ae64764954aa45ba0.jpg,0,0,0,0,0,0,0,0,0,0,0,0,1,0,0,1,0,1,0,0,0,0,0,0,0,1,0,0,0,0
car_26f1ba44_jpg.rf.72cac6d21bca9c0763181a6ff7c57946.jpg,1,0,0,0,0,0,0,0,0,0,0,0,1,0,0,1,0,1,0,0,0,0,0,0,0,0,0,0,0,0
car_9c8677c0_jpg.rf.6eba42639758e46053a0562a6bf76137.jpg,0,0,0,0,0,0,0,0,0,0,0,0,0,0,0,1,0,1,0,0,0,0,0,1,0,0,1,0,0,0
car_9c8677c0_jpg.rf.8cdb1f7422d49a157b4d261c7db1781a.jpg,0,0,0,0,0,0,0,0,0,0,0,0,0,0,0,1,0,1,0,0,0,0,0,1,0,0,1,0,0,0
car_794c7532_jpg.rf.6eeca85889a34a487e109a3bb1c2e2f3.jpg,0,0,0,0,0,0,0,0,0,0,0,0,0,1,0,1,0,1,0,0,0,0,0,0,0,0,1,0,0,0
car_036cc52a_jpg.rf.caf7c0676588cfbb52f489d531da029e.jpg,0,0,0,0,0,0,0,0,0,0,0,0,1,0,0,1,0,1,0,0,0,0,0,0,1,0,0,0,0,0
car_2b016690_jpg.rf.5e32a8476c2fc578b06eb6c323b864f5.jpg,0,0,0,0,0,0,0,0,0,0,0,0,0,0,0,1,0,1,0,0,1,1,0,0,0,0,0,0,0,0
car_77b70286_jpg.rf.4d8beb3bcc8aafe384a25edb2c9dc4e7.jpg,0,0,0,0,0,0,0,0,0,0,0,0,1,0,0,1,0,1,0,0,0,0,0,0,1,0,0,0,0,0
car_fc8548d9_jpg.rf.b2a0f945f037b6fcdbbbf321d8d8c43e.jpg,0,0,0,0,0,0,0,0,0,0,0,0,1,0,0,1,1,1,0,0,0,0,0,0,0,0,0,0,0,0
car_109fbce1_jpg.rf.af8c3c0dbcc09951604aaa31252d68ba.jpg,0,0,0,0,0,0,0,0,0,0,0,0,0,0,0,1,0,1,0,0,0,0,0,0,0,0,1,0,1,0
car_26778327_jpg.rf.d8a677f8d25e58a76adc1f1ad9fdd789.jpg,0,0,0,0,0,0,0,0,0,0,0,0,1,0,0,1,0,1,0,0,0,0,0,0,0,1,0,0,0,0
car_29284998_jpg.rf.55e2ac84a4026ac8b750f6ef334c9086.jpg,0,0,0,0,0,0,0,0,0,0,0,0,0,0,0,1,0,1,0,0,0,0,0,0,0,1,0,0,1,0
car_72139e36_jpg.rf.85e9e4d93385d61cfeb35f7b283429d5.jpg,0,0,0,0,0,0,0,0,0,0,0,0,0,0,0,1,0,1,0,0,0,0,0,0,1,0,0,0,1,0
car_921afab3_jpg.rf.5fa8d3e5dcdc9c44ef73ec0ecb4b88d6.jpg,0,0,1,0,0,0,0,0,0,0,0,0,1,0,0,1,0,1,0,0,0,0,0,0,0,0,0,0,0,0
car_9c0f8f9f_jpg.rf.b1ff8edbe37a3c4e8bed39558c639bc1.jpg,0,0,0,0,0,0,0,0,0,0,0,1,0,0,0,1,0,1,0,0,0,0,0,0,0,0,0,0,1,0
car_2835fad5_jpg.rf.ef57172d7b9ab3fe6209e7d6cbe769b2.jpg,0,0,0,0,0,0,0,0,0,0,1,0,1,0,0,1,0,1,0,0,0,0,0,0,0,0,0,0,0,0
car_364227eb_jpg.rf.99aa3f9556b603925d1b99be32636a21.jpg,0,0,0,0,0,0,0,0,0,0,0,0,0,0,0,1,0,1,0,0,1,0,0,0,1,0,0,0,0,0
car_353e5704_jpg.rf.a6c46a1c0bd0f9d55784c029d34d8b6c.jpg,0,0,0,0,0,0,0,0,0,0,0,0,0,0,0,1,0,1,0,0,1,0,0,0,0,1,0,0,0,0
car_26492075_jpg.rf.1b67d6da4e8f619dadad971d353c1ece.jpg,0,0,0,0,0,0,0,0,0,0,0,0,0,0,0,1,0,1,0,0,0,0,0,0,0,0,1,0,1,0
car_3878986f_jpg.rf.fce3da36a4a3d4e56536717d1cd2b582.jpg,0,0,0,0,0,0,0,0,0,0,0,0,1,0,0,1,1,1,0,0,0,0,0,0,0,0,0,0,0,0
car_fc4a5ba4_jpg.rf.e67df4c93219910ba6a14144c226e82e.jpg,0,0,0,0,0,0,0,0,0,0,0,0,1,0,0,1,0,1,0,0,0,0,0,0,1,0,0,0,0,0
car_796c6fd5_jpg.rf.9d64409f2476a16fae90c89787bbb514.jpg,0,1,0,0,0,0,0,0,0,0,0,0,1,0,0,1,0,0,0,0,0,0,1,0,0,0,0,0,0,0
car_2b692003_jpg.rf.a60e6e3a8a2688e03214f82839140701.jpg,0,0,0,0,0,0,0,0,0,0,1,0,1,0,0,1,0,1,0,0,0,0,0,0,0,0,0,0,0,0
car_943bd500_jpg.rf.252d50710411a163b8e59aca47d4bf91.jpg,0,0,0,0,0,0,0,0,0,0,0,0,0,0,0,1,0,1,0,0,0,0,0,0,0,0,1,0,1,0
car_94b2928d_jpg.rf.585dc47f66746fcc0806b3e581e2cccc.jpg,0,0,0,0,0,0,0,0,0,0,0,0,1,0,0,1,1,0,0,0,0,0,1,0,0,0,0,0,0,0
car_36cb64e2_jpg.rf.62c245a3d1249bd3ff163f2633285735.jpg,0,0,0,1,0,0,0,0,0,0,0,0,1,0,0,1,0,1,0,0,0,0,0,0,0,0,0,0,0,0
car_88d7d1e9_jpg.rf.a2f823bcb359f46263bea054ad3d5497.jpg,0,0,0,0,0,0,0,0,0,0,0,0,0,0,0,1,0,1,0,0,1,1,0,0,0,0,0,0,0,0
car_fab594f2_jpg.rf.4a15f90c11b6cd61af7726fba48312d7.jpg,0,0,0,0,0,0,0,0,0,0,0,0,0,0,0,1,0,1,0,0,0,0,0,0,0,0,1,0,1,0
car_26a425cb_jpg.rf.acd552acc620fd140da2c9bb958190a8.jpg,0,0,0,0,0,0,0,0,0,0,0,0,0,0,0,1,0,1,0,0,1,0,0,0,1,0,0,0,0,0
car_9e1c45a1_jpg.rf.8dd8b8f7cfab2d2ea3cf705fab8b751d.jpg,0,0,0,0,0,0,0,0,0,0,0,0,0,0,0,1,0,1,0,0,0,0,0,0,1,0,0,0,1,0
car_da997070_jpg.rf.65f3c39158c8d50b1605b28c585387a2.jpg,0,0,0,0,0,0,0,0,0,0,0,0,1,0,0,1,1,1,0,0,0,0,0,0,0,0,0,0,0,0
car_73cc7f19_jpg.rf.b4f0b08587b6e0a2b290192e9ac699b9.jpg,0,0,0,0,0,0,0,0,0,0,0,0,1,0,0,1,0,1,0,0,0,0,0,0,0,0,1,0,0,0
car_fe586daf_jpg.rf.54516d57c0b8cd93d6f2f32853fc872f.jpg,0,0,0,0,0,0,0,0,0,0,1,0,0,0,0,1,0,1,0,0,1,0,0,0,0,0,0,0,0,0
car_2e7b68c0_jpg.rf.9905fe9b68d069ab15f5b0ea96ba3495.jpg,0,0,0,0,0,0,0,0,0,0,0,0,1,0,0,1,0,1,0,0,0,0,0,0,0,1,0,0,0,0
car_7c735aba_jpg.rf.ceb0a86884bbf840376c55e2ab53349d.jpg,0,0,0,0,0,0,0,0,0,0,0,0,0,0,0,1,0,1,0,0,1,0,0,0,0,0,1,0,0,0
car_774edd79_jpg.rf.76f4aa29600b050838de8324bb1af16d.jpg,0,0,0,0,0,0,0,0,0,0,0,0,0,0,0,1,0,1,0,0,0,0,0,0,1,0,0,0,1,0
car_2e392da4_jpg.rf.976093f0db22956e5bd9e0e9d23afe0d.jpg,0,0,0,0,0,0,0,0,0,0,0,1,1,0,0,1,0,1,0,0,0,0,0,0,0,0,0,0,0,0
car_72085a3e_jpg.rf.24e2a5855e36bc3d02991350842dbab7.jpg,0,0,0,0,0,0,0,0,0,0,0,0,1,0,0,1,0,1,0,0,0,1,0,0,0,0,0,0,0,0
car_891f4539_jpg.rf.85b59ba6ca94ab52224348e6a091afc2.jpg,0,0,0,0,0,0,0,0,0,0,0,0,1,0,0,1,1,1,0,0,0,0,0,0,0,0,0,0,0,0
car_9c78002e_jpg.rf.e929a7954e8b02356e478b31eab77b95.jpg,0,0,0,0,0,0,0,0,0,0,0,0,0,0,0,1,0,1,0,0,1,0,0,0,0,0,1,0,0,0
truck_1033994c_jpg.rf.09ede1abdbda0cc5676a7f12492bf317.jpg,0,0,0,0,0,0,0,0,0,1,0,0,0,0,0,1,0,1,0,1,0,0,0,0,0,0,0,0,0,0
car_2d9559d2_jpg.rf.b2f3291c051a1dd2f119afb756657af0.jpg,0,0,0,0,0,0,0,0,0,0,0,0,1,0,0,1,0,1,0,0,0,0,0,0,1,0,0,0,0,0
car_05860335_jpg.rf.0eeacb284e7be852ae34206be376b3d4.jpg,0,0,0,0,0,0,0,0,0,0,0,0,1,0,0,1,0,1,0,0,0,0,0,0,0,0,1,0,0,0
car_7b83e944_jpg.rf.2d6b751bebf9bae349fd212024a71b7c.jpg,0,0,0,1,0,0,0,0,0,0,0,0,0,0,0,1,0,1,0,0,1,0,0,0,0,0,0,0,0,0
car_8b70c712_jpg.rf.9501060954a008df2e53f00b53c3bdcf.jpg,0,0,0,0,0,0,0,0,0,0,0,0,0,0,0,1,0,1,0,0,0,0,0,1,0,0,1,0,0,0
car_3b6fd9c8_jpg.rf.dda5032f9bf256b97091f6612a967914.jpg,0,0,0,0,0,0,0,0,0,0,0,0,0,0,0,1,0,1,0,0,0,0,0,0,0,0,1,0,1,0
car_7abc3823_jpg.rf.77c324e50c1a45307bc71c010f6aedc1.jpg,0,0,0,0,0,0,0,0,0,0,0,0,0,0,0,1,0,1,0,0,0,0,0,0,1,0,0,0,1,0
car_2bb9b947_jpg.rf.66d042fef027f6deb9112d966b1ff50b.jpg,0,0,0,0,0,0,0,0,0,0,0,0,0,0,0,1,0,1,0,0,1,1,0,0,0,0,0,0,0,0
car_940ace19_jpg.rf.6b9961c965f3b360bf6d73d4cc108268.jpg,0,0,0,0,0,0,0,0,0,0,0,0,1,0,0,1,0,1,0,0,0,0,0,0,0,0,1,0,0,0
car_7d2b67cc_jpg.rf.ba69de228a8e7ceca3106be3aec5b113.jpg,0,0,0,0,0,0,0,0,0,0,0,0,0,0,0,1,0,1,0,0,1,0,0,0,0,0,1,0,0,0
car_833bcfc0_jpg.rf.6930b64c46d310b217d8c08630a361d7.jpg,0,0,0,0,0,0,0,0,0,0,0,0,1,0,0,1,0,1,0,0,0,0,0,0,1,0,0,0,0,0
car_94288024_jpg.rf.f57594862c3ed521625e4725edbea0a6.jpg,0,0,0,0,0,0,0,0,0,0,0,0,0,1,0,1,0,1,0,0,0,0,0,0,0,0,1,0,0,0
car_79db7cdc_jpg.rf.a93c7132fb2ba310509c3ac3665d4e20.jpg,0,0,0,0,0,0,0,0,0,0,0,0,1,0,0,1,0,1,0,0,0,0,0,0,1,0,0,0,0,0
car_8e125589_jpg.rf.373e45e7c746d58899072b76f6f5daa6.jpg,0,0,0,0,0,0,0,0,0,0,0,0,0,0,0,1,0,1,0,0,0,0,0,0,0,0,1,0,1,0
car_71aa8436_jpg.rf.673c84e166817fb80dc0ac44968516f1.jpg,0,0,0,0,0,0,0,0,0,0,0,0,0,0,0,1,0,1,0,0,1,0,0,0,0,0,1,0,0,0
car_8ddf516f_jpg.rf.d75a92ba8e568d286181f8ff73b50e23.jpg,0,0,0,0,0,0,0,0,0,0,0,0,1,0,0,1,0,1,0,0,0,0,0,0,0,1,0,0,0,0
car_89ed77cc_jpg.rf.1794de8da3dbc5126e606433bb71fa00.jpg,0,0,0,0,0,0,0,0,0,0,0,0,1,0,0,1,0,1,0,0,0,0,0,0,1,0,0,0,0,0
car_752a3da2_jpg.rf.5e2c904f56e0b6502873618dcd0fd653.jpg,0,0,0,0,0,0,0,0,0,0,0,0,0,0,0,1,0,1,0,0,0,0,0,0,0,0,1,0,1,0
car_73befcf3_jpg.rf.af61226ef0cdc3543d37a89c4ddb9b3a.jpg,0,0,0,0,0,0,0,0,0,0,0,0,0,0,0,1,0,1,0,0,1,0,0,0,1,0,0,0,0,0
car_2c54ca0c_jpg.rf.870732033fd914eef154bc73adcadd88.jpg,0,0,0,1,0,0,0,0,0,0,0,0,1,0,0,1,0,1,0,0,0,0,0,0,0,0,0,0,0,0
car_9411fc38_jpg.rf.4f7ffd715e326f70dcb3448d6ac4bbc6.jpg,0,0,0,0,0,0,0,1,0,0,0,0,1,0,0,1,0,1,0,0,0,0,0,0,0,0,0,0,0,0
car_7c735aba_jpg.rf.beca7af69977e0cd2432eab49e66b71e.jpg,0,0,0,0,0,0,0,0,0,0,0,0,0,0,0,1,0,1,0,0,1,0,0,0,0,0,1,0,0,0
car_3121ed03_jpg.rf.872b0fcbce27896d5274d618b2e4cd70.jpg,0,0,0,0,0,0,0,0,0,0,0,0,0,1,0,1,0,0,0,0,0,0,1,0,1,0,0,0,0,0
car_8fb33089_jpg.rf.38cd19aceea07aa1e689dc68ce002ef5.jpg,0,0,0,0,0,0,0,0,0,0,0,0,0,0,0,1,0,1,0,0,0,0,0,0,0,0,1,0,1,0
car_9bed77d6_jpg.rf.cc835f9c4e4f2dfb9a1cca6a0ade4591.jpg,0,0,0,0,0,0,0,0,0,0,0,0,0,0,0,1,0,1,0,0,1,0,0,0,0,0,1,0,0,0
car_9bce7484_jpg.rf.76699505fda8d88114c45413ab88fd93.jpg,0,0,0,0,0,0,0,0,0,0,0,0,0,0,0,1,0,1,0,0,1,1,0,0,0,0,0,0,0,0
car_833bcfc0_jpg.rf.ece24877da07d4f3e954996b58c34934.jpg,0,0,0,0,0,0,0,0,0,0,0,0,1,0,0,1,0,1,0,0,0,0,0,0,1,0,0,0,0,0
car_3a7702c2_jpg.rf.8605cdbc40a7a8f23e06bc99967d1b59.jpg,0,0,0,0,0,0,0,0,0,0,1,0,1,0,0,1,0,1,0,0,0,0,0,0,0,0,0,0,0,0
car_7e886e7b_jpg.rf.55f0d51602942a32193ae3b8a50a6267.jpg,0,0,0,0,0,0,0,0,0,0,0,0,1,0,0,1,0,0,0,0,0,0,1,0,1,0,0,0,0,0
car_7e473fde_jpg.rf.8b59b172d5873f03aec637b6795ddc3f.jpg,0,0,0,0,0,0,0,0,0,0,1,0,1,0,0,1,0,1,0,0,0,0,0,0,0,0,0,0,0,0
car_90b24584_jpg.rf.44c840459a4e36ddc8a5f9f66d7abb9a.jpg,0,0,0,0,0,0,0,0,0,0,0,0,0,0,0,1,0,1,0,0,0,0,0,0,0,0,1,0,1,0
car_3c046044_jpg.rf.31bef8128b50e661bd791b665ba27c4c.jpg,0,0,0,0,0,0,0,0,0,0,0,0,0,0,0,1,0,1,0,0,1,0,0,0,1,0,0,0,0,0
car_84d19b50_jpg.rf.645d1d924ed8969ea1d76d5d4d6829fe.jpg,0,0,0,0,0,0,0,0,0,0,0,0,1,0,0,1,1,1,0,0,0,0,0,0,0,0,0,0,0,0
car_fa393743_jpg.rf.dfbbe8c4d600e3c2b8233467747c4762.jpg,0,0,0,0,0,0,0,0,0,0,0,0,1,0,0,1,0,1,0,0,0,1,0,0,0,0,0,0,0,0
car_8f4cbe0f_jpg.rf.0db2e6ae163355b0aa4e0f5e784701ae.jpg,0,0,0,0,0,0,0,1,0,0,0,0,0,0,0,1,0,1,0,0,0,0,0,0,0,0,0,0,1,0
car_8ea1dfe6_jpg.rf.2141be7144a2442d7800bb8a18bb4a17.jpg,0,0,0,0,0,0,0,0,0,0,0,0,0,0,0,1,0,1,0,0,1,1,0,0,0,0,0,0,0,0
car_719eeef8_jpg.rf.832b01df053f58aa7384020aa8e34afa.jpg,0,0,0,0,0,0,0,0,0,0,0,0,1,0,0,1,0,1,0,0,0,1,0,0,0,0,0,0,0,0
car_850a6e8e_jpg.rf.5e6d7df09d6f6eb6edf4a98cdd361354.jpg,0,0,0,0,0,0,0,0,0,0,0,0,1,0,0,1,0,1,0,0,0,0,0,0,1,0,0,0,0,0
car_7ef8d848_jpg.rf.dcb559d7c0163d9d713b4805c331c158.jpg,0,0,0,0,0,0,0,0,0,0,0,1,1,0,0,1,0,1,0,0,0,0,0,0,0,0,0,0,0,0
car_84d19b50_jpg.rf.16f10532f447c02ddd3df41acf5d8df5.jpg,0,0,0,0,0,0,0,0,0,0,0,0,1,0,0,1,1,1,0,0,0,0,0,0,0,0,0,0,0,0
car_8a796c9a_jpg.rf.6a4bedf314f0e789eed48cf12cf68311.jpg,0,0,0,0,0,0,0,0,0,0,0,0,0,0,0,1,0,1,0,0,1,0,0,0,0,0,1,0,0,0
car_3d21fa2d_jpg.rf.7d74a0916811ecae1f747ba735d1fd2e.jpg,0,0,0,0,0,0,0,0,0,0,0,0,1,0,0,1,0,1,0,0,0,0,0,0,1,0,0,0,0,0
car_3c2cc767_jpg.rf.95237699ab5b9785b2e85ac1bf8e3c47.jpg,0,0,0,0,0,0,0,0,0,0,0,0,0,0,0,1,0,1,0,0,0,0,0,0,0,0,1,0,1,0
car_1c599c26_jpg.rf.ab8ef7231697bef8970a70cb514aa11b.jpg,0,0,0,0,0,0,0,0,0,0,0,0,0,0,0,1,0,1,0,0,1,0,0,0,1,0,0,0,0,0
car_6f1eed13_jpg.rf.159d3834729514e79ce3feb04de6c804.jpg,0,1,0,0,0,0,0,0,0,0,0,0,1,0,0,1,0,1,0,0,0,0,0,0,0,0,0,0,0,0
car_3064332f_jpg.rf.cf84c28120bc7e3d1a2f4765dbccf8fb.jpg,0,0,0,0,0,0,0,0,0,0,0,0,0,0,0,1,0,1,0,0,1,0,0,0,1,0,0,0,0,0
car_7e886e7b_jpg.rf.d0b9ae4f28ef7c86e7004c71cb9c97b8.jpg,0,0,0,0,0,0,0,0,0,0,0,0,1,0,0,1,0,0,0,0,0,0,1,0,1,0,0,0,0,0
car_6fec203d_jpg.rf.7d1f42c88cd128e048b59829615fca3c.jpg,0,0,0,0,0,0,0,1,0,0,0,0,0,0,0,1,0,1,0,0,1,0,0,0,0,0,0,0,0,0
car_5b0765bf_jpg.rf.62f57fc339b483056dd1fe010436d3b4.jpg,0,0,0,0,0,0,0,0,0,0,0,0,0,0,0,1,0,1,0,0,0,0,0,0,0,0,1,0,1,0
car_7d2b67cc_jpg.rf.37f243083a6da758d0fbd3cb3c402473.jpg,0,0,0,0,0,0,0,0,0,0,0,0,0,0,0,1,0,1,0,0,1,0,0,0,0,0,1,0,0,0
car_6fb6cde8_jpg.rf.55f50f1f1a318035541bb94afa206ae3.jpg,0,0,0,0,0,0,0,0,0,0,1,0,0,0,0,1,0,1,0,0,0,0,0,0,0,0,0,0,1,0
car_86ce66fc_jpg.rf.5831f1a7bda813a7102b7bd6145dd62d.jpg,0,0,0,0,0,0,0,0,0,0,0,0,0,0,0,1,0,1,0,0,1,0,0,0,0,0,1,0,0,0
car_1d4ea261_jpg.rf.5a3f7d50340de6dff5f3185389a3f8ea.jpg,0,0,0,0,0,0,0,0,0,0,0,0,0,0,0,1,0,1,0,0,0,0,0,0,0,0,1,0,1,0
car_8515880d_jpg.rf.5cb3a23b8f3a6c2ca0f6adcaa0c7b211.jpg,0,0,0,0,0,0,0,0,0,0,0,0,0,0,0,1,0,1,0,0,0,0,0,0,1,0,0,0,1,0
car_1263c5d1_jpg.rf.23648eaf08b22a4d9085ee4101e72b02.jpg,0,0,0,0,0,0,0,0,0,0,0,0,0,0,0,1,0,1,0,0,0,0,0,1,0,0,1,0,0,0
car_3de34241_jpg.rf.624780f36dcf6834ddbf0a8a27a2a8d2.jpg,0,0,1,0,0,0,0,0,0,0,0,0,1,0,0,1,0,1,0,0,0,0,0,0,0,0,0,0,0,0
car_3204b907_jpg.rf.34d97ca267f727815af02a9cb6895e9d.jpg,0,0,0,0,0,0,0,0,0,0,1,0,1,0,0,1,0,1,0,0,0,0,0,0,0,0,0,0,0,0
car_1c4abfd4_jpg.rf.fe4b98010ed5a21c8549de2e64f4f0f5.jpg,0,0,0,0,0,0,0,0,0,0,0,0,0,0,0,1,0,1,0,0,1,0,0,0,1,0,0,0,0,0
car_7056b53c_jpg.rf.7d8e56011382948541d4b0824dd3ea05.jpg,0,0,0,0,0,0,0,0,0,0,0,0,0,0,0,1,0,1,0,0,1,0,0,0,0,0,1,0,0,0
car_88745d07_jpg.rf.cb004a46cd4ec2616291bee248ea914e.jpg,0,0,0,0,0,0,0,0,0,0,0,0,1,0,0,1,0,1,0,0,0,0,0,0,1,0,0,0,0,0
car_71561f41_jpg.rf.3c121bc97556952da85131f32c64a196.jpg,0,0,0,0,0,0,0,0,0,0,0,1,0,0,0,1,0,1,0,0,0,0,0,0,0,0,0,0,1,0
car_5aef5cd1_jpg.rf.fe4bdb45376ed43eeae5dde8a796bb75.jpg,0,0,0,0,0,0,0,0,0,0,0,0,1,0,0,1,0,1,0,0,0,1,0,0,0,0,0,0,0,0
car_888bdf32_jpg.rf.9eb9f0c1329f5bd48c32294569870519.jpg,0,0,0,0,0,0,0,0,0,0,0,0,0,0,0,1,0,1,0,0,0,0,0,0,0,0,1,0,1,0
car_0f70c0e1_jpg.rf.91ff6142c2e37ac7e30d3bb5fb7e07f4.jpg,0,0,0,0,0,0,0,0,0,0,0,0,0,0,0,1,0,1,0,0,1,0,0,0,0,0,1,0,0,0
car_122b66da_jpg.rf.44b672d5c4e0b6184fb4c3679dc2e2cc.jpg,0,0,0,0,0,0,0,0,0,0,0,0,0,0,0,1,0,1,0,0,1,0,0,0,0,0,1,0,0,0
car_20011094_jpg.rf.3841e6cb2f9e8e56a1199ed16466ab95.jpg,0,0,0,0,0,0,0,0,0,0,0,0,1,0,0,1,1,1,0,0,0,0,0,0,0,0,0,0,0,0
car_7e473fde_jpg.rf.a04470f17ce9df32358aff1f392945a7.jpg,0,0,0,0,0,0,0,0,0,0,1,0,1,0,0,1,0,1,0,0,0,0,0,0,0,0,0,0,0,0
car_24ecc633_jpg.rf.74321ac3719e7bc1502a9b2daca712e5.jpg,0,0,0,0,0,0,0,0,0,0,0,0,0,0,0,1,0,1,0,0,1,0,0,0,0,0,1,0,0,0
car_3f01b0dc_jpg.rf.ece10bfd732235100f35b2fd67c5e334.jpg,0,0,0,0,0,0,0,0,0,0,1,0,0,0,0,1,0,1,0,0,0,0,0,0,0,0,0,0,1,0
car_0eac5278_jpg.rf.023438518c02f6289adc28209b07efbd.jpg,0,0,0,0,0,0,0,0,0,0,0,0,0,0,0,1,0,1,0,0,1,1,0,0,0,0,0,0,0,0
car_5b96e73d_jpg.rf.926489f608800a18ed7046b2ab040993.jpg,0,0,0,0,0,0,0,0,0,0,0,0,1,0,0,1,0,1,0,0,0,1,0,0,0,0,0,0,0,0
car_7ef8d848_jpg.rf.ab19488d3eea33f4a670611d56a7fe8c.jpg,0,0,0,0,0,0,0,0,0,0,0,1,1,0,0,1,0,1,0,0,0,0,0,0,0,0,0,0,0,0
car_94d5f09a_jpg.rf.0185bb0e86178ec4b8c24692ae15d714.jpg,0,0,0,0,0,1,0,0,0,0,0,0,0,0,0,1,0,1,0,0,1,0,0,0,0,0,0,0,0,0
car_965cc7d6_jpg.rf.12851471c6393084242f11084f0caafe.jpg,0,0,0,0,0,0,0,0,0,0,0,0,0,0,0,1,0,1,0,0,1,0,0,0,0,0,1,0,0,0
car_7154e817_jpg.rf.7ce23ad4dea06dc3910126c243eb9523.jpg,0,0,0,0,0,0,0,0,0,0,0,0,0,0,0,1,0,1,0,0,1,0,0,0,0,0,1,0,0,0
car_33f931bf_jpg.rf.e12684eb8b462441fa0d6780ba764879.jpg,0,0,0,0,0,0,0,0,0,0,0,0,0,0,0,1,0,1,0,0,0,0,0,0,0,0,1,0,1,0
car_9c78002e_jpg.rf.b24a3b3e8b469db8a3d401de07927256.jpg,0,0,0,0,0,0,0,0,0,0,0,0,0,0,0,1,0,1,0,0,1,0,0,0,0,0,1,0,0,0
car_953912b3_jpg.rf.5a5bec733f72e611de0036606cf7b81f.jpg,0,0,0,0,0,0,0,0,0,0,0,0,0,0,0,1,0,1,0,0,0,0,0,0,0,0,1,0,1,0
car_9641b4f1_jpg.rf.54ff0e488f95021928260049e239edf8.jpg,0,0,0,0,0,0,0,0,0,0,0,0,1,0,0,1,0,1,0,0,0,0,0,0,1,0,0,0,0,0
car_208373b3_jpg.rf.c66e12962fcd5fa0df3b3e55816cb84b.jpg,0,0,0,0,0,0,0,0,0,0,0,0,0,1,0,1,0,1,0,0,0,0,0,0,0,0,1,0,0,0
car_fc7cb0cf_jpg.rf.f0ecae442e4c36f3d08e741bde393308.jpg,0,0,0,0,0,0,0,0,0,0,0,0,0,0,0,1,0,1,0,0,0,0,0,0,0,0,1,0,1,0
car_336b9d4e_jpg.rf.98443156f3b76261c1a30b6ea2f74e2c.jpg,0,0,0,0,0,0,0,0,0,0,0,0,0,0,0,1,0,1,0,0,1,0,0,0,0,0,1,0,0,0
car_5d200a9f_jpg.rf.8b2a2763d8a65151ab6c904e8ed11f9b.jpg,0,0,0,0,0,0,0,0,0,0,0,0,0,0,0,1,0,1,0,0,0,0,0,0,0,0,1,0,1,0
car_98bfb24a_jpg.rf.e8063b57123e6ba2f79404b878bac6a7.jpg,0,0,0,0,0,0,0,0,0,0,0,0,0,0,0,1,0,1,0,0,1,0,0,0,0,0,1,0,0,0
car_96de639b_jpg.rf.ad568fa9aba7f3f337ef770a76021f48.jpg,0,0,0,0,0,0,0,0,0,0,0,0,0,0,0,1,0,1,0,0,1,0,0,0,1,0,0,0,0,0
car_997cfe62_jpg.rf.edc3931149f2a16a93bdc56c2448363a.jpg,0,0,0,0,0,0,0,0,0,0,0,0,0,0,0,1,0,1,0,0,1,1,0,0,0,0,0,0,0,0
car_25a123d5_jpg.rf.17d43a3b1fe0c7e77a210c51071aad79.jpg,0,0,1,0,0,0,0,0,0,0,0,0,1,0,0,1,0,1,0,0,0,0,0,0,0,0,0,0,0,0
car_20302a2e_jpg.rf.e0dd28316e34ef3d91217ce73087c654.jpg,0,0,0,0,0,0,0,0,0,0,0,0,1,0,0,1,0,1,0,0,0,0,0,0,0,1,0,0,0,0
car_85200c4c_jpg.rf.7f3f577b6509b67155e1705d42e1c5a9.jpg,0,0,0,0,0,0,0,0,0,0,1,0,1,0,0,1,0,1,0,0,0,0,0,0,0,0,0,0,0,0
car_3fc570e1_jpg.rf.443cbc223e8afc3db0607ca420c6a75b.jpg,0,0,0,0,0,0,0,0,0,0,0,0,1,0,0,1,0,1,0,0,0,0,0,0,0,1,0,0,0,0
car_5d46b35f_jpg.rf.be5deed88556bb615a1aef4f3c937ac6.jpg,0,0,0,0,0,0,0,0,0,0,0,0,1,0,0,1,0,1,0,0,0,0,0,0,0,1,0,0,0,0
car_96bf76ca_jpg.rf.fa029f415e86da5f7df08628f75ec185.jpg,0,0,0,1,0,0,0,0,0,0,0,0,0,0,0,1,0,1,0,0,1,0,0,0,0,0,0,0,0,0
car_973a8fd8_jpg.rf.856659e83489376754552d8ae39e5814.jpg,0,0,0,0,0,0,0,0,0,0,1,0,1,0,0,1,0,1,0,0,0,0,0,0,0,0,0,0,0,0
car_4c278005_jpg.rf.8628cf633eeb207cfd7925f686d63ff9.jpg,0,0,0,0,0,0,0,0,0,0,0,0,0,0,0,1,0,1,0,0,1,0,0,0,1,0,0,0,0,0
car_4aec040f_jpg.rf.f69ea7cebcfa375870bce406d51cc158.jpg,0,0,0,1,0,0,0,0,0,0,0,0,1,0,0,1,0,1,0,0,0,0,0,0,0,0,0,0,0,0
car_977b72f6_jpg.rf.214584ed9ea3d9e6acda4586a4875b46.jpg,0,0,0,0,0,0,0,0,0,0,0,0,1,0,0,1,0,1,0,0,0,0,0,0,1,0,0,0,0,0
car_4bab96ba_jpg.rf.295edadf6e2add662fb72ff7ee69dd94.jpg,0,0,0,0,0,0,0,0,0,0,0,0,0,0,0,1,0,1,0,0,1,0,0,0,0,0,1,0,0,0
car_231cf5ee_jpg.rf.e3f6b2081f4edf5b0c472f7c05026274.jpg,0,0,0,0,0,0,0,0,0,0,0,0,1,0,0,1,0,1,0,0,0,0,0,0,0,0,1,0,0,0
car_99ea5e60_jpg.rf.a078dfdfaa9411b49ac733e75ad85cb0.jpg,0,0,0,0,0,0,0,0,0,0,0,1,0,0,0,1,0,1,0,0,0,0,0,0,0,0,0,0,1,0
car_035a274a_jpg.rf.0c7d0a6c656fe6216a4f700451cb6a6d.jpg,0,0,0,0,0,0,0,0,0,0,0,0,1,0,0,1,0,1,0,0,0,0,0,0,0,0,1,0,0,0
car_5b93cf37_jpg.rf.b32b88d461e5a6ff155dad10cf8ff898.jpg,0,0,0,0,0,0,0,0,0,0,0,0,0,0,0,1,0,1,0,0,1,0,0,0,0,0,1,0,0,0
car_01933681_jpg.rf.6cd6f6a7bc4cc99e5ddbf276ff683ba7.jpg,0,0,0,0,0,0,0,0,0,0,0,0,1,0,0,1,0,1,0,0,0,0,0,0,0,1,0,0,0,0
car_1c8b83b0_jpg.rf.3ab64e49c0d58fe26fa8291242e85655.jpg,0,0,0,0,0,0,0,0,0,0,0,0,1,0,0,1,0,1,0,0,0,1,0,0,0,0,0,0,0,0
car_9a07bfc4_jpg.rf.21d2399ebc4d09377039344a8c075552.jpg,0,0,0,0,0,0,0,0,0,0,0,0,0,0,0,1,0,0,0,0,0,0,1,0,0,1,0,0,1,0
car_010b903f_jpg.rf.e14291611aa68c245e56298f66ffaa7d.jpg,0,0,0,0,0,1,0,0,0,0,0,0,1,0,0,1,0,1,0,0,0,0,0,0,0,0,0,0,0,0
car_1d85aada_jpg.rf.35d7e9ede6edc14b3b6b406d6b7443a5.jpg,0,0,0,0,0,0,0,0,0,0,0,0,1,0,0,1,1,1,0,0,0,0,0,0,0,0,0,0,0,0
car_9859c826_jpg.rf.c15edfb71c0b28eef5b6469853286e85.jpg,0,0,0,0,0,0,0,0,0,0,0,0,0,0,0,1,0,1,0,0,0,0,0,0,0,0,1,0,1,0
car_0fa27b85_jpg.rf.8a0748255e85a96a79085949d12f0eeb.jpg,0,0,0,0,0,0,0,0,0,0,0,0,0,1,0,1,0,1,0,0,0,0,0,0,1,0,0,0,0,0
car_9af21070_jpg.rf.46b0aab95f97bcfd72676950fd89f002.jpg,0,0,0,0,0,0,0,0,0,0,0,0,1,0,0,1,0,1,0,0,0,1,0,0,0,0,0,0,0,0
car_4db58079_jpg.rf.bd5c3979ec6b7aeb875d98259461e345.jpg,0,0,0,0,0,0,0,0,0,0,0,0,1,0,0,1,1,1,0,0,0,0,0,0,0,0,0,0,0,0
car_9b85bf51_jpg.rf.340cc2b991e96feeb2cbff0bce75884b.jpg,0,0,0,0,0,0,0,0,0,0,0,0,1,0,0,1,0,1,0,0,0,1,0,0,0,0,0,0,0,0
car_0392c0f5_jpg.rf.030cb83b46035d681dd73c5258a4c5bc.jpg,0,0,0,0,0,0,0,0,0,0,0,0,0,0,0,1,0,1,0,0,1,0,0,0,0,0,1,0,0,0
car_9bed77d6_jpg.rf.3aa14cd1df2fd869c7fe065177f33b71.jpg,0,0,0,0,0,0,0,0,0,0,0,0,0,0,0,1,0,1,0,0,1,0,0,0,0,0,1,0,0,0
car_138f3cf7_jpg.rf.0eed5f56d3508036d01aff5bfa17991a.jpg,0,0,0,0,0,0,0,0,0,0,0,0,0,1,0,1,0,1,0,0,0,0,0,0,0,0,1,0,0,0
car_115373fc_jpg.rf.b8b42d38c9377554672fb41f560cabca.jpg,0,0,0,0,0,0,0,0,0,0,0,0,0,0,0,1,0,1,0,0,1,0,0,0,1,0,0,0,0,0
car_5f63c37a_jpg.rf.af6339946a95a9e72dbbfeff2837221b.jpg,0,0,0,1,0,0,0,0,0,0,0,0,1,0,0,1,0,1,0,0,0,0,0,0,0,0,0,0,0,0
car_100affc4_jpg.rf.99689be73ae7ccff602a16eaa92029fb.jpg,0,0,0,0,0,0,0,0,0,0,0,0,1,0,0,1,0,1,0,0,0,1,0,0,0,0,0,0,0,0
car_109fbce1_jpg.rf.722d45900ee5e74b043f65cb377fba15.jpg,0,0,0,0,0,0,0,0,0,0,0,0,0,0,0,1,0,1,0,0,0,0,0,0,0,0,1,0,1,0
car_11fba8b8_jpg.rf.f102560226aa453eb95fe74b4eb88d94.jpg,0,0,0,1,0,0,0,0,0,0,0,0,0,0,0,1,0,1,0,0,0,0,0,0,0,0,0,0,1,0
car_9bce7484_jpg.rf.7df1aac969996c46d539f7c657a3fbcc.jpg,0,0,0,0,0,0,0,0,0,0,0,0,0,0,0,1,0,1,0,0,1,1,0,0,0,0,0,0,0,0
car_03682986_jpg.rf.e8c42a4776f9c05429195a90919815fa.jpg,0,0,0,0,0,0,0,0,0,0,1,0,1,0,0,1,0,1,0,0,0,0,0,0,0,0,0,0,0,0
car_5d24ee5c_jpg.rf.d4025eb8bd131dcc07e47edb9a0639dc.jpg,0,0,0,0,0,0,0,0,0,0,0,0,0,0,0,1,0,0,0,0,1,0,1,0,0,0,1,0,0,0
car_4ca6ba88_jpg.rf.d053727228293f99d88c3d9ecc48b1eb.jpg,0,0,0,0,0,0,0,0,0,0,0,0,0,0,0,1,0,1,0,0,0,0,0,0,0,0,1,0,1,0
car_498ba975_jpg.rf.728ca80f9abe356b26bed62b583f26c6.jpg,0,0,0,0,0,0,0,0,0,0,0,0,1,0,0,1,0,0,0,0,0,1,1,0,0,0,0,0,0,0
car_036cc52a_jpg.rf.5a7b286fde500682016a5be8aaebc7df.jpg,0,0,0,0,0,0,0,0,0,0,0,0,1,0,0,1,0,1,0,0,0,0,0,0,1,0,0,0,0,0
car_3a73d7f7_jpg.rf.fc27be1c4349c4e4e673403f68a75321.jpg,0,0,0,0,0,0,0,0,0,0,0,0,1,0,0,1,1,1,0,0,0,0,0,0,0,0,0,0,0,0
car_0daa884f_jpg.rf.67e9d636a74d1409243492a62a9896ee.jpg,0,0,0,0,0,0,0,1,0,0,0,0,1,0,0,1,0,1,0,0,0,0,0,0,0,0,0,0,0,0
car_0d7d12bb_jpg.rf.b806224f8832947d667fabee5e7c6214.jpg,0,0,0,0,0,0,0,0,0,0,0,0,1,0,0,1,0,1,0,0,0,0,0,0,1,0,0,0,0,0
car_0d5824d2_jpg.rf.6a8f13dd1a2f4cda2294b3e788e7bf7e.jpg,0,0,0,0,0,0,0,0,0,0,0,0,1,0,0,1,0,1,0,0,0,0,0,0,0,1,0,0,0,0
car_05d7abfc_jpg.rf.3be448cef81aaf7324b178c76d9ad88d.jpg,0,0,0,0,0,0,0,0,0,0,0,0,1,0,0,1,0,1,0,0,0,0,0,0,0,1,0,0,0,0
car_62bca7bc_jpg.rf.2ca1dac6c1cdd62d9b86968681e806a7.jpg,0,0,0,0,0,0,0,0,0,0,1,0,1,0,0,1,0,1,0,0,0,0,0,0,0,0,0,0,0,0
car_95691dfa_jpg.rf.35b90953c8c556b401ea5653cb85563f.jpg,0,0,0,0,0,0,0,0,0,0,0,0,0,0,0,1,0,1,0,0,1,0,0,0,1,0,0,0,0,0
car_021c2b57_jpg.rf.e93da45f9574153a567c38968c38b423.jpg,0,0,0,1,0,0,0,0,0,0,0,0,1,0,0,1,0,1,0,0,0,0,0,0,0,0,0,0,0,0
car_06b26754_jpg.rf.197d25f11ad7cb3be21992996981700c.jpg,0,0,0,0,0,0,0,0,0,0,1,0,1,0,0,1,0,1,0,0,0,0,0,0,0,0,0,0,0,0
car_05860335_jpg.rf.61b2420e4deddb9474565e4db13c89c4.jpg,0,0,0,0,0,0,0,0,0,0,0,0,1,0,0,1,0,1,0,0,0,0,0,0,0,0,1,0,0,0
car_05318562_jpg.rf.5eb142aef3864e5b6869ca9abf6b39c3.jpg,0,0,0,0,0,0,0,0,0,0,0,0,0,0,0,1,0,1,0,0,1,0,0,0,0,0,1,0,0,0
car_9c183a03_jpg.rf.d455fc332f360bb92620caf99b7337db.jpg,0,0,0,0,0,0,0,0,0,0,0,0,0,0,0,1,0,1,0,0,0,0,0,0,1,0,0,0,1,0
car_014d3a50_jpg.rf.9b014dda8557b0344002d225fe71a3f2.jpg,0,0,0,0,0,0,0,0,0,0,0,0,0,1,0,1,0,1,0,0,0,0,0,0,0,0,1,0,0,0
car_12214502_jpg.rf.be1ee15018586ee5d5cc967781f2bcbf.jpg,0,0,0,0,0,0,0,0,0,0,0,0,0,0,0,1,0,1,0,0,1,1,0,0,0,0,0,0,0,0
car_084909e8_jpg.rf.fb2b0ff21abe92c7a695ccb64d46d771.jpg,0,0,0,1,0,0,0,0,0,0,0,0,0,0,0,1,0,1,0,0,1,0,0,0,0,0,0,0,0,0
car_4622b8ac_jpg.rf.e3bf2388f9dbb19aac40d84425362790.jpg,1,0,0,0,0,0,0,0,0,0,0,0,1,0,0,1,0,1,0,0,0,0,0,0,0,0,0,0,0,0
car_9c0f8f9f_jpg.rf.894abab32990d683e6a975526f626ed8.jpg,0,0,0,0,0,0,0,0,0,0,0,1,0,0,0,1,0,1,0,0,0,0,0,0,0,0,0,0,1,0
car_5c5d7dbd_jpg.rf.e6b194614e885482f79f406930dc8d61.jpg,0,0,0,0,0,0,0,0,0,0,0,0,1,0,0,1,0,1,0,0,0,1,0,0,0,0,0,0,0,0
car_46932e50_jpg.rf.e4fe10ad09e798d461ef78f80c97a879.jpg,0,0,0,0,0,0,0,0,0,0,0,0,0,0,0,1,0,1,0,0,0,0,0,0,0,0,1,0,1,0
car_4aa294cf_jpg.rf.4bbe5eafc18c6391f4d66ea4ce93c389.jpg,0,0,0,1,0,0,0,0,0,0,0,0,0,0,0,1,0,1,0,0,1,0,0,0,0,0,0,0,0,0
car_5a3bf86f_jpg.rf.d116898622d42f4ac6e625e811aa04c9.jpg,0,0,0,0,0,0,0,0,0,0,0,0,0,0,0,1,0,1,0,0,1,0,0,0,0,0,1,0,0,0
car_52295285_jpg.rf.79f584a7799f0bd57d0bdea920419618.jpg,0,0,1,0,0,0,0,0,0,0,0,0,1,0,0,1,0,0,0,0,0,0,1,0,0,0,0,0,0,0
car_29284998_jpg.rf.a287c3be486f05eab18f54d475cdfebf.jpg,0,0,0,0,0,0,0,0,0,0,0,0,0,0,0,1,0,1,0,0,0,0,0,0,0,1,0,0,1,0
car_11b7bff3_jpg.rf.02b6bcf8d17d08d03609fefaf06605f5.jpg,0,0,0,0,0,0,0,0,0,0,0,1,1,0,0,1,0,1,0,0,0,0,0,0,0,0,0,0,0,0
car_435876bb_jpg.rf.515fc9696b1d9a484d6669c85d245727.jpg,0,0,0,0,0,0,0,0,0,0,1,0,1,0,0,1,0,1,0,0,0,0,0,0,0,0,0,0,0,0
car_0269392c_jpg.rf.396c2c38fcdb5cba34b011693d8d51f9.jpg,0,0,0,1,0,0,0,0,0,0,0,0,0,0,0,1,0,1,0,0,1,0,0,0,0,0,0,0,0,0
car_11fe22ed_jpg.rf.4c42dc2917a43e4b19482beede938ef0.jpg,0,0,0,0,0,0,0,1,0,0,0,0,0,0,0,1,0,1,0,0,0,0,0,0,0,0,0,0,1,0
car_452ccc32_jpg.rf.a09df30ef64ecc7958a8e893bb3e4db1.jpg,0,0,0,0,0,0,0,0,0,0,0,0,0,0,0,1,0,1,0,0,0,0,0,0,0,0,1,0,1,0
car_0499a860_jpg.rf.75f35b80bf654cc800a0eb250623b596.jpg,0,0,0,0,0,0,0,0,0,0,0,0,0,0,0,1,0,1,0,0,1,0,0,0,0,0,1,0,0,0
car_04459170_jpg.rf.0878499edd1a4bf0b419a240077c05bc.jpg,0,0,0,0,0,0,0,0,0,0,0,1,0,1,0,1,0,1,0,0,0,0,0,0,0,0,0,0,0,0
car_048015be_jpg.rf.c21eac413b03118cf46cd9319a363941.jpg,0,0,0,0,0,0,0,0,0,0,0,0,0,0,0,1,0,1,0,0,0,0,0,0,0,0,1,0,0,1
car_2b016690_jpg.rf.263adfc2917b0dcdec5c9e44ab32c7ac.jpg,0,0,0,0,0,0,0,0,0,0,0,0,0,0,0,1,0,1,0,0,1,1,0,0,0,0,0,0,0,0
car_4ebffa00_jpg.rf.0a29fbd7658cc258fefd314aaf861499.jpg,0,0,0,1,0,0,0,0,0,0,0,0,0,0,0,1,0,1,0,0,1,0,0,0,0,0,0,0,0,0
car_41ab6dc2_jpg.rf.969bb21c6841e1aa55d8db6574477375.jpg,0,0,0,0,0,0,0,0,0,0,0,0,0,0,0,1,0,1,0,0,1,0,0,0,0,0,1,0,0,0
car_5817927a_jpg.rf.fb19821ab32f4ed2921317491c096f36.jpg,0,0,0,0,0,0,0,0,0,0,1,0,0,0,0,1,0,1,0,0,1,0,0,0,0,0,0,0,0,0
car_e00ae6c4_jpg.rf.43d51a3829b976ea20bbc11cc0658fd2.jpg,0,0,0,0,0,0,0,0,0,0,0,0,1,0,0,1,0,1,0,0,0,0,0,0,0,0,1,0,0,0
car_2c54ca0c_jpg.rf.010783ff4fb7913b3c91a20e6b9241cc.jpg,0,0,0,1,0,0,0,0,0,0,0,0,1,0,0,1,0,1,0,0,0,0,0,0,0,0,0,0,0,0
car_64bc5216_jpg.rf.6fb373c3d608e413fca4064599e81a61.jpg,0,0,0,0,0,0,0,0,0,0,0,0,0,0,0,1,0,1,0,0,1,1,0,0,0,0,0,0,0,0
car_64b0e44e_jpg.rf.5e040b56865fc2c527c8dfab01752f86.jpg,0,0,0,0,0,0,0,0,0,0,0,0,1,0,0,1,0,1,0,0,0,0,0,0,0,0,1,0,0,0
car_48589162_jpg.rf.3b5075800db04fab5f8672307a36ed3c.jpg,0,0,0,0,0,0,0,0,0,0,0,0,1,0,0,1,0,1,0,0,0,0,0,0,0,0,1,0,0,0
car_5702df13_jpg.rf.59b36b4672587bdbb026e35adfb27df9.jpg,0,0,0,0,0,0,0,0,0,0,0,0,1,0,0,1,0,1,0,0,0,0,0,0,0,0,1,0,0,0
car_0a9e0ed6_jpg.rf.941768083b2b8d7fbcd77a53345171ee.jpg,0,0,0,0,0,0,0,0,0,0,0,0,0,0,0,1,1,1,0,0,0,0,0,0,0,0,0,0,1,0
car_0b1c26d6_jpg.rf.b7da3519f99a6439c4337497b94af86e.jpg,0,0,0,0,0,0,0,0,0,0,0,0,0,0,0,1,0,1,0,0,0,0,0,0,1,0,0,0,1,0
car_2bb9b947_jpg.rf.0293f2625863dd1714a28131493d9d57.jpg,0,0,0,0,0,0,0,0,0,0,0,0,0,0,0,1,0,1,0,0,1,1,0,0,0,0,0,0,0,0
car_0b64feb3_jpg.rf.b0ce9e2f543c6bb03a1127f87c5f68b9.jpg,0,0,0,0,0,0,0,0,0,0,0,0,0,0,0,1,0,1,0,0,0,0,0,0,0,0,1,0,1,0
car_2e7b68c0_jpg.rf.0e2e10a5ed885efed13d555e312cdd3f.jpg,0,0,0,0,0,0,0,0,0,0,0,0,1,0,0,1,0,1,0,0,0,0,0,0,0,1,0,0,0,0
car_026c7495_jpg.rf.53d66d81bd22927e4dc530cc44c2c6b5.jpg,0,0,0,0,0,0,0,0,0,0,0,0,0,0,0,1,0,1,0,0,1,0,0,0,1,0,0,0,0,0
car_0d49ef1a_jpg.rf.8102ac0184c2c3c2083488bf31c405c0.jpg,0,0,0,0,0,0,0,0,0,0,0,0,0,0,0,1,1,1,0,0,0,0,0,0,0,0,0,0,1,0
car_2d9559d2_jpg.rf.a89b806cb6eacbca0337f15bdccaf355.jpg,0,0,0,0,0,0,0,0,0,0,0,0,1,0,0,1,0,1,0,0,0,0,0,0,1,0,0,0,0,0
car_606bf273_jpg.rf.46a1261a7baafd6fa8685888987655dc.jpg,0,0,0,0,0,0,0,0,0,0,0,0,0,0,0,1,0,1,0,0,1,1,0,0,0,0,0,0,0,0
car_087c7bea_jpg.rf.ac5660f7cdad458a5995d4abdf7ef4d2.jpg,0,0,0,0,0,0,0,0,0,0,0,0,1,0,0,1,0,1,0,0,0,0,0,0,0,1,0,0,0,0
car_cde417f3_jpg.rf.5f24c0d2db78a290d6f9919e79033579.jpg,0,0,0,0,0,0,0,0,0,0,0,0,1,0,0,1,1,1,0,0,0,0,0,0,0,0,0,0,0,0
car_3064332f_jpg.rf.5f77df9785a7dea5db8ae547bb748efe.jpg,0,0,0,0,0,0,0,0,0,0,0,0,0,0,0,1,0,1,0,0,1,0,0,0,1,0,0,0,0,0
car_ede722ca_jpg.rf.eb8611bc2623d0f13ac1891917ce4fa0.jpg,0,0,0,0,0,0,0,0,0,0,0,0,0,1,0,1,0,1,0,0,0,0,0,0,1,0,0,0,0,0
car_336b9d4e_jpg.rf.49472b99de4f9dc65f39d8d94b75e7b3.jpg,0,0,0,0,0,0,0,0,0,0,0,0,0,0,0,1,0,1,0,0,1,0,0,0,0,0,1,0,0,0
car_ed145448_jpg.rf.fcf0715c2662960ffcbe41c5340c58df.jpg,0,0,0,0,0,0,0,0,0,0,0,1,0,0,0,1,0,1,0,0,0,0,0,0,0,0,0,0,1,0
car_ee491b3b_jpg.rf.fda8283f94344e2dab291a826c87353a.jpg,0,0,0,0,0,0,0,0,0,0,0,0,0,0,0,1,0,1,0,0,0,0,0,0,0,0,1,0,1,0
car_0cc34572_jpg.rf.2e9394096cf9eeb0b796fa5964384c8b.jpg,0,0,0,0,0,0,0,0,0,0,0,0,0,0,0,1,0,1,0,0,0,0,0,0,1,0,0,0,1,0
car_0bc101e6_jpg.rf.63ebc14461ad02f9ded3dd6bf56880b3.jpg,0,0,0,0,0,0,0,0,0,0,0,0,0,0,0,1,0,1,0,0,0,0,0,0,0,0,1,0,1,0
car_ed874da0_jpg.rf.6e4b6c482b79af3b83068d14e4bd468f.jpg,0,0,1,0,0,0,0,0,0,0,0,0,0,0,0,0,0,1,0,0,0,0,0,0,0,0,0,1,1,0
car_4d404d26_jpg.rf.3d9178a9238114cede94fed5fd42c144.jpg,0,0,0,0,0,0,0,0,0,0,0,0,1,0,0,1,0,1,0,0,0,1,0,0,0,0,0,0,0,0
car_50f487bd_jpg.rf.32806353058553dc980a1c02eee519df.jpg,0,0,0,1,0,0,0,0,0,0,0,0,0,0,0,1,0,1,0,0,1,0,0,0,0,0,0,0,0,0
car_665035bf_jpg.rf.7571dac05637c33d5b9bdb4028bfcd31.jpg,0,0,0,0,0,0,0,0,0,0,0,0,0,0,0,1,0,1,0,0,1,0,0,0,0,0,1,0,0,0
car_39d94121_jpg.rf.e7237c638c38def7a1d2235e9d6e4572.jpg,0,0,0,0,0,0,0,0,0,0,0,0,1,0,0,1,0,1,0,0,0,0,0,0,0,1,0,0,0,0
car_ec3c849f_jpg.rf.6eaa684fb79aa9b55464538c35b30ed1.jpg,0,0,1,0,0,0,0,0,0,0,0,0,1,0,0,1,0,1,0,0,0,0,0,0,0,0,0,0,0,0
car_5326a9b0_jpg.rf.a56bb813ba76c1c75cfe58992b99e94e.jpg,0,0,0,0,0,0,0,0,0,0,0,0,0,0,0,1,0,1,0,0,0,0,0,1,0,0,1,0,0,0
car_d427f81c_jpg.rf.ef184ace7f4104f42bbf23436cdbfdf1.jpg,0,0,0,0,0,0,0,0,0,0,0,0,1,0,0,1,0,1,0,0,0,0,0,0,0,0,1,0,0,0
car_2b692003_jpg.rf.9072ee05e50eda9146e6466222a8558f.jpg,0,0,0,0,0,0,0,0,0,0,1,0,1,0,0,1,0,1,0,0,0,0,0,0,0,0,0,0,0,0
car_d28e29db_jpg.rf.3e0c45b4520f6c9afb50bb98262566ea.jpg,0,0,0,0,0,0,0,0,0,0,0,0,0,0,0,1,0,0,0,0,0,0,1,0,1,0,0,0,1,0
car_141ddae3_jpg.rf.7141f9dacb9a5ff1189965707f3f9f77.jpg,0,0,0,0,0,0,0,1,0,0,0,0,0,0,0,1,0,1,0,0,1,0,0,0,0,0,0,0,0,0
car_3121ed03_jpg.rf.e646c29b03083fa58b89fccfc86aedba.jpg,0,0,0,0,0,0,0,0,0,0,0,0,0,1,0,1,0,0,0,0,0,0,1,0,1,0,0,0,0,0
car_2e392da4_jpg.rf.861627a4373e39f363f51409b8b81044.jpg,0,0,0,0,0,0,0,0,0,0,0,1,1,0,0,1,0,1,0,0,0,0,0,0,0,0,0,0,0,0
car_567d1963_jpg.rf.6b73aebe0deff75b10ba7c22bc30a8f6.jpg,0,0,0,0,0,0,0,0,0,0,0,0,0,0,0,1,0,1,0,0,0,0,0,0,1,0,0,0,1,0
car_15d8e80c_jpg.rf.5e40c88d957a966daed09de977dafab1.jpg,0,0,0,0,0,0,0,0,0,0,0,0,0,0,1,1,0,1,0,0,0,0,0,0,1,0,0,0,0,0
car_ec4abe8b_jpg.rf.d8f4534fc92014e335471e5f2ea90288.jpg,0,0,0,0,0,0,0,0,0,0,0,0,0,0,0,1,0,1,0,0,0,0,0,1,0,0,1,0,0,0
car_048631f3_jpg.rf.b289338d468cf4f75c1783ac9bc10fcc.jpg,0,0,0,1,0,0,0,0,0,0,0,0,1,0,0,1,0,1,0,0,0,0,0,0,0,0,0,0,0,0
car_5925394b_jpg.rf.44956ac194a9e2874bebc05570242491.jpg,0,0,0,0,0,0,0,0,0,0,0,0,0,1,0,1,0,1,0,0,0,0,0,0,0,0,1,0,0,0
car_ece19aa6_jpg.rf.a991b982febd85e324787bd14c24b9aa.jpg,0,0,0,0,0,0,0,0,0,0,0,0,1,0,0,1,0,1,0,0,0,0,0,0,1,0,0,0,0,0
car_e00dcc03_jpg.rf.071f99a96be1e8e91d572a053e5e5c85.jpg,0,0,0,0,0,0,0,0,0,0,0,0,0,0,0,1,1,1,0,0,0,0,0,0,0,0,0,0,1,0
car_25a123d5_jpg.rf.9742235ef6b6ebd27ce89244fcb115fb.jpg,0,0,1,0,0,0,0,0,0,0,0,0,1,0,0,1,0,1,0,0,0,0,0,0,0,0,0,0,0,0
car_9859c826_jpg.rf.aa4e67117a79dc39cc8a676423e62631.jpg,0,0,0,0,0,0,0,0,0,0,0,0,0,0,0,1,0,1,0,0,0,0,0,0,0,0,1,0,1,0
car_888bdf32_jpg.rf.be69d51725ecad8a93e9ef6b197f8ef7.jpg,0,0,0,0,0,0,0,0,0,0,0,0,0,0,0,1,0,1,0,0,0,0,0,0,0,0,1,0,1,0
car_9af21070_jpg.rf.ed69793ee148da442f259e0c42e60877.jpg,0,0,0,0,0,0,0,0,0,0,0,0,1,0,0,1,0,1,0,0,0,1,0,0,0,0,0,0,0,0
car_1b19c5dc_jpg.rf.6526509260ae1a7e6bdfd16ac9f849c7.jpg,0,0,0,0,0,0,0,0,0,0,0,0,1,0,0,1,0,1,0,0,0,0,0,0,1,0,0,0,0,0
car_0fa27b85_jpg.rf.8edd3b21bdf553c38d93a0e991b49179.jpg,0,0,0,0,0,0,0,0,0,0,0,0,0,1,0,1,0,1,0,0,0,0,0,0,1,0,0,0,0,0
car_04459170_jpg.rf.5cdbd697a9c87bb34248e05cbc332920.jpg,0,0,0,0,0,0,0,0,0,0,0,1,0,1,0,1,0,1,0,0,0,0,0,0,0,0,0,0,0,0
car_014d3a50_jpg.rf.b922f7282ae83db5cd8d56effd40152e.jpg,0,0,0,0,0,0,0,0,0,0,0,0,0,1,0,1,0,1,0,0,0,0,0,0,0,0,1,0,0,0
car_9f8947c1_jpg.rf.597098dcc8a050a7ccbc96abf161f1eb.jpg,0,0,0,0,0,0,0,0,0,0,0,0,0,0,0,1,0,1,0,0,1,0,0,0,1,0,0,0,0,0
car_048015be_jpg.rf.762fecc76391b17d58acba7a61fa8c9c.jpg,0,0,0,0,0,0,0,0,0,0,0,0,0,0,0,1,0,1,0,0,0,0,0,0,0,0,1,0,0,1
car_ec3c849f_jpg.rf.b27ae5e61608d24291f0eaf204ec9c45.jpg,0,0,1,0,0,0,0,0,0,0,0,0,1,0,0,1,0,1,0,0,0,0,0,0,0,0,0,0,0,0
car_6bc11afd_jpg.rf.911a0b5d5d7da5374c35704395e28c86.jpg,0,0,0,0,0,0,0,0,0,0,0,0,0,0,1,1,0,1,0,0,0,0,0,0,1,0,0,0,0,0
car_99ea5e60_jpg.rf.bd89198262f519cc543e11625d73c194.jpg,0,0,0,0,0,0,0,0,0,0,0,1,0,0,0,1,0,1,0,0,0,0,0,0,0,0,0,0,1,0
car_679f6dd6_jpg.rf.2a4f33dc38a6917f5372e9e9fa7a589f.jpg,0,0,0,0,0,0,0,0,0,0,0,0,0,0,0,1,0,1,0,0,0,0,0,0,0,0,1,0,1,0
car_26492075_jpg.rf.3e184fb38de5b5f5f4640b84711927fe.jpg,0,0,0,0,0,0,0,0,0,0,0,0,0,0,0,1,0,1,0,0,0,0,0,0,0,0,1,0,1,0
car_0499a860_jpg.rf.772c628d1ce7334fa3bc3243664d9bf3.jpg,0,0,0,0,0,0,0,0,0,0,0,0,0,0,0,1,0,1,0,0,1,0,0,0,0,0,1,0,0,0
car_e9905523_jpg.rf.59f2ad5b948f6db32b9ffc7ef84302da.jpg,0,0,0,0,0,0,0,0,0,0,0,0,0,0,0,1,0,1,0,0,0,0,0,0,1,0,0,0,1,0
car_26a425cb_jpg.rf.8a21320a5dee4ec0e46f2f67246fda44.jpg,0,0,0,0,0,0,0,0,0,0,0,0,0,0,0,1,0,1,0,0,1,0,0,0,1,0,0,0,0,0
car_231cf5ee_jpg.rf.2f0359035e6366d0111f503dc25efcab.jpg,0,0,0,0,0,0,0,0,0,0,0,0,1,0,0,1,0,1,0,0,0,0,0,0,0,0,1,0,0,0
car_ea5366b0_jpg.rf.a9f906c74cf37060267c562616f5fa4e.jpg,0,0,0,0,0,0,0,0,0,0,0,0,1,0,0,1,0,1,0,0,0,0,0,0,1,0,0,0,0,0
car_fc4a5ba4_jpg.rf.19d214a2994c7c3e7e53bbe013da259a.jpg,0,0,0,0,0,0,0,0,0,0,0,0,1,0,0,1,0,1,0,0,0,0,0,0,1,0,0,0,0,0
car_18cb9e17_jpg.rf.7cd6e72a5d76cb3d5b1e90a92c34546b.jpg,0,0,0,0,0,0,0,0,0,0,0,0,0,0,0,1,0,1,0,0,0,0,0,0,0,0,1,0,1,0
car_9bce7484_jpg.rf.a0b8b63b5f623862d489aaf54278650c.jpg,0,0,0,0,0,0,0,0,0,0,0,0,0,0,0,1,0,1,0,0,1,1,0,0,0,0,0,0,0,0
car_26f1ba44_jpg.rf.9534dcccdc331c394cd3c4d1af5fb2f6.jpg,1,0,0,0,0,0,0,0,0,0,0,0,1,0,0,1,0,1,0,0,0,0,0,0,0,0,0,0,0,0
car_997cfe62_jpg.rf.bd2e12675b5b97306fc1a3d281f896d5.jpg,0,0,0,0,0,0,0,0,0,0,0,0,0,0,0,1,0,1,0,0,1,1,0,0,0,0,0,0,0,0
car_048631f3_jpg.rf.d0b7a2291d84561c4d58b56c9218ce37.jpg,0,0,0,1,0,0,0,0,0,0,0,0,1,0,0,1,0,1,0,0,0,0,0,0,0,0,0,0,0,0
car_cf3999ec_jpg.rf.f8c6e905f71ffa462c37462eff32a2a5.jpg,0,0,0,0,0,0,0,0,0,0,0,0,0,0,0,1,1,1,0,0,0,0,0,0,0,0,0,0,1,0
car_084909e8_jpg.rf.562d61f7760f6583b838270e7b98ea74.jpg,0,0,0,1,0,0,0,0,0,0,0,0,0,0,0,1,0,1,0,0,1,0,0,0,0,0,0,0,0,0
truck_c61c1576_jpg.rf.a19918ec045959b5faee03670588c75c.jpg,0,0,0,0,0,0,0,0,0,0,1,0,1,0,0,1,0,1,0,0,0,0,0,0,0,0,0,0,0,0
car_01933681_jpg.rf.8ecb33d45d4e4ba4a548e78914f25fd2.jpg,0,0,0,0,0,0,0,0,0,0,0,0,1,0,0,1,0,1,0,0,0,0,0,0,0,1,0,0,0,0
car_4f50b6e3_jpg.rf.e36ab1fac2668d9bfe8617521e4ab7b0.jpg,0,0,0,0,0,0,0,0,0,0,0,0,0,0,0,1,0,1,0,0,1,0,0,0,1,0,0,0,0,0
car_2835fad5_jpg.rf.b5b6cbb0a0ca9a9992a8dfe6b4ec299f.jpg,0,0,0,0,0,0,0,0,0,0,1,0,1,0,0,1,0,1,0,0,0,0,0,0,0,0,0,0,0,0
car_1c4abfd4_jpg.rf.f010e6f0c667e4797deef8668ec62dc9.jpg,0,0,0,0,0,0,0,0,0,0,0,0,0,0,0,1,0,1,0,0,1,0,0,0,1,0,0,0,0,0
car_05318562_jpg.rf.afd47294b245aff77d87d472724eab38.jpg,0,0,0,0,0,0,0,0,0,0,0,0,0,0,0,1,0,1,0,0,1,0,0,0,0,0,1,0,0,0
car_68c14d6c_jpg.rf.262c65145e7b13f2464eccd78de87b77.jpg,0,0,0,0,0,0,0,0,0,0,0,0,1,0,0,1,0,1,0,0,0,1,0,0,0,0,0,0,0,0
car_1999e36d_jpg.rf.d72664b1213d92ef2270068c840a5c2c.jpg,0,0,0,0,0,0,0,1,0,0,0,0,0,0,0,1,0,1,0,0,1,0,0,0,0,0,0,0,0,0
car_9bed77d6_jpg.rf.3fe6b255b82ef1950ea8c698672f7222.jpg,0,0,0,0,0,0,0,0,0,0,0,0,0,0,0,1,0,1,0,0,1,0,0,0,0,0,1,0,0,0
car_973a8fd8_jpg.rf.8db21e626afef2ff3fd7f67eba0deb42.jpg,0,0,0,0,0,0,0,0,0,0,1,0,1,0,0,1,0,1,0,0,0,0,0,0,0,0,0,0,0,0
car_109fbce1_jpg.rf.e1018162a96d23f384fd7688b244a586.jpg,0,0,0,0,0,0,0,0,0,0,0,0,0,0,0,1,0,1,0,0,0,0,0,0,0,0,1,0,1,0
car_1a7e6908_jpg.rf.80a725bd1b417b92cc5d575cd8c702a7.jpg,0,0,0,0,0,0,0,0,0,0,0,0,1,0,0,1,0,1,0,0,0,1,0,0,0,0,0,0,0,0
car_6823633b_jpg.rf.910c8a4df1c6b33c1639f9cac1078771.jpg,0,0,1,0,0,0,0,0,0,0,0,0,0,0,0,1,0,1,0,0,1,0,0,0,0,0,0,0,0,0
car_9a07bfc4_jpg.rf.52f786bfdb4cc3812e215c8e85559884.jpg,0,0,0,0,0,0,0,0,0,0,0,0,0,0,0,1,0,0,0,0,0,0,1,0,0,1,0,0,1,0
car_52295285_jpg.rf.0b11e017e74f98e459f2a859a5dd848f.jpg,0,0,1,0,0,0,0,0,0,0,0,0,1,0,0,1,0,0,0,0,0,0,1,0,0,0,0,0,0,0
car_51752249_jpg.rf.53b9a82ab60ff20c83e506419eb630fb.jpg,0,0,0,0,0,0,0,0,0,0,0,0,1,0,0,1,0,1,0,0,0,0,0,0,0,0,1,0,0,0
car_977b72f6_jpg.rf.516582b75a3580a22bc97a658f85bd81.jpg,0,0,0,0,0,0,0,0,0,0,0,0,1,0,0,1,0,1,0,0,0,0,0,0,1,0,0,0,0,0
car_05d7abfc_jpg.rf.15d0449251ae4ae05dc1ae110bb5a123.jpg,0,0,0,0,0,0,0,0,0,0,0,0,1,0,0,1,0,1,0,0,0,0,0,0,0,1,0,0,0,0
car_0715e18a_jpg.rf.06576a1c7ba043183c25f744534bfa69.jpg,0,0,0,0,0,0,0,0,0,0,0,0,1,0,0,1,0,1,0,0,0,0,0,0,1,0,0,0,0,0
car_26778327_jpg.rf.017125b376cacb0bc2a59a978cad49ee.jpg,0,0,0,0,0,0,0,0,0,0,0,0,1,0,0,1,0,1,0,0,0,0,0,0,0,1,0,0,0,0
car_9b85bf51_jpg.rf.6b0eca4e7e05a872e848aa98418ea947.jpg,0,0,0,0,0,0,0,0,0,0,0,0,1,0,0,1,0,1,0,0,0,1,0,0,0,0,0,0,0,0
car_fc7cb0cf_jpg.rf.a25fa3f392ec1178dd825bdeca8579ec.jpg,0,0,0,0,0,0,0,0,0,0,0,0,0,0,0,1,0,1,0,0,0,0,0,0,0,0,1,0,1,0
car_fc8548d9_jpg.rf.e13f5409d0f4305b22b12e376d75a2cc.jpg,0,0,0,0,0,0,0,0,0,0,0,0,1,0,0,1,1,1,0,0,0,0,0,0,0,0,0,0,0,0
car_fe586daf_jpg.rf.303386c3206b3301e0afa5cd27ad4e82.jpg,0,0,0,0,0,0,0,0,0,0,1,0,0,0,0,1,0,1,0,0,1,0,0,0,0,0,0,0,0,0
car_115373fc_jpg.rf.40ba8105740104979c3999c7d7ea3fbf.jpg,0,0,0,0,0,0,0,0,0,0,0,0,0,0,0,1,0,1,0,0,1,0,0,0,1,0,0,0,0,0
car_29284998_jpg.rf.2cf69a3a522a4d0a93ba16e89e20ec20.jpg,0,0,0,0,0,0,0,0,0,0,0,0,0,0,0,1,0,1,0,0,0,0,0,0,0,1,0,0,1,0
car_336b9d4e_jpg.rf.989724fd571252e9ec6f1955ccfae1f4.jpg,0,0,0,0,0,0,0,0,0,0,0,0,0,0,0,1,0,1,0,0,1,0,0,0,0,0,1,0,0,0
car_50f487bd_jpg.rf.69b2ebde005e7cb7f7b24c2dcea29f45.jpg,0,0,0,1,0,0,0,0,0,0,0,0,0,0,0,1,0,1,0,0,1,0,0,0,0,0,0,0,0,0
car_9bce7484_jpg.rf.f2ebc545d783935b40165d644d76a0ca.jpg,0,0,0,0,0,0,0,0,0,0,0,0,0,0,0,1,0,1,0,0,1,1,0,0,0,0,0,0,0,0
car_fab594f2_jpg.rf.9a1d4733a6d2c2df14891c2700a427a6.jpg,0,0,0,0,0,0,0,0,0,0,0,0,0,0,0,1,0,1,0,0,0,0,0,0,0,0,1,0,1,0
car_ef7aad9f_jpg.rf.375bb9222261aecc8d70e0f82f6be988.jpg,0,0,0,0,0,0,0,0,0,0,0,0,1,0,0,1,0,1,0,0,0,0,0,0,0,1,0,0,0,0
car_9c183a03_jpg.rf.abbcd4a56125b0e3133fb470a05448a5.jpg,0,0,0,0,0,0,0,0,0,0,0,0,0,0,0,1,0,1,0,0,0,0,0,0,1,0,0,0,1,0
car_9411fc38_jpg.rf.b550f13778c3d3ab000ef2651f019c29.jpg,0,0,0,0,0,0,0,1,0,0,0,0,1,0,0,1,0,1,0,0,0,0,0,0,0,0,0,0,0,0
car_0eac5278_jpg.rf.b860976ef51acc5d991602e85d5f9504.jpg,0,0,0,0,0,0,0,0,0,0,0,0,0,0,0,1,0,1,0,0,1,1,0,0,0,0,0,0,0,0
car_2b692003_jpg.rf.c8071f6fa4d58e88b88b83b462ed7f94.jpg,0,0,0,0,0,0,0,0,0,0,1,0,1,0,0,1,0,1,0,0,0,0,0,0,0,0,0,0,0,0
car_12214502_jpg.rf.03119a5a2273eb5bde6cf80052b34523.jpg,0,0,0,0,0,0,0,0,0,0,0,0,0,0,0,1,0,1,0,0,1,1,0,0,0,0,0,0,0,0
car_06b26754_jpg.rf.2ea44da434ca94d7d6fd1da71cdd5cce.jpg,0,0,0,0,0,0,0,0,0,0,1,0,1,0,0,1,0,1,0,0,0,0,0,0,0,0,0,0,0,0
car_0a9e0ed6_jpg.rf.193e58b9003ea042d5c33aefa7d03b63.jpg,0,0,0,0,0,0,0,0,0,0,0,0,0,0,0,1,1,1,0,0,0,0,0,0,0,0,0,0,1,0
car_efd1c4a3_jpg.rf.ed628da7eb0ea838ba30106c42474e2f.jpg,0,0,0,0,0,0,0,0,0,0,0,0,1,0,0,1,0,1,0,0,0,0,0,0,0,1,0,0,0,0
car_06e53747_jpg.rf.a107687be06218e8bc86c84e63b0933d.jpg,0,0,0,0,0,0,0,0,0,0,0,0,0,0,0,1,0,1,0,0,0,0,0,1,0,0,1,0,0,0
car_f7d36978_jpg.rf.572fc7345505bab4f5a365fff89d6cd7.jpg,0,0,0,0,0,0,0,0,0,0,0,0,0,0,0,1,0,1,0,0,0,0,0,0,0,0,1,0,1,0
car_98bfb24a_jpg.rf.a9555a22b7c66e17911fd7e012955ea8.jpg,0,0,0,0,0,0,0,0,0,0,0,0,0,0,0,1,0,1,0,0,1,0,0,0,0,0,1,0,0,0
car_122b66da_jpg.rf.3712051ae52635b5f2014b58d6b82e91.jpg,0,0,0,0,0,0,0,0,0,0,0,0,0,0,0,1,0,1,0,0,1,0,0,0,0,0,1,0,0,0
car_f1b4a907_jpg.rf.cabd1f4d929474c6be9bc7d7a4cd51ce.jpg,0,0,0,0,0,0,0,0,0,0,1,0,0,0,0,1,0,1,0,0,0,0,0,0,0,0,0,0,1,0
car_087c7bea_jpg.rf.d574d6533faa76992a4334de5fce6d5d.jpg,0,0,0,0,0,0,0,0,0,0,0,0,1,0,0,1,0,1,0,0,0,0,0,0,0,1,0,0,0,0
car_24ecc633_jpg.rf.f59710e45e40eb2ee724bf43ac094f11.jpg,0,0,0,0,0,0,0,0,0,0,0,0,0,0,0,1,0,1,0,0,1,0,0,0,0,0,1,0,0,0
car_20011094_jpg.rf.8b6b627f4d161a1e9b073de9d7c4ed22.jpg,0,0,0,0,0,0,0,0,0,0,0,0,1,0,0,1,1,1,0,0,0,0,0,0,0,0,0,0,0,0
car_1c337a8b_jpg.rf.791c7211a5beb4f2e528894be6336645.jpg,0,0,0,0,0,0,0,0,0,0,0,0,0,0,0,1,0,1,0,0,0,0,0,0,0,0,1,0,1,0
car_cde417f3_jpg.rf.6ddf7d032e0993939951569be2f7deec.jpg,0,0,0,0,0,0,0,0,0,0,0,0,1,0,0,1,1,1,0,0,0,0,0,0,0,0,0,0,0,0
car_bfe4b3e7_jpg.rf.773f524dedad44baf809222302be83b9.jpg,0,0,0,0,0,0,0,0,0,0,0,0,1,0,0,1,0,0,0,0,0,0,1,0,1,0,0,0,0,0
car_0b1c26d6_jpg.rf.e538840a15f6f163809307df606d2ff3.jpg,0,0,0,0,0,0,0,0,0,0,0,0,0,0,0,1,0,1,0,0,0,0,0,0,1,0,0,0,1,0
car_11fba8b8_jpg.rf.3c3bdf5b636904f900ed5b0e8e6474eb.jpg,0,0,0,1,0,0,0,0,0,0,0,0,0,0,0,1,0,1,0,0,0,0,0,0,0,0,0,0,1,0
car_05860335_jpg.rf.0e56b41d64e1275f3c768c8b2425f79c.jpg,0,0,0,0,0,0,0,0,0,0,0,0,1,0,0,1,0,1,0,0,0,0,0,0,0,0,1,0,0,0
car_f223754b_jpg.rf.2d807a49f6e840f4e0059648c72ee87c.jpg,0,0,0,0,0,0,0,0,0,0,0,0,0,1,0,1,0,1,0,0,0,0,0,0,0,0,1,0,0,0
truck_a3a608e2_jpg.rf.27a3bca28c0e203364fc9eaff4a2a66c.jpg,0,0,0,0,0,1,0,0,0,0,0,0,0,0,0,1,0,1,0,0,1,0,0,0,0,0,0,0,0,0
car_ed145448_jpg.rf.d4858aaae7332bd3f74e4a14e8c74e48.jpg,0,0,0,0,0,0,0,0,0,0,0,1,0,0,0,1,0,1,0,0,0,0,0,0,0,0,0,0,1,0
car_f8c6d165_jpg.rf.38ea07eb7fb5cdd660ccec31ba7ddbc7.jpg,0,0,1,0,0,0,0,0,0,0,0,0,1,0,0,1,0,1,0,0,0,0,0,0,0,0,0,0,0,0
car_ec4abe8b_jpg.rf.912e5a1c689a53238477f78de9e0f42c.jpg,0,0,0,0,0,0,0,0,0,0,0,0,0,0,0,1,0,1,0,0,0,0,0,1,0,0,1,0,0,0
car_f09434a5_jpg.rf.7e02ed234a2e1f63b268a0492ecfb18a.jpg,0,0,0,0,0,0,0,0,0,0,0,0,0,0,0,1,0,1,0,0,0,0,0,0,0,0,1,0,1,0
car_1263c5d1_jpg.rf.20c34713b0bba2831533ea485807ce79.jpg,0,0,0,0,0,0,0,0,0,0,0,0,0,0,0,1,0,1,0,0,0,0,0,1,0,0,1,0,0,0
car_11fe22ed_jpg.rf.e8f35683a9f2e616cd58ba860c6c4430.jpg,0,0,0,0,0,0,0,1,0,0,0,0,0,0,0,1,0,1,0,0,0,0,0,0,0,0,0,0,1,0
car_9bed77d6_jpg.rf.c77bad16754c7f3b6233ec24cd98f839.jpg,0,0,0,0,0,0,0,0,0,0,0,0,0,0,0,1,0,1,0,0,1,0,0,0,0,0,1,0,0,0
car_1b922880_jpg.rf.0cb5a30daba3ea4b26361f7c32f6371f.jpg,0,0,0,0,0,0,0,0,0,0,0,0,0,0,0,1,0,1,0,0,1,0,0,0,0,0,1,0,0,0
car_138f3cf7_jpg.rf.11ad803c3a9df3a07bf17ffe7418717a.jpg,0,0,0,0,0,0,0,0,0,0,0,0,0,1,0,1,0,1,0,0,0,0,0,0,0,0,1,0,0,0
car_ce2eab2b_jpg.rf.399fc4627eadee33ea0df90c6ff644ef.jpg,0,0,0,0,0,0,0,0,0,0,0,0,1,0,0,1,0,1,0,0,0,0,0,0,0,1,0,0,0,0
truck_5e3276c4_jpg.rf.e697414ed06b6d8e313c5f3eded04950.jpg,0,0,0,0,0,0,0,1,0,0,0,0,0,0,0,1,0,0,0,0,0,0,1,0,0,0,0,0,1,0
car_9c0f8f9f_jpg.rf.a31a8cee50bc1660e9c7c6e9e484d7dd.jpg,0,0,0,0,0,0,0,0,0,0,0,1,0,0,0,1,0,1,0,0,0,0,0,0,0,0,0,0,1,0
car_9c78002e_jpg.rf.516507d79e36a751141904ea00529982.jpg,0,0,0,0,0,0,0,0,0,0,0,0,0,0,0,1,0,1,0,0,1,0,0,0,0,0,1,0,0,0
car_9fa3d389_jpg.rf.fce5facd14ad0d9a846cee6218916bcb.jpg,0,0,0,0,0,0,0,0,0,0,0,1,0,0,0,1,0,1,0,0,0,0,0,0,0,0,0,0,1,0
car_0b64feb3_jpg.rf.2e3c668fa7ee232fa49ebf1911634526.jpg,0,0,0,0,0,0,0,0,0,0,0,0,0,0,0,1,0,1,0,0,0,0,0,0,0,0,1,0,1,0
car_20302a2e_jpg.rf.7c4bb7ce406f598739236a5994e88a04.jpg,0,0,0,0,0,0,0,0,0,0,0,0,1,0,0,1,0,1,0,0,0,0,0,0,0,1,0,0,0,0
car_e00ae6c4_jpg.rf.463b21682841aea3b1761ed1bd5a3d5a.jpg,0,0,0,0,0,0,0,0,0,0,0,0,1,0,0,1,0,1,0,0,0,0,0,0,0,0,1,0,0,0
car_010b903f_jpg.rf.3b39d757c72b31a9cd3424541c5c4312.jpg,0,0,0,0,0,1,0,0,0,0,0,0,1,0,0,1,0,1,0,0,0,0,0,0,0,0,0,0,0,0
car_06d283c9_jpg.rf.f12254659d4e70a0f0a98e995d97a9be.jpg,0,0,0,0,0,0,0,1,0,0,0,0,0,0,0,1,0,1,0,0,0,0,0,0,0,0,0,0,1,0
car_e01685d1_jpg.rf.ef2ffc2beb6f5a62a15c508a2b19d272.jpg,0,0,0,0,0,0,0,0,0,0,0,0,0,0,0,1,0,0,0,0,0,0,1,0,0,0,1,0,1,0
car_ddab8af7_jpg.rf.f1e45d513f9557c2720ba404f38c0717.jpg,0,0,0,0,0,0,0,0,0,0,0,0,0,1,0,1,1,1,0,0,0,0,0,0,0,0,0,0,0,0
car_15d8e80c_jpg.rf.1ccfc467ba57c77734806b2c2899a939.jpg,0,0,0,0,0,0,0,0,0,0,0,0,0,0,1,1,0,1,0,0,0,0,0,0,1,0,0,0,0,0
car_1d85aada_jpg.rf.5dcf493a5366e45457a6b8a1cadae746.jpg,0,0,0,0,0,0,0,0,0,0,0,0,1,0,0,1,1,1,0,0,0,0,0,0,0,0,0,0,0,0
car_d4284619_jpg.rf.bbe7cb6a899e4094e7cf45fe751f7283.jpg,0,0,0,1,0,0,0,0,0,0,0,0,0,0,0,1,0,1,0,0,1,0,0,0,0,0,0,0,0,0
car_fa393743_jpg.rf.444e7aab6b8ec16e985458e8fc26d7b6.jpg,0,0,0,0,0,0,0,0,0,0,0,0,1,0,0,1,0,1,0,0,0,1,0,0,0,0,0,0,0,0
car_f4ead592_jpg.rf.ed54da421e8e291230991234f5d1aae0.jpg,0,0,0,0,0,0,0,0,0,0,0,0,0,1,0,1,1,1,0,0,0,0,0,0,0,0,0,0,0,0
car_d5b7cec0_jpg.rf.cd4d6b0f41eeca385b6ce509de8346c7.jpg,0,0,0,0,0,0,0,0,0,0,0,0,0,0,0,1,0,1,0,0,1,0,0,0,0,0,1,0,0,0
car_bfa5cd29_jpg.rf.cfd076e0b71046da47983e15d13b671d.jpg,0,0,0,0,0,0,0,0,0,0,0,0,0,0,0,1,0,1,0,0,1,0,0,0,1,0,0,0,0,0
car_d427f81c_jpg.rf.2d10d955e223766d930335f0842027c6.jpg,0,0,0,0,0,0,0,0,0,0,0,0,1,0,0,1,0,1,0,0,0,0,0,0,0,0,1,0,0,0
car_2b016690_jpg.rf.21eaf4e0e7dbc4f3a0d874cbba192463.jpg,0,0,0,0,0,0,0,0,0,0,0,0,0,0,0,1,0,1,0,0,1,1,0,0,0,0,0,0,0,0
car_f7a66d3b_jpg.rf.00effcb08d968d28c085688bba28fbb9.jpg,0,0,0,0,0,0,0,0,0,0,0,0,0,1,0,1,0,1,0,0,0,0,0,0,0,1,0,0,0,0
car_e2605b29_jpg.rf.9c3f8bcb97a400fbe6182112d55dad91.jpg,0,0,0,0,0,0,0,0,0,0,0,0,0,0,0,1,0,1,0,0,0,0,0,0,0,1,0,0,1,0
car_100affc4_jpg.rf.71fc5ba034a02ceb2311a0f0b03c14bc.jpg,0,0,0,0,0,0,0,0,0,0,0,0,1,0,0,1,0,1,0,0,0,1,0,0,0,0,0,0,0,0
car_15ec122b_jpg.rf.8924b379f099472182bf0b43eba6dc08.jpg,0,0,0,0,0,0,0,0,0,0,0,0,0,0,0,1,0,1,0,0,0,0,0,0,0,1,0,0,1,0
car_ce893d7c_jpg.rf.daa75e6072afba0360f1fb5a5e1517c3.jpg,0,0,1,0,0,0,0,0,0,0,0,0,1,0,0,1,0,1,0,0,0,0,0,0,0,0,0,0,0,0
car_ed874da0_jpg.rf.09955f04487612bf00ffede2a5f75ef9.jpg,0,0,1,0,0,0,0,0,0,0,0,0,0,0,0,0,0,1,0,0,0,0,0,0,0,0,0,1,1,0
car_a5c1a578_jpg.rf.a8842062d971b32b9ccf13cf63e4ad50.jpg,0,0,0,0,0,0,0,0,0,0,0,0,0,0,0,1,0,1,0,0,0,0,0,0,0,0,1,0,1,0
car_208373b3_jpg.rf.d152ad32eb3fdbb7f632fa28a9377fec.jpg,0,0,0,0,0,0,0,0,0,0,0,0,0,1,0,1,0,1,0,0,0,0,0,0,0,0,1,0,0,0
car_d2a20d56_jpg.rf.2093d2e4a329cfd0284f5e40a8037fea.jpg,0,0,0,0,0,0,0,0,0,0,0,0,0,0,0,1,0,1,0,0,0,0,0,0,1,0,0,0,1,0
car_db4d1345_jpg.rf.f1feb85c373fa70a85f3cf5624f8196c.jpg,0,0,0,0,0,0,0,0,0,0,0,0,0,0,0,1,0,1,0,0,1,0,0,0,1,0,0,0,0,0
car_cfd3c76c_jpg.rf.17a8b8558627b73ab400ed73c4f92280.jpg,0,0,0,0,0,0,0,1,0,0,0,0,0,0,0,1,0,1,0,0,0,0,0,0,0,0,0,0,1,0
car_dc606a99_jpg.rf.069e6b19bcad722f46e57ef43addc0cb.jpg,0,0,0,0,0,0,0,0,0,0,0,0,0,0,0,1,0,1,0,0,0,0,0,0,0,0,1,0,1,0
car_d28e29db_jpg.rf.0b1c365e55f69c0b995bca2a41850322.jpg,0,0,0,0,0,0,0,0,0,0,0,0,0,0,0,1,0,0,0,0,0,0,1,0,1,0,0,0,1,0
car_a5b4e5c2_jpg.rf.a1fcf56489e600723dfbe75338577355.jpg,0,0,0,0,0,0,0,0,0,0,0,1,0,0,0,1,0,1,0,0,0,0,0,0,0,0,0,0,1,0
car_a8a01c8f_jpg.rf.48f79871b360c6f4c0616a596932aaed.jpg,0,0,0,0,0,0,0,0,0,0,0,0,0,0,1,1,0,1,0,0,0,0,0,0,0,0,1,0,0,0
truck_8541de59_jpg.rf.d7adee89282033d1e12dbed64343d568.jpg,0,0,0,0,0,0,0,0,0,0,0,0,0,1,0,1,0,0,0,0,0,0,1,0,1,0,0,0,0,0
car_c1ec7cb4_jpg.rf.4b55706e4d91ad4822e004986267f111.jpg,0,0,0,1,0,0,0,0,0,0,0,0,0,0,0,1,0,1,0,0,0,0,0,0,0,0,0,0,1,0
car_11b7bff3_jpg.rf.1445af70641a4bf936a225b0404f817c.jpg,0,0,0,0,0,0,0,0,0,0,0,1,1,0,0,1,0,1,0,0,0,0,0,0,0,0,0,0,0,0
car_d2ea7d95_jpg.rf.577bfff0730259b7e4052a1ca339cd6b.jpg,0,0,0,0,0,0,0,0,0,0,1,0,1,0,0,1,0,1,0,0,0,0,0,0,0,0,0,0,0,0
truck_1033994c_jpg.rf.be0e715af63bb11851e3351919fc33cd.jpg,0,0,0,0,0,0,0,0,0,1,0,0,0,0,0,1,0,1,0,1,0,0,0,0,0,0,0,0,0,0
car_e00dcc03_jpg.rf.901da6dc752779bc42d93385cd310856.jpg,0,0,0,0,0,0,0,0,0,0,0,0,0,0,0,1,1,1,0,0,0,0,0,0,0,0,0,0,1,0
car_f76c417e_jpg.rf.5d9fabc8275132b3926fe763d52ac8cf.jpg,0,0,0,0,0,0,0,0,0,0,0,0,0,0,0,1,0,0,0,0,0,0,1,0,1,0,0,0,1,0
truck_73b6797a_jpg.rf.dcd242676dc7e8eb46aa602a784ca125.jpg,0,0,0,0,0,1,0,0,0,0,0,0,0,0,0,1,0,1,0,0,1,0,0,0,0,0,0,0,0,0
car_ef6ac1f8_jpg.rf.ec4307422a0133f1438cd4c0751e45f0.jpg,0,0,0,0,0,0,0,0,0,0,0,0,0,0,0,1,0,1,0,0,1,0,0,0,0,0,1,0,0,0
truck_628e3b0a_jpg.rf.3e2ef6a43ee268b11f8786626b405a8d.jpg,0,0,0,0,0,0,0,0,0,0,1,0,1,0,0,1,0,1,0,0,0,0,0,0,0,0,0,0,0,0
car_dea43e23_jpg.rf.3b5938cfb328127883116a0abcc9dcfd.jpg,0,0,0,0,0,0,0,0,0,0,0,0,1,0,0,1,0,1,0,0,0,0,0,0,0,1,0,0,0,0
car_ee491b3b_jpg.rf.aa50544650e7ed11d08d422ebc58b822.jpg,0,0,0,0,0,0,0,0,0,0,0,0,0,0,0,1,0,1,0,0,0,0,0,0,0,0,1,0,1,0
car_c2546122_jpg.rf.41af4a9c54ff3062229f436faf61bb3f.jpg,0,0,0,0,0,0,0,0,0,0,0,0,1,0,0,1,0,1,0,0,0,1,0,0,0,0,0,0,0,0
car_d5d3517d_jpg.rf.9fd0daa9405af48db7aa02ba12f25be5.jpg,0,0,0,0,0,0,0,0,0,0,0,0,0,0,0,1,0,1,0,0,0,0,0,0,0,0,1,0,1,0
car_c1596cfa_jpg.rf.e0975514ff8d2d7ce04fad987b3becce.jpg,0,0,0,0,0,0,0,0,0,0,0,0,0,0,0,1,0,1,0,0,0,0,0,0,0,0,1,0,1,0
car_d6999dd8_jpg.rf.bd7ac962d0259e5693d5292daf216e5f.jpg,0,0,0,0,0,0,0,0,0,0,0,0,0,1,0,1,0,1,0,0,0,0,0,0,1,0,0,0,0,0
car_ab011ecf_jpg.rf.156f22d54f2c7447c1b8bdff4d4a75ba.jpg,0,0,0,0,0,0,0,0,0,0,0,0,0,0,0,1,0,1,0,0,0,0,0,0,1,0,0,0,1,0
car_bfd551e9_jpg.rf.9f8f49df1054d9872cd339caa01b7ea3.jpg,0,0,0,0,0,0,0,0,0,0,0,0,0,0,0,1,0,1,0,0,1,0,0,0,1,0,0,0,0,0
car_d32b76c3_jpg.rf.c77ca88270cdbf024c8ac8d6eb347bf3.jpg,0,0,0,0,0,0,0,0,0,0,0,0,1,0,0,1,0,1,0,0,0,0,0,0,1,0,0,0,0,0
car_ee747b81_jpg.rf.0bf1ec6e1f1483d1a0e5865775f639a5.jpg,0,0,0,0,0,0,0,0,0,0,0,0,0,0,0,1,0,1,0,0,0,0,0,0,0,0,1,0,1,0
car_d90c85ce_jpg.rf.2ca16f57668381c7272225208415c0ad.jpg,0,0,0,0,0,0,0,0,0,0,0,0,1,0,0,1,0,1,0,0,0,1,0,0,0,0,0,0,0,0
car_e35fdba1_jpg.rf.34e29084485ccc4d4f4656a77a3b9a80.jpg,0,0,0,0,0,0,0,0,0,0,0,1,1,0,0,1,0,1,0,0,0,0,0,0,0,0,0,0,0,0
car_ab163dba_jpg.rf.c5dc2c82cc98ff520e0c14b91c99c0be.jpg,0,0,0,0,0,0,0,0,0,0,0,0,0,0,0,1,0,0,0,0,0,0,1,0,0,1,0,0,1,0
car_e3f51f3e_jpg.rf.6947f77c5fddc35335e8c110e1487775.jpg,0,0,0,0,0,0,0,0,0,0,0,0,0,0,0,1,0,1,0,0,0,0,0,0,1,0,0,0,1,0
car_d814f554_jpg.rf.5be2a388faddd26fbb12fcf7270539f1.jpg,0,0,0,0,0,0,0,0,0,0,0,0,0,0,0,1,0,1,0,0,1,0,0,0,1,0,0,0,0,0
car_d8226025_jpg.rf.6c9fcab7a8c9003d76442ca091ea5e7b.jpg,0,0,0,0,0,0,0,0,0,0,0,0,0,0,0,1,0,1,0,0,1,0,0,0,1,0,0,0,0,0
car_141ddae3_jpg.rf.a37d2bcde6a279d508cabe85b19b4b61.jpg,0,0,0,0,0,0,0,1,0,0,0,0,0,0,0,1,0,1,0,0,1,0,0,0,0,0,0,0,0,0
car_ee82faa7_jpg.rf.7d5a7aebe8be6b6cfff50549d3258d4e.jpg,0,0,0,0,0,0,0,0,0,0,0,0,0,0,0,1,0,1,0,0,1,0,0,0,1,0,0,0,0,0
car_ef11e929_jpg.rf.765431ea1d8f9177ffb2f2eb92a0ce5c.jpg,0,0,0,0,0,0,0,0,0,0,0,0,1,0,0,1,0,1,0,0,0,0,0,0,0,1,0,0,0,0
car_bfe4b3e7_jpg.rf.5b4c12ceee773348afed99e14fc2157f.jpg,0,0,0,0,0,0,0,0,0,0,0,0,1,0,0,1,0,0,0,0,0,0,1,0,1,0,0,0,0,0
car_e2ba99e4_jpg.rf.f69009808e7d9df8ed1b0840889d539f.jpg,0,0,0,0,0,0,0,0,0,0,0,0,0,0,0,1,0,1,0,0,0,0,0,1,0,0,1,0,0,0
car_c47c2a76_jpg.rf.12cb5b7346ad38c0e220bb5b38a4a869.jpg,0,0,0,0,0,0,0,0,0,0,1,0,1,0,0,1,0,1,0,0,0,0,0,0,0,0,0,0,0,0
car_c1fb035f_jpg.rf.0d2037cc8baf60038c0425e5f31349a7.jpg,0,0,0,0,0,0,0,0,0,0,0,0,0,0,0,1,0,1,0,0,1,0,0,0,0,0,1,0,0,0
car_a8a48569_jpg.rf.bddc658cb71801a69e56f3ae7e5f3692.jpg,0,0,0,0,0,0,0,0,0,0,0,0,1,0,0,1,0,1,0,0,0,1,0,0,0,0,0,0,0,0
car_f6c908bb_jpg.rf.daa02349457a3701282d2c743f329de6.jpg,0,0,1,0,0,0,0,0,0,0,0,0,1,0,0,1,0,1,0,0,0,0,0,0,0,0,0,0,0,0
car_f6d10111_jpg.rf.e449642ff93da8de7bf5bedd3563c08d.jpg,0,0,0,0,0,0,0,0,0,0,0,0,0,1,0,1,0,0,0,0,0,0,1,0,1,0,0,0,0,0
car_f78ad7bc_jpg.rf.1f5749c75ad3c97cc1a4b33c3aad100d.jpg,0,0,0,0,0,0,0,0,0,0,0,0,1,0,0,1,0,1,0,0,0,0,0,0,1,0,0,0,0,0
car_ac14b21b_jpg.rf.23176c3aac16cbe90853595c6426d47e.jpg,0,0,1,0,0,0,0,0,0,0,0,0,1,0,0,1,0,1,0,0,0,0,0,0,0,0,0,0,0,0
car_de95307e_jpg.rf.4465f025d7e5a28316949936a2747bc5.jpg,0,0,0,0,0,0,0,0,0,0,0,0,0,1,0,1,0,0,0,0,0,0,1,0,0,0,1,0,0,0
car_e64a59f6_jpg.rf.2efa8ac4daf9316425e7dedf71c35b69.jpg,0,0,0,1,0,0,0,0,0,0,0,0,0,0,0,1,0,1,0,0,0,0,0,0,0,0,0,0,0,1
car_9af21070_jpg.rf.809b289c8461deb87a5c1d0ad8da6aa3.jpg,0,0,0,0,0,0,0,0,0,0,0,0,1,0,0,1,0,1,0,0,0,1,0,0,0,0,0,0,0,0
car_dfccb4c3_jpg.rf.8746fe58450ec6213af76e7fd39a41b6.jpg,0,0,0,0,0,0,0,0,0,0,0,0,0,0,0,1,0,1,0,0,0,0,0,0,0,0,1,0,1,0
car_e7091d90_jpg.rf.251fede439944e8402d865b52f51e80b.jpg,0,0,0,0,0,0,0,0,0,0,0,0,0,0,0,1,0,1,0,0,0,0,0,1,0,0,1,0,0,0
car_a2cf274c_jpg.rf.ed228cc4086742835c19536e9344cb76.jpg,0,0,0,0,0,0,0,0,0,0,0,0,0,0,0,1,0,1,0,0,0,0,0,0,0,0,1,0,1,0
car_add16b0d_jpg.rf.31d6518dd2150fe91139cf4394481256.jpg,0,0,0,0,0,0,0,0,0,0,0,0,1,0,0,1,0,1,0,0,0,1,0,0,0,0,0,0,0,0
car_c15fe189_jpg.rf.9973f8da91304809c78ba0f0fbb6f73d.jpg,0,0,0,0,0,0,0,0,0,0,0,0,1,0,0,1,0,1,0,0,0,0,0,0,1,0,0,0,0,0
car_da684872_jpg.rf.025d7b49d68db10ba78ec94d74afb642.jpg,0,0,0,0,0,0,0,0,0,0,0,1,0,0,0,1,0,1,0,0,0,0,0,0,0,0,0,0,1,0
car_df877a01_jpg.rf.3fb813b2ccc37b60bd1c789ff2c5166f.jpg,0,0,0,0,0,0,0,0,0,0,0,0,0,0,0,1,0,1,0,0,0,0,0,0,0,0,1,0,1,0
car_df70f02d_jpg.rf.9f04e7037eb3cf5ec9c66dfaff937aa6.jpg,0,0,0,0,0,0,0,0,0,0,0,1,0,0,0,1,0,1,0,0,0,0,0,1,0,0,0,0,0,0
car_e8a0946b_jpg.rf.399d9ec0649289b3db02fe995b9d4b9e.jpg,0,0,0,1,0,0,0,0,0,0,0,0,0,0,0,1,0,1,0,0,1,0,0,0,0,0,0,0,0,0
car_a529c32a_jpg.rf.7541e24bb0934b2b06c9b73c9fa26e9b.jpg,0,0,0,0,0,0,0,0,0,0,0,0,0,1,0,1,0,1,0,0,0,0,0,0,0,0,1,0,0,0
car_a41ed18f_jpg.rf.87cacaf606d28da2289a869bc2805b49.jpg,0,0,0,0,0,0,0,0,0,0,0,0,0,0,0,1,0,1,0,0,0,0,0,0,0,0,1,0,1,0
car_ab580599_jpg.rf.4bfcd6ec8f087f5c03d05b9559b227db.jpg,0,0,0,0,0,0,0,0,0,0,0,0,0,0,0,1,0,1,0,0,1,0,0,0,0,0,1,0,0,0
car_a2eb27e3_jpg.rf.b8ccf49a877dc38f9c6d19aa2ae0a3bf.jpg,0,0,0,1,0,0,0,0,0,0,0,0,0,0,0,1,0,1,0,0,1,0,0,0,0,0,0,0,0,0
car_a36f3c15_jpg.rf.ee992f064c355bdbfafee833d36e6671.jpg,0,0,0,0,0,0,0,0,0,0,0,0,1,0,0,1,0,1,0,0,0,1,0,0,0,0,0,0,0,0
car_a4fbdb46_jpg.rf.5b8fcfaea997a1b38da12a61bc604cf4.jpg,0,0,0,0,0,0,0,0,0,0,0,0,1,0,0,1,0,1,0,0,0,0,0,0,0,0,1,0,0,0
car_dafb8aa3_jpg.rf.6008dc66aed11574b1f7d39806fa456a.jpg,0,0,0,0,0,0,0,0,0,0,0,0,1,0,0,1,0,1,0,0,0,1,0,0,0,0,0,0,0,0
car_aa33b843_jpg.rf.f72a35256e727d39b94d1209cdf0533e.jpg,0,0,0,0,0,0,0,0,0,0,0,0,0,0,0,1,0,1,0,0,1,1,0,0,0,0,0,0,0,0
car_d5b7cec0_jpg.rf.119fe85227e183441d1b288c4757da32.jpg,0,0,0,0,0,0,0,0,0,0,0,0,0,0,0,1,0,1,0,0,1,0,0,0,0,0,1,0,0,0
car_0bc101e6_jpg.rf.5419bf5d8e2a227310c958b18c03c917.jpg,0,0,0,0,0,0,0,0,0,0,0,0,0,0,0,1,0,1,0,0,0,0,0,0,0,0,1,0,1,0
car_da997070_jpg.rf.265d68899174e7a2d8accfb53df3e473.jpg,0,0,0,0,0,0,0,0,0,0,0,0,1,0,0,1,1,1,0,0,0,0,0,0,0,0,0,0,0,0
car_c214b311_jpg.rf.e9c58fc991d442d0ad2db8295db0ad3c.jpg,0,0,0,0,0,0,0,0,0,0,0,0,0,0,0,1,0,1,0,0,1,0,0,0,0,0,1,0,0,0
car_26492075_jpg.rf.93595bb70916ec39cdb492833c051a25.jpg,0,0,0,0,0,0,0,0,0,0,0,0,0,0,0,1,0,1,0,0,0,0,0,0,0,0,1,0,1,0
car_26a425cb_jpg.rf.077fa3fbbccc363cd89cc3319bdd24e2.jpg,0,0,0,0,0,0,0,0,0,0,0,0,0,0,0,1,0,1,0,0,1,0,0,0,1,0,0,0,0,0
car_b4be2f86_jpg.rf.0f74a4023d9a619f11380838a3b609b7.jpg,0,0,0,1,0,0,0,0,0,0,0,0,0,0,0,1,0,0,0,0,0,0,1,0,0,0,0,0,1,0
car_18923855_jpg.rf.8aa13ca340c6de006faba742d6c37329.jpg,0,0,0,0,0,0,0,0,0,0,0,0,0,0,0,1,0,1,0,0,0,0,0,0,1,0,0,0,1,0
car_b864b245_jpg.rf.a753de834b51f1a8d48e7e9a719bba91.jpg,0,0,0,0,0,0,0,0,0,0,1,0,1,0,0,1,0,1,0,0,0,0,0,0,0,0,0,0,0,0
car_3121ed03_jpg.rf.809311a4614fa05404074013633bd003.jpg,0,0,0,0,0,0,0,0,0,0,0,0,0,1,0,1,0,0,0,0,0,0,1,0,1,0,0,0,0,0
car_25a123d5_jpg.rf.5802430601c3813aadb4f9d919acca82.jpg,0,0,1,0,0,0,0,0,0,0,0,0,1,0,0,1,0,1,0,0,0,0,0,0,0,0,0,0,0,0
car_9b85bf51_jpg.rf.59879de232413d1d18efc88e6c2dce2c.jpg,0,0,0,0,0,0,0,0,0,0,0,0,1,0,0,1,0,1,0,0,0,1,0,0,0,0,0,0,0,0
car_b81b8bc8_jpg.rf.50a4b778211ff618b164b2f428046aa2.jpg,0,0,0,0,0,0,0,0,0,0,0,0,0,0,0,1,1,1,0,0,0,0,0,0,0,0,0,0,1,0
car_aec501b4_jpg.rf.94d4018dbb36ea9ef73696dd31829041.jpg,0,0,0,0,0,0,0,0,0,0,0,0,0,0,0,1,0,1,0,0,0,0,0,0,1,0,0,0,1,0
car_9a07bfc4_jpg.rf.683711d97e2d1fb1c4fe77a683f438d8.jpg,0,0,0,0,0,0,0,0,0,0,0,0,0,0,0,1,0,0,0,0,0,0,1,0,0,1,0,0,1,0
car_36cb64e2_jpg.rf.6be92eee327f401accca05823546d469.jpg,0,0,0,1,0,0,0,0,0,0,0,0,1,0,0,1,0,1,0,0,0,0,0,0,0,0,0,0,0,0
car_2e7b68c0_jpg.rf.f3430ef2f6dea9dc7acd1edd83340e43.jpg,0,0,0,0,0,0,0,0,0,0,0,0,1,0,0,1,0,1,0,0,0,0,0,0,0,1,0,0,0,0
car_b7acfed8_jpg.rf.a39d6d74eab533c4587ba08bdd1e8576.jpg,0,0,0,1,0,0,0,0,0,0,0,0,0,0,0,1,0,1,0,0,1,0,0,0,0,0,0,0,0,0
car_9e1c45a1_jpg.rf.99b652a55c0f86e80849e6d1baadc5b6.jpg,0,0,0,0,0,0,0,0,0,0,0,0,0,0,0,1,0,1,0,0,0,0,0,0,1,0,0,0,1,0
car_2e392da4_jpg.rf.aed52e1bf3a6a1b38bc9e9bf0e3d96e9.jpg,0,0,0,0,0,0,0,0,0,0,0,1,1,0,0,1,0,1,0,0,0,0,0,0,0,0,0,0,0,0
car_9c8677c0_jpg.rf.052d69a558e7b4d92611f2f8e02c5412.jpg,0,0,0,0,0,0,0,0,0,0,0,0,0,0,0,1,0,1,0,0,0,0,0,1,0,0,1,0,0,0
car_ae6393a7_jpg.rf.90ce1511f3506d37fde0c1c55d99e337.jpg,0,0,0,0,0,0,0,1,0,0,0,0,1,0,0,1,0,1,0,0,0,0,0,0,0,0,0,0,0,0
car_cbaa6ef0_jpg.rf.41cc2c3cc9b27f03a1940a5be25ea4ea.jpg,0,0,0,1,0,0,0,0,0,0,0,0,0,0,0,1,0,1,0,0,0,0,0,0,0,0,0,0,1,0
car_cab4d0a3_jpg.rf.1aced265e8d4645b4ef838e17a351efb.jpg,0,0,0,0,0,0,0,1,0,0,0,0,0,0,0,1,0,1,0,0,0,0,0,0,0,0,0,0,1,0
car_0b7a03cc_jpg.rf.04bbe8cf48afb9bb78d4f41fe941f09a.jpg,0,0,0,0,0,0,0,0,0,0,0,0,0,0,0,1,0,1,0,0,0,0,0,1,0,0,1,0,0,0
car_52295285_jpg.rf.19d049413917e1058ed298d507bec5b5.jpg,0,0,1,0,0,0,0,0,0,0,0,0,1,0,0,1,0,0,0,0,0,0,1,0,0,0,0,0,0,0
car_99ea5e60_jpg.rf.54cbc99fe5108ae3cba16a38f0f23767.jpg,0,0,0,0,0,0,0,0,0,0,0,1,0,0,0,1,0,1,0,0,0,0,0,0,0,0,0,0,1,0
car_ede722ca_jpg.rf.978643f1d261203f2a59648611cd261a.jpg,0,0,0,0,0,0,0,0,0,0,0,0,0,1,0,1,0,1,0,0,0,0,0,0,1,0,0,0,0,0
car_b5690cbc_jpg.rf.0324e7a06c04c5dfebbbdf4351feb45d.jpg,0,0,0,0,0,0,0,0,0,0,0,0,0,0,0,1,0,1,0,0,0,0,0,0,0,0,1,0,1,0
car_d6999dd8_jpg.rf.0a717ccbf17ba73f1d9555f043ecab10.jpg,0,0,0,0,0,0,0,0,0,0,0,0,0,1,0,1,0,1,0,0,0,0,0,0,1,0,0,0,0,0
car_b1c3c0b8_jpg.rf.58f16b7f1582268f226de0cb91ba05e6.jpg,0,0,0,0,0,0,0,0,0,0,1,0,1,0,0,1,0,1,0,0,0,0,0,0,0,0,0,0,0,0
car_cb1e8c45_jpg.rf.eec6f875c00d51c0c09dc42d2ac31795.jpg,0,0,0,0,0,0,0,0,0,0,0,0,0,0,0,1,1,1,0,0,0,0,0,0,0,0,0,0,1,0
car_b41a7125_jpg.rf.4e2e382ad382a068a3d3552deda02b63.jpg,0,0,0,0,0,0,0,0,0,0,0,0,0,0,0,1,0,1,0,0,0,0,0,0,0,0,1,0,1,0
car_353e5704_jpg.rf.83190ca94cb81d2f151bac7e6446990f.jpg,0,0,0,0,0,0,0,0,0,0,0,0,0,0,0,1,0,1,0,0,1,0,0,0,0,1,0,0,0,0
car_3064332f_jpg.rf.206f7ee8d37bcb43a821c225be606a8b.jpg,0,0,0,0,0,0,0,0,0,0,0,0,0,0,0,1,0,1,0,0,1,0,0,0,1,0,0,0,0,0
car_e4772156_jpg.rf.9e70a2ab943accc3c26fbc4fc6a26635.jpg,0,0,0,0,0,0,0,0,0,0,0,0,1,0,0,1,0,1,0,0,0,1,0,0,0,0,0,0,0,0
car_d831b762_jpg.rf.8310f1c2656e183a0ff55733030190bf.jpg,0,0,0,0,0,0,0,0,0,0,0,0,1,0,0,1,0,1,0,0,0,1,0,0,0,0,0,0,0,0
car_e4237230_jpg.rf.89b6a9eec530c6aa20a69593e241aafa.jpg,0,0,0,0,0,0,0,0,0,0,0,0,0,0,0,1,1,1,0,0,0,0,0,0,0,0,0,0,1,0
car_b0750aec_jpg.rf.f3ab81c702c51ab7565e2454b4666833.jpg,0,0,0,0,0,0,0,0,0,0,0,0,0,0,0,1,0,1,0,0,1,0,0,0,1,0,0,0,0,0
car_d450b5b8_jpg.rf.2658ed7c9a6906cbcb47353424e9ef8e.jpg,1,0,0,0,0,0,0,0,0,0,0,0,0,1,0,1,0,0,0,0,0,0,0,0,0,0,0,0,0,0
car_3204b907_jpg.rf.f2a03642403fa8aa8559963121180527.jpg,0,0,0,0,0,0,0,0,0,0,1,0,1,0,0,1,0,1,0,0,0,0,0,0,0,0,0,0,0,0
car_c69c4b31_jpg.rf.0f6db3cadefb6b1553ce6f0a8c566455.jpg,0,0,0,0,0,0,0,0,0,0,0,0,0,0,0,1,0,1,0,0,1,0,0,0,0,1,0,0,0,0
car_37401aa7_jpg.rf.ea59511fc074f847e0e6f9c802f861d8.jpg,0,0,0,0,0,0,0,0,0,0,0,0,0,0,0,1,0,1,0,0,0,0,0,1,1,0,0,0,0,0
car_e00dcc03_jpg.rf.94a0bb9973d9289d18ee431b77e5bd17.jpg,0,0,0,0,0,0,0,0,0,0,0,0,0,0,0,1,1,1,0,0,0,0,0,0,0,0,0,0,1,0
car_569a9b23_jpg.rf.3ae3c7eab69fdc921ff80b267f20499e.jpg,0,0,0,0,0,0,0,0,0,0,0,0,1,0,0,1,0,1,0,0,0,1,0,0,0,0,0,0,0,0
car_cb69ddd1_jpg.rf.afba666a521afca11cf3e3e96bfa822b.jpg,0,0,0,0,0,0,0,0,0,0,0,0,0,0,0,1,0,0,0,0,0,0,1,0,1,0,0,0,1,0
car_b2166b92_jpg.rf.b9f8fb0abfa113399c082f39a8051c5c.jpg,0,0,1,0,0,0,0,0,0,0,0,0,1,0,0,1,0,1,0,0,0,0,0,0,0,0,0,0,0,0
car_5326a9b0_jpg.rf.2d360bbff5563520045336da2c91e37c.jpg,0,0,0,0,0,0,0,0,0,0,0,0,0,0,0,1,0,1,0,0,0,0,0,1,0,0,1,0,0,0
car_b423bc92_jpg.rf.53bed8e16bdf124583e2ba241d9dffaa.jpg,0,1,0,0,0,0,0,0,0,0,0,0,1,0,0,1,0,1,0,0,0,0,0,0,0,0,0,0,0,0
car_c68fe9e8_jpg.rf.f020d335b33e051e3812ccb9a1d6e80b.jpg,0,0,0,0,0,0,0,0,0,0,0,0,1,0,0,1,0,1,0,0,0,0,0,0,0,1,0,0,0,0
car_33f931bf_jpg.rf.eec59b3a5b9918a170a8c4a9947ccae6.jpg,0,0,0,0,0,0,0,0,0,0,0,0,0,0,0,1,0,1,0,0,0,0,0,0,0,0,1,0,1,0
car_c59e0227_jpg.rf.ed16c78746648abc12739956656409c4.jpg,0,0,0,1,0,0,0,0,0,0,0,0,1,0,0,1,0,1,0,0,0,0,0,0,0,0,0,0,0,0
car_cab3b37f_jpg.rf.b6c2ca31905f4e1c32fc42011ec09aae.jpg,0,0,0,1,0,0,0,0,0,0,0,0,0,0,0,1,0,1,0,0,1,0,0,0,0,0,0,0,0,0
car_ba91b9ab_jpg.rf.812dcd97ad6e6a800a334b01b8e8284c.jpg,0,0,0,0,0,0,0,0,0,0,0,0,0,0,1,1,0,0,0,0,0,0,1,0,0,0,1,0,0,0
car_be2237ef_jpg.rf.44073f1c7b6ddf2ac23162f78d7204ed.jpg,0,0,0,0,0,0,0,0,0,0,0,0,0,0,0,1,0,1,0,0,0,0,0,0,0,1,0,0,1,0
car_9e2229f2_jpg.rf.a5046cb2ce17080daac97269ec395dc8.jpg,0,0,0,0,0,0,0,0,0,0,0,0,1,0,0,1,0,1,0,0,0,1,0,0,0,0,0,0,0,0
car_9e70ca18_jpg.rf.5fe1806223ab347b6e564ca6324ffb99.jpg,0,0,0,0,0,0,0,0,0,0,0,0,1,0,0,1,1,1,0,0,0,0,0,0,0,0,0,0,0,0
car_3878986f_jpg.rf.4142e3d77b28d7b44ead870d98091802.jpg,0,0,0,0,0,0,0,0,0,0,0,0,1,0,0,1,1,1,0,0,0,0,0,0,0,0,0,0,0,0
car_c956d997_jpg.rf.282c28ae4709c0bde9763d250a92cb62.jpg,0,0,0,1,0,0,0,0,0,0,0,0,0,0,0,1,0,1,0,0,1,0,0,0,0,0,0,0,0,0
car_a563861b_jpg.rf.d21780b5547ba45744a76ea9b773e19d.jpg,0,0,0,0,0,0,0,0,0,0,0,0,0,0,0,1,0,1,0,0,1,0,0,0,0,0,1,0,0,0
car_add3c5c8_jpg.rf.2b774eaa6efc1c32fafdc1cca03b207e.jpg,0,0,0,0,0,0,0,0,0,0,0,0,0,0,0,1,0,1,0,0,1,0,0,0,0,0,1,0,0,0
car_df877a01_jpg.rf.319d191cc64833926e8ab4dc82f77ced.jpg,0,0,0,0,0,0,0,0,0,0,0,0,0,0,0,1,0,1,0,0,0,0,0,0,0,0,1,0,1,0
car_e3f51f3e_jpg.rf.bbfa019dd17af23f3395a4ed817c3636.jpg,0,0,0,0,0,0,0,0,0,0,0,0,0,0,0,1,0,1,0,0,0,0,0,0,1,0,0,0,1,0
car_c8e6de34_jpg.rf.0e515639aadf9722a52654fc9a094e49.jpg,0,0,0,0,0,0,0,0,0,0,0,0,1,0,0,1,0,1,0,0,0,1,0,0,0,0,0,0,0,0
car_5817927a_jpg.rf.e5ef39149c12143f6461072aa60e1557.jpg,0,0,0,0,0,0,0,0,0,0,1,0,0,0,0,1,0,1,0,0,1,0,0,0,0,0,0,0,0,0
car_c51b829c_jpg.rf.3385b198f1aee078fc25d1677e819486.jpg,0,0,0,1,0,0,0,0,0,0,0,0,0,0,0,1,0,0,0,0,0,0,1,0,0,0,0,0,1,0
car_d450b5b8_jpg.rf.5781e134d43c5d8608acafca78f8ad9e.jpg,1,0,0,0,0,0,0,0,0,0,0,0,0,1,0,1,0,0,0,0,0,0,0,0,0,0,0,0,0,0
car_bdb8f489_jpg.rf.684354d6fd958e23c992f082dc8bff00.jpg,0,0,0,1,0,0,0,0,0,0,0,0,0,0,0,1,0,1,0,0,0,0,0,0,0,0,0,0,1,0
car_dfccb4c3_jpg.rf.168d2d001276281fd99f36388a8b87e0.jpg,0,0,0,0,0,0,0,0,0,0,0,0,0,0,0,1,0,1,0,0,0,0,0,0,0,0,1,0,1,0
car_a1b6edca_jpg.rf.335a48f90e316bb42d747ffe3250a113.jpg,0,0,0,0,0,0,0,0,0,0,0,0,0,0,0,1,0,1,0,0,1,0,0,0,0,0,1,0,0,0
car_b2ababb1_jpg.rf.77cd7752fcffcce00cd1066774c7057f.jpg,0,0,0,0,0,0,0,0,0,0,0,0,0,0,0,1,0,1,0,0,1,1,0,0,0,0,0,0,0,0
car_e2ba99e4_jpg.rf.014e0a791205a14c8698a246b0e6d688.jpg,0,0,0,0,0,0,0,0,0,0,0,0,0,0,0,1,0,1,0,0,0,0,0,1,0,0,1,0,0,0
car_d5d3517d_jpg.rf.07a712e66a7556a8def42612fb327b47.jpg,0,0,0,0,0,0,0,0,0,0,0,0,0,0,0,1,0,1,0,0,0,0,0,0,0,0,1,0,1,0
car_a22acf04_jpg.rf.0ee4d6c5e0bd95718f1067d519d1f54d.jpg,0,0,0,0,0,0,0,0,0,0,0,0,0,0,0,1,0,1,0,0,0,0,0,0,0,0,1,0,1,0
car_52c0fbad_jpg.rf.e51d8afad9a0f9e3d9eec2ba738e8056.jpg,0,0,0,0,0,0,0,1,0,0,0,0,1,0,0,1,0,1,0,0,0,0,0,0,0,0,0,0,0,0
car_567d1963_jpg.rf.888c91d15d0d0c223ac02009cc32103e.jpg,0,0,0,0,0,0,0,0,0,0,0,0,0,0,0,1,0,1,0,0,0,0,0,0,1,0,0,0,1,0
car_571bb4f4_jpg.rf.977d4c73f5f25179082a3bd226deca2c.jpg,0,0,0,0,0,0,0,0,0,0,0,0,1,0,0,1,0,1,0,0,0,1,0,0,0,0,0,0,0,0
car_37612fca_jpg.rf.e07f428322459534bbfff8a9031ad4e0.jpg,0,0,0,0,0,0,0,0,0,0,0,0,0,0,0,1,0,1,0,0,0,0,0,0,0,0,1,0,1,0
car_b19da516_jpg.rf.58fabbd73e1250a4336a074680fb3190.jpg,0,0,0,0,0,0,0,0,0,0,0,0,1,0,0,1,0,1,0,0,0,0,0,0,0,0,1,0,0,0
car_5d200a9f_jpg.rf.d3ec39c73b60848d107067584c3b0e44.jpg,0,0,0,0,0,0,0,0,0,0,0,0,0,0,0,1,0,1,0,0,0,0,0,0,0,0,1,0,1,0
car_336b9d4e_jpg.rf.337f11c9759e5f21610cb061ab5922de.jpg,0,0,0,0,0,0,0,0,0,0,0,0,0,0,0,1,0,1,0,0,1,0,0,0,0,0,1,0,0,0
car_b37d24ec_jpg.rf.67211e95c29d0d8a8bf0846411de40a2.jpg,0,0,0,0,0,0,0,0,0,0,0,0,1,0,0,1,0,1,0,0,0,0,0,0,1,0,0,0,0,0
car_e4772156_jpg.rf.01f093aaf088074db01a4b67a39edc22.jpg,0,0,0,0,0,0,0,0,0,0,0,0,1,0,0,1,0,1,0,0,0,1,0,0,0,0,0,0,0,0
car_26778327_jpg.rf.66cd79344353426fbbafddadf2b3207a.jpg,0,0,0,0,0,0,0,0,0,0,0,0,1,0,0,1,0,1,0,0,0,0,0,0,0,1,0,0,0,0
car_5702df13_jpg.rf.801a300ee7881b0b81d4cd29f7a5c80d.jpg,0,0,0,0,0,0,0,0,0,0,0,0,1,0,0,1,0,1,0,0,0,0,0,0,0,0,1,0,0,0
car_e00ae6c4_jpg.rf.88d439aea5e7476c2987f5295df93122.jpg,0,0,0,0,0,0,0,0,0,0,0,0,1,0,0,1,0,1,0,0,0,0,0,0,0,0,1,0,0,0
car_c7b79f15_jpg.rf.655c38ea49b7a2f4810216b755117e02.jpg,0,0,1,0,0,0,0,0,0,0,0,0,1,0,0,1,0,1,0,0,0,0,0,0,0,0,0,0,0,0
car_9f6ba109_jpg.rf.b2b1c21b9a885ff6627829b42730b697.jpg,0,0,0,0,0,0,0,0,0,0,0,0,0,0,0,1,0,1,0,0,1,0,0,0,0,0,1,0,0,0
car_56a6007b_jpg.rf.63c474546638973c4d1a58fb361a324e.jpg,0,0,0,0,0,0,0,0,0,0,0,0,0,0,0,1,0,1,0,0,0,0,0,0,1,0,0,0,1,0
car_fc4a5ba4_jpg.rf.32484fdbb9440708c431398e6fcd7c66.jpg,0,0,0,0,0,0,0,0,0,0,0,0,1,0,0,1,0,1,0,0,0,0,0,0,1,0,0,0,0,0
car_c77ee616_jpg.rf.c010734d45138fe56019b97864c6aa0c.jpg,0,0,0,0,0,0,0,0,0,0,0,0,0,0,0,1,0,1,0,0,0,0,0,0,0,1,0,0,1,0
car_9ec99249_jpg.rf.ed9568e0a5c35cbc841e2549718db0c1.jpg,0,0,0,0,0,0,0,0,0,0,0,0,0,1,0,1,0,0,0,0,0,0,1,0,0,0,1,0,0,0
car_a366a438_jpg.rf.96229bf669b64c2bb44a4b72fbb037e9.jpg,0,0,0,0,0,1,0,0,0,0,0,0,0,0,0,1,0,0,0,0,0,0,1,0,0,0,0,0,1,0
car_3f01b0dc_jpg.rf.a85c8d5ef7f25fa956d6b08b53ac31aa.jpg,0,0,0,0,0,0,0,0,0,0,1,0,0,0,0,1,0,1,0,0,0,0,0,0,0,0,0,0,1,0
car_39d94121_jpg.rf.82e0e61f9e16f8a5ee33ac35569a8949.jpg,0,0,0,0,0,0,0,0,0,0,0,0,1,0,0,1,0,1,0,0,0,0,0,0,0,1,0,0,0,0
car_9fa3d389_jpg.rf.c5b3a5399f50747dba6593ffcb47e776.jpg,0,0,0,0,0,0,0,0,0,0,0,1,0,0,0,1,0,1,0,0,0,0,0,0,0,0,0,0,1,0
car_5b0765bf_jpg.rf.56b0af003564c29b89ace552da043a1d.jpg,0,0,0,0,0,0,0,0,0,0,0,0,0,0,0,1,0,1,0,0,0,0,0,0,0,0,1,0,1,0
car_41ab6dc2_jpg.rf.b7a76b30cee3c4d1ca44565ff79586aa.jpg,0,0,0,0,0,0,0,0,0,0,0,0,0,0,0,1,0,1,0,0,1,0,0,0,0,0,1,0,0,0
car_e35fdba1_jpg.rf.2a4011cf053dd9967dc931d11ea79378.jpg,0,0,0,0,0,0,0,0,0,0,0,1,1,0,0,1,0,1,0,0,0,0,0,0,0,0,0,0,0,0
car_3fc570e1_jpg.rf.d76ba577e8ec42ea062ffaa0cdd74617.jpg,0,0,0,0,0,0,0,0,0,0,0,0,1,0,0,1,0,1,0,0,0,0,0,0,0,1,0,0,0,0
car_5d24ee5c_jpg.rf.423a6ff70ef134b0fa3e8c671b619760.jpg,0,0,0,0,0,0,0,0,0,0,0,0,0,0,0,1,0,0,0,0,1,0,1,0,0,0,1,0,0,0
car_a2b0be67_jpg.rf.adc98668c91613aa3f54947b164d10b5.jpg,0,0,0,0,0,0,0,0,0,0,0,0,0,0,0,1,1,1,0,0,0,0,0,0,0,0,0,0,1,0
car_364227eb_jpg.rf.f0cc063912edd5c170395a07626d5289.jpg,0,0,0,0,0,0,0,0,0,0,0,0,0,0,0,1,0,1,0,0,1,0,0,0,1,0,0,0,0,0
car_c5e680d0_jpg.rf.0f0adcb8b5750c1e93243667ab597512.jpg,0,0,1,0,0,0,0,0,0,0,0,0,1,0,0,1,0,1,0,0,0,0,0,0,0,0,0,0,0,0
car_fc8548d9_jpg.rf.8ce20bf0225ed07eaaf64a650d846fd8.jpg,0,0,0,0,0,0,0,0,0,0,0,0,1,0,0,1,1,1,0,0,0,0,0,0,0,0,0,0,0,0
car_5d46b35f_jpg.rf.ae36650976940813dc0cbec9647b2ba1.jpg,0,0,0,0,0,0,0,0,0,0,0,0,1,0,0,1,0,1,0,0,0,0,0,0,0,1,0,0,0,0
car_3a7702c2_jpg.rf.14ce0d04649ef2434d770fed65253c47.jpg,0,0,0,0,0,0,0,0,0,0,1,0,1,0,0,1,0,1,0,0,0,0,0,0,0,0,0,0,0,0
car_e4237230_jpg.rf.56630d50607af96e8d0f1365aa35b201.jpg,0,0,0,0,0,0,0,0,0,0,0,0,0,0,0,1,1,1,0,0,0,0,0,0,0,0,0,0,1,0
car_2c54ca0c_jpg.rf.eb712623f31a5f7dfe28547169e3b44f.jpg,0,0,0,1,0,0,0,0,0,0,0,0,1,0,0,1,0,1,0,0,0,0,0,0,0,0,0,0,0,0
car_9f8947c1_jpg.rf.ecdc672d1b4258f24e21dd52a6fe4fd5.jpg,0,0,0,0,0,0,0,0,0,0,0,0,0,0,0,1,0,1,0,0,1,0,0,0,1,0,0,0,0,0
car_435876bb_jpg.rf.70d7e3da9798e902ed444ccabe871766.jpg,0,0,0,0,0,0,0,0,0,0,1,0,1,0,0,1,0,1,0,0,0,0,0,0,0,0,0,0,0,0
car_b49936dc_jpg.rf.0bf8b42bb345d57b1aec91dec2d016c8.jpg,0,0,0,0,0,0,0,0,0,0,0,0,0,0,0,1,0,1,0,0,0,0,0,0,0,0,1,0,1,0
car_afe2ea9a_jpg.rf.467402f70a55a9b9fdca782153bcf863.jpg,0,0,0,0,0,0,0,0,0,0,1,0,1,0,0,1,0,1,0,0,0,0,0,0,0,0,0,0,0,0
car_3c2cc767_jpg.rf.d75c5c5728181c1ee0e36a99c1599593.jpg,0,0,0,0,0,0,0,0,0,0,0,0,0,0,0,1,0,1,0,0,0,0,0,0,0,0,1,0,1,0
car_e2605b29_jpg.rf.0685eba5256a1427f45b5e591a865541.jpg,0,0,0,0,0,0,0,0,0,0,0,0,0,0,0,1,0,1,0,0,0,0,0,0,0,1,0,0,1,0
car_3de34241_jpg.rf.149efbd2da4ad620e8be7fc187576ef9.jpg,0,0,1,0,0,0,0,0,0,0,0,0,1,0,0,1,0,1,0,0,0,0,0,0,0,0,0,0,0,0
car_5925394b_jpg.rf.55de74e2ba7e3d5e4dcdc8f05135ce93.jpg,0,0,0,0,0,0,0,0,0,0,0,0,0,1,0,1,0,1,0,0,0,0,0,0,0,0,1,0,0,0
car_df70f02d_jpg.rf.71cf308165003b1156bff555aced0285.jpg,0,0,0,0,0,0,0,0,0,0,0,1,0,0,0,1,0,1,0,0,0,0,0,1,0,0,0,0,0,0
car_3d21fa2d_jpg.rf.648e3732d6b1a4018048419682fd51c0.jpg,0,0,0,0,0,0,0,0,0,0,0,0,1,0,0,1,0,1,0,0,0,0,0,0,1,0,0,0,0,0
car_6442aa63_jpg.rf.25a180813fb3e8ac4adaed56c81b245c.jpg,0,0,0,0,0,0,0,0,0,0,0,0,1,0,0,1,0,1,0,0,0,0,0,0,0,0,1,0,0,0
car_fe586daf_jpg.rf.c9a0e16662a01db31dc8bf7e055cf4c6.jpg,0,0,0,0,0,0,0,0,0,0,1,0,0,0,0,1,0,1,0,0,1,0,0,0,0,0,0,0,0,0
car_fc7cb0cf_jpg.rf.6d438b134f4484619e4f814a5074793b.jpg,0,0,0,0,0,0,0,0,0,0,0,0,0,0,0,1,0,1,0,0,0,0,0,0,0,0,1,0,1,0
car_606bf273_jpg.rf.e3be96f745e899894db8ab2dd07cbf73.jpg,0,0,0,0,0,0,0,0,0,0,0,0,0,0,0,1,0,1,0,0,1,1,0,0,0,0,0,0,0,0
car_2bb9b947_jpg.rf.4beb56c93f452eef13d1e916a81d217f.jpg,0,0,0,0,0,0,0,0,0,0,0,0,0,0,0,1,0,1,0,0,1,1,0,0,0,0,0,0,0,0
car_5f63c37a_jpg.rf.93823b92d14e804695ec40442cee6760.jpg,0,0,0,1,0,0,0,0,0,0,0,0,1,0,0,1,0,1,0,0,0,0,0,0,0,0,0,0,0,0
car_5a3bf86f_jpg.rf.aecb5cc575a7244d7d060832a6bc7cd8.jpg,0,0,0,0,0,0,0,0,0,0,0,0,0,0,0,1,0,1,0,0,1,0,0,0,0,0,1,0,0,0
car_e01685d1_jpg.rf.4a150a1ac650becf5e7aa09055588bdd.jpg,0,0,0,0,0,0,0,0,0,0,0,0,0,0,0,1,0,0,0,0,0,0,1,0,0,0,1,0,1,0
car_2d9559d2_jpg.rf.1445f120ac0d376cf78999726be3526f.jpg,0,0,0,0,0,0,0,0,0,0,0,0,1,0,0,1,0,1,0,0,0,0,0,0,1,0,0,0,0,0
car_d8226025_jpg.rf.e6c7191b924e84d523d9a5125b65cdeb.jpg,0,0,0,0,0,0,0,0,0,0,0,0,0,0,0,1,0,1,0,0,1,0,0,0,1,0,0,0,0,0
car_da684872_jpg.rf.870c3cfc35b6936fb0b145404d4b78d3.jpg,0,0,0,0,0,0,0,0,0,0,0,1,0,0,0,1,0,1,0,0,0,0,0,0,0,0,0,0,1,0
car_3c046044_jpg.rf.6ef58b32053d122658b2391981e92c8d.jpg,0,0,0,0,0,0,0,0,0,0,0,0,0,0,0,1,0,1,0,0,1,0,0,0,1,0,0,0,0,0
car_64bc5216_jpg.rf.064b817762f023bb7c9d85618bc1ac7d.jpg,0,0,0,0,0,0,0,0,0,0,0,0,0,0,0,1,0,1,0,0,1,1,0,0,0,0,0,0,0,0
car_64b0e44e_jpg.rf.f2b7ab5d4eb5486ac643a06873668546.jpg,0,0,0,0,0,0,0,0,0,0,0,0,1,0,0,1,0,1,0,0,0,0,0,0,0,0,1,0,0,0
car_64a7e9e5_jpg.rf.d293cfdaea42f07c6f918ee0c556cb8c.jpg,0,0,0,0,0,0,0,0,0,0,0,0,0,0,0,1,0,0,0,0,1,0,1,0,1,0,0,0,0,0
car_3a73d7f7_jpg.rf.19d30e9656a2769ca18801b7a40480ea.jpg,0,0,0,0,0,0,0,0,0,0,0,0,1,0,0,1,1,1,0,0,0,0,0,0,0,0,0,0,0,0
car_4ebffa00_jpg.rf.19056091afcc9318b78e78fb4ce7e032.jpg,0,0,0,1,0,0,0,0,0,0,0,0,0,0,0,1,0,1,0,0,1,0,0,0,0,0,0,0,0,0
car_6823633b_jpg.rf.43dc7f348714cd88011a9b3d03061c39.jpg,0,0,1,0,0,0,0,0,0,0,0,0,0,0,0,1,0,1,0,0,1,0,0,0,0,0,0,0,0,0
car_d90c85ce_jpg.rf.815e92c1abefe79ceb8f9acc132b7bce.jpg,0,0,0,0,0,0,0,0,0,0,0,0,1,0,0,1,0,1,0,0,0,1,0,0,0,0,0,0,0,0
truck_1033994c_jpg.rf.4d2915c4d3e74bd76c353f9c22bbb632.jpg,0,0,0,0,0,0,0,0,0,1,0,0,0,0,0,1,0,1,0,1,0,0,0,0,0,0,0,0,0,0
car_4db58079_jpg.rf.1d7e1465e72477a4e71891f73ed51973.jpg,0,0,0,0,0,0,0,0,0,0,0,0,1,0,0,1,1,1,0,0,0,0,0,0,0,0,0,0,0,0
car_4d404d26_jpg.rf.402b2c3f8a2065e402fb92c49056c169.jpg,0,0,0,0,0,0,0,0,0,0,0,0,1,0,0,1,0,1,0,0,0,1,0,0,0,0,0,0,0,0
car_665035bf_jpg.rf.7c4b70ede395a4ca93371e37392291db.jpg,0,0,0,0,0,0,0,0,0,0,0,0,0,0,0,1,0,1,0,0,1,0,0,0,0,0,1,0,0,0
car_fab594f2_jpg.rf.6c8a1e10d4908d5f07fbcb009c1ecf27.jpg,0,0,0,0,0,0,0,0,0,0,0,0,0,0,0,1,0,1,0,0,0,0,0,0,0,0,1,0,1,0
truck_a3a608e2_jpg.rf.eacb103f9c9f37482392f487f0df9c29.jpg,0,0,0,0,0,1,0,0,0,0,0,0,0,0,0,1,0,1,0,0,1,0,0,0,0,0,0,0,0,0
car_5b93cf37_jpg.rf.7553f74fedf8712aae14a2b31ecd3c7d.jpg,0,0,0,0,0,0,0,0,0,0,0,0,0,0,0,1,0,1,0,0,1,0,0,0,0,0,1,0,0,0
car_dea43e23_jpg.rf.1b8b8c38ad32572e3ffdd42cf6b47f58.jpg,0,0,0,0,0,0,0,0,0,0,0,0,1,0,0,1,0,1,0,0,0,0,0,0,0,1,0,0,0,0
car_da997070_jpg.rf.5f743201acf9af03b687d50129d4a520.jpg,0,0,0,0,0,0,0,0,0,0,0,0,1,0,0,1,1,1,0,0,0,0,0,0,0,0,0,0,0,0
car_6d8f5155_jpg.rf.1837769268d13aaa6f116d77c7cca8cd.jpg,0,0,0,0,0,0,0,0,0,0,0,0,0,0,0,1,0,1,0,0,1,0,0,0,0,0,1,0,0,0
car_efd1c4a3_jpg.rf.5fbca412ac09a3ae78693678dc101ecf.jpg,0,0,0,0,0,0,0,0,0,0,0,0,1,0,0,1,0,1,0,0,0,0,0,0,0,1,0,0,0,0
car_4ca6ba88_jpg.rf.60e3b0df8c8e302005e0d4ddb5c6f133.jpg,0,0,0,0,0,0,0,0,0,0,0,0,0,0,0,1,0,1,0,0,0,0,0,0,0,0,1,0,1,0
car_6a35665f_jpg.rf.6891d51c38a158c87bb0056bd7c3336c.jpg,0,0,0,0,0,0,0,0,0,0,0,0,0,1,0,1,0,1,0,0,0,0,0,0,0,0,1,0,0,0
car_29284998_jpg.rf.41b247cc4e2c652de19151fb2b65cefb.jpg,0,0,0,0,0,0,0,0,0,0,0,0,0,0,0,1,0,1,0,0,0,0,0,0,0,1,0,0,1,0
car_5c5d7dbd_jpg.rf.e80696656d89cd2e2abb1fc9595199ad.jpg,0,0,0,0,0,0,0,0,0,0,0,0,1,0,0,1,0,1,0,0,0,1,0,0,0,0,0,0,0,0
car_452ccc32_jpg.rf.d635ef094d4c87f0fff792c24ce6514e.jpg,0,0,0,0,0,0,0,0,0,0,0,0,0,0,0,1,0,1,0,0,0,0,0,0,0,0,1,0,1,0
car_3b6fd9c8_jpg.rf.9c804360ed133da30db8572fd294a8ff.jpg,0,0,0,0,0,0,0,0,0,0,0,0,0,0,0,1,0,1,0,0,0,0,0,0,0,0,1,0,1,0
car_5b96e73d_jpg.rf.aaf987428c316c9d1b72e512d93f6a2f.jpg,0,0,0,0,0,0,0,0,0,0,0,0,1,0,0,1,0,1,0,0,0,1,0,0,0,0,0,0,0,0
car_45daac10_jpg.rf.5d1344882ff9f554077699c7ea72338a.jpg,0,0,0,0,0,0,0,0,0,0,0,0,1,0,0,1,0,1,0,0,0,0,0,0,1,0,0,0,0,0
car_f8c6d165_jpg.rf.cd8769791c9b5ca487a02791163ccc00.jpg,0,0,1,0,0,0,0,0,0,0,0,0,1,0,0,1,0,1,0,0,0,0,0,0,0,0,0,0,0,0
car_2b692003_jpg.rf.15b1b82e649bd27ce556c5ef24286970.jpg,0,0,0,0,0,0,0,0,0,0,1,0,1,0,0,1,0,1,0,0,0,0,0,0,0,0,0,0,0,0
car_51752249_jpg.rf.57f07598e1447f3a5aad6c17f9af936e.jpg,0,0,0,0,0,0,0,0,0,0,0,0,1,0,0,1,0,1,0,0,0,0,0,0,0,0,1,0,0,0
car_f09434a5_jpg.rf.fba51d1bcbdbe831498c82da761a6fdd.jpg,0,0,0,0,0,0,0,0,0,0,0,0,0,0,0,1,0,1,0,0,0,0,0,0,0,0,1,0,1,0
car_ddab8af7_jpg.rf.4a9e34927777fa02823c342754baa978.jpg,0,0,0,0,0,0,0,0,0,0,0,0,0,1,0,1,1,1,0,0,0,0,0,0,0,0,0,0,0,0
car_48589162_jpg.rf.4e7cf4eabb553013d201ba88e3a80a2b.jpg,0,0,0,0,0,0,0,0,0,0,0,0,1,0,0,1,0,1,0,0,0,0,0,0,0,0,1,0,0,0
car_4c278005_jpg.rf.60d942914d892bc867fa9707bb35bc65.jpg,0,0,0,0,0,0,0,0,0,0,0,0,0,0,0,1,0,1,0,0,1,0,0,0,1,0,0,0,0,0
car_6bc11afd_jpg.rf.e1d5d7f9163092e9ca23212f9b251459.jpg,0,0,0,0,0,0,0,0,0,0,0,0,0,0,1,1,0,1,0,0,0,0,0,0,1,0,0,0,0,0
car_dafb8aa3_jpg.rf.59a204af648089210adffe268195a522.jpg,0,0,0,0,0,0,0,0,0,0,0,0,1,0,0,1,0,1,0,0,0,1,0,0,0,0,0,0,0,0
car_67ad29c0_jpg.rf.79d6388c5fa28111d2c3ae18c91e808a.jpg,0,0,0,0,0,0,0,0,0,0,0,0,0,0,0,1,0,1,0,0,0,0,0,0,1,0,0,0,1,0
car_db4d1345_jpg.rf.e36ca8829fd556c433c409d8b82bb70f.jpg,0,0,0,0,0,0,0,0,0,0,0,0,0,0,0,1,0,1,0,0,1,0,0,0,1,0,0,0,0,0
car_6b9bc84b_jpg.rf.7a917ede4dd25ae2ad7f4b7f83263614.jpg,0,0,0,0,0,0,0,0,0,0,0,0,0,0,0,1,1,1,0,0,0,0,0,0,0,0,0,0,1,0
car_6af1cf6d_jpg.rf.cc684dde8dac086d893aac41d24a13d9.jpg,0,0,0,0,0,0,0,0,0,0,0,0,0,0,0,1,0,1,0,0,0,0,0,0,0,0,1,0,1,0
car_50f487bd_jpg.rf.37d1e76999b1cd5276b6574568a8626a.jpg,0,0,0,1,0,0,0,0,0,0,0,0,0,0,0,1,0,1,0,0,1,0,0,0,0,0,0,0,0,0
car_f6c908bb_jpg.rf.0cf9cb2441a4d43cae059966158bb359.jpg,0,0,1,0,0,0,0,0,0,0,0,0,1,0,0,1,0,1,0,0,0,0,0,0,0,0,0,0,0,0
car_6779aa88_jpg.rf.f226449e0c471816b6c503ffedf2ba71.jpg,0,0,0,0,0,0,0,1,0,0,0,0,0,0,0,1,0,0,0,0,0,0,1,0,0,0,0,0,1,0
car_f1b4a907_jpg.rf.5017411c9a709fec4babae76b89dc580.jpg,0,0,0,0,0,0,0,0,0,0,1,0,0,0,0,1,0,1,0,0,0,0,0,0,0,0,0,0,1,0
car_f7d36978_jpg.rf.6f83cbb2fde1ba5a5a2e07eea56a9622.jpg,0,0,0,0,0,0,0,0,0,0,0,0,0,0,0,1,0,1,0,0,0,0,0,0,0,0,1,0,1,0
car_46932e50_jpg.rf.1985c5290367fc7b8a7619d8df3ef38b.jpg,0,0,0,0,0,0,0,0,0,0,0,0,0,0,0,1,0,1,0,0,0,0,0,0,0,0,1,0,1,0
car_ed874da0_jpg.rf.5f091477e56d45158ad40aa6954d5268.jpg,0,0,1,0,0,0,0,0,0,0,0,0,0,0,0,0,0,1,0,0,0,0,0,0,0,0,0,1,1,0
car_5aef5cd1_jpg.rf.bfa319d0e093cb1d579d6f4083b47516.jpg,0,0,0,0,0,0,0,0,0,0,0,0,1,0,0,1,0,1,0,0,0,1,0,0,0,0,0,0,0,0
truck_c61c1576_jpg.rf.243a1392d28940e9693f65d787e22e99.jpg,0,0,0,0,0,0,0,0,0,0,1,0,1,0,0,1,0,1,0,0,0,0,0,0,0,0,0,0,0,0
car_f223754b_jpg.rf.0137044e68ecc4e823960c040ec48fbd.jpg,0,0,0,0,0,0,0,0,0,0,0,0,0,1,0,1,0,1,0,0,0,0,0,0,0,0,1,0,0,0
car_f78ad7bc_jpg.rf.6882cb57773dbc89438a4f0b510f74c0.jpg,0,0,0,0,0,0,0,0,0,0,0,0,1,0,0,1,0,1,0,0,0,0,0,0,1,0,0,0,0,0
car_4622b8ac_jpg.rf.8acbcbe71691ab60f9192cbd1e9e91dc.jpg,1,0,0,0,0,0,0,0,0,0,0,0,1,0,0,1,0,1,0,0,0,0,0,0,0,0,0,0,0,0
car_a41ed18f_jpg.rf.925abb8cf1b55eed012525a92f4a8df0.jpg,0,0,0,0,0,0,0,0,0,0,0,0,0,0,0,1,0,1,0,0,0,0,0,0,0,0,1,0,1,0
car_62bca7bc_jpg.rf.972a489751f250ece8b7bed64cb0f2d3.jpg,0,0,0,0,0,0,0,0,0,0,1,0,1,0,0,1,0,1,0,0,0,0,0,0,0,0,0,0,0,0
car_f76c417e_jpg.rf.5c492215c51a6df8923657e9b3b1a49e.jpg,0,0,0,0,0,0,0,0,0,0,0,0,0,0,0,1,0,0,0,0,0,0,1,0,1,0,0,0,1,0
car_4aa294cf_jpg.rf.603a379f133629510d217bcf6813757f.jpg,0,0,0,1,0,0,0,0,0,0,0,0,0,0,0,1,0,1,0,0,1,0,0,0,0,0,0,0,0,0
car_f4ead592_jpg.rf.6c59ee2c7b7b2c876dcf51fa434e561e.jpg,0,0,0,0,0,0,0,0,0,0,0,0,0,1,0,1,1,1,0,0,0,0,0,0,0,0,0,0,0,0
car_bfd551e9_jpg.rf.2d8dc79fa9c53f496ab03d49c4c6a7d9.jpg,0,0,0,0,0,0,0,0,0,0,0,0,0,0,0,1,0,1,0,0,1,0,0,0,1,0,0,0,0,0
car_4bab96ba_jpg.rf.968c8c1972f1c09035fb42f1b32ab23c.jpg,0,0,0,0,0,0,0,0,0,0,0,0,0,0,0,1,0,1,0,0,1,0,0,0,0,0,1,0,0,0
car_d831b762_jpg.rf.aeb0432aa24dbd612d136b3a2791ab7e.jpg,0,0,0,0,0,0,0,0,0,0,0,0,1,0,0,1,0,1,0,0,0,1,0,0,0,0,0,0,0,0
car_de95307e_jpg.rf.4584ae4be424fa8df7c227b9dfb097c3.jpg,0,0,0,0,0,0,0,0,0,0,0,0,0,1,0,1,0,0,0,0,0,0,1,0,0,0,1,0,0,0
car_ee491b3b_jpg.rf.6b2af24f0c68769c7dd591ecee58f46c.jpg,0,0,0,0,0,0,0,0,0,0,0,0,0,0,0,1,0,1,0,0,0,0,0,0,0,0,1,0,1,0
truck_5e3276c4_jpg.rf.3134de20d73ded94444e4471eb8793aa.jpg,0,0,0,0,0,0,0,1,0,0,0,0,0,0,0,1,0,0,0,0,0,0,1,0,0,0,0,0,1,0
car_ef7aad9f_jpg.rf.721c160ef0c4567a33c7ec6ef6a469e7.jpg,0,0,0,0,0,0,0,0,0,0,0,0,1,0,0,1,0,1,0,0,0,0,0,0,0,1,0,0,0,0
car_d814f554_jpg.rf.97a5e446c9dd32b8f1512e2db9b03743.jpg,0,0,0,0,0,0,0,0,0,0,0,0,0,0,0,1,0,1,0,0,1,0,0,0,1,0,0,0,0,0
car_50f487bd_jpg.rf.239883826d481164210eafccbf2f4430.jpg,0,0,0,1,0,0,0,0,0,0,0,0,0,0,0,1,0,1,0,0,1,0,0,0,0,0,0,0,0,0
car_fa393743_jpg.rf.1890790b898944e2a6208e7f844998ad.jpg,0,0,0,0,0,0,0,0,0,0,0,0,1,0,0,1,0,1,0,0,0,1,0,0,0,0,0,0,0,0
car_2b016690_jpg.rf.43019ba4aa31b82c3a4cc7d74ada6ce8.jpg,0,0,0,0,0,0,0,0,0,0,0,0,0,0,0,1,0,1,0,0,1,1,0,0,0,0,0,0,0,0
car_4aa294cf_jpg.rf.a9bbf03e0ce0d61c4b708a8ead13d75b.jpg,0,0,0,1,0,0,0,0,0,0,0,0,0,0,0,1,0,1,0,0,1,0,0,0,0,0,0,0,0,0
car_ef6ac1f8_jpg.rf.ad2292766213edf5e0a6c3b587690aa9.jpg,0,0,0,0,0,0,0,0,0,0,0,0,0,0,0,1,0,1,0,0,1,0,0,0,0,0,1,0,0,0
car_68c14d6c_jpg.rf.c76f57fbff40975174f86c58521f2976.jpg,0,0,0,0,0,0,0,0,0,0,0,0,1,0,0,1,0,1,0,0,0,1,0,0,0,0,0,0,0,0
car_cda34b7b_jpg.rf.c040dda397df28622e5d1d670758645e.jpg,0,0,0,1,0,0,0,0,0,0,0,0,0,0,0,1,0,1,0,0,1,0,0,0,0,0,0,0,0,0
truck_73b6797a_jpg.rf.890ffb13e511bf210d9e6249822bc855.jpg,0,0,0,0,0,1,0,0,0,0,0,0,0,0,0,1,0,1,0,0,1,0,0,0,0,0,0,0,0,0
car_26f1ba44_jpg.rf.81fca1782836535e24e79e95df634650.jpg,1,0,0,0,0,0,0,0,0,0,0,0,1,0,0,1,0,1,0,0,0,0,0,0,0,0,0,0,0,0
car_498ba975_jpg.rf.a6fb951093a3251f11d547ef51623eac.jpg,0,0,0,0,0,0,0,0,0,0,0,0,1,0,0,1,0,0,0,0,0,1,1,0,0,0,0,0,0,0
car_e64a59f6_jpg.rf.288e3c619a9e1683ae1f918dd0ff4412.jpg,0,0,0,1,0,0,0,0,0,0,0,0,0,0,0,1,0,1,0,0,0,0,0,0,0,0,0,0,0,1
car_d4284619_jpg.rf.a3a227320795783692acc6b2f1f3c8d2.jpg,0,0,0,1,0,0,0,0,0,0,0,0,0,0,0,1,0,1,0,0,1,0,0,0,0,0,0,0,0,0
car_ed145448_jpg.rf.18f73c4fc49af5c24bb6267e34967abb.jpg,0,0,0,0,0,0,0,0,0,0,0,1,0,0,0,1,0,1,0,0,0,0,0,0,0,0,0,0,1,0
car_ede722ca_jpg.rf.12cafa54ef9f816be107d66761804bdd.jpg,0,0,0,0,0,0,0,0,0,0,0,0,0,1,0,1,0,1,0,0,0,0,0,0,1,0,0,0,0,0
car_c1596cfa_jpg.rf.1fe2d65e6daa31188614051ce820065b.jpg,0,0,0,0,0,0,0,0,0,0,0,0,0,0,0,1,0,1,0,0,0,0,0,0,0,0,1,0,1,0
car_4aec040f_jpg.rf.01c94d1c040f851046b021ce9bb95da0.jpg,0,0,0,1,0,0,0,0,0,0,0,0,1,0,0,1,0,1,0,0,0,0,0,0,0,0,0,0,0,0
car_bdb8f489_jpg.rf.908ac6018c3e289ceee4e1092e012b21.jpg,0,0,0,1,0,0,0,0,0,0,0,0,0,0,0,1,0,1,0,0,0,0,0,0,0,0,0,0,1,0
car_dc606a99_jpg.rf.b17a7a05d4039cdd65bff56a3f35c3d5.jpg,0,0,0,0,0,0,0,0,0,0,0,0,0,0,0,1,0,1,0,0,0,0,0,0,0,0,1,0,1,0
car_ec4abe8b_jpg.rf.e00225744dcb5c6d96bebaef81b4f812.jpg,0,0,0,0,0,0,0,0,0,0,0,0,0,0,0,1,0,1,0,0,0,0,0,1,0,0,1,0,0,0
car_48589162_jpg.rf.d72e5dc60c9b9ab81a6f2727d7c05b82.jpg,0,0,0,0,0,0,0,0,0,0,0,0,1,0,0,1,0,1,0,0,0,0,0,0,0,0,1,0,0,0
car_d427f81c_jpg.rf.f9edaa8e103f8f5504374fbcdd7df3a2.jpg,0,0,0,0,0,0,0,0,0,0,0,0,1,0,0,1,0,1,0,0,0,0,0,0,0,0,1,0,0,0
car_4aec040f_jpg.rf.8ec3d8ee285345dda1642daca37dee93.jpg,0,0,0,1,0,0,0,0,0,0,0,0,1,0,0,1,0,1,0,0,0,0,0,0,0,0,0,0,0,0
car_46932e50_jpg.rf.776e3402eb366be9f977513726d359c1.jpg,0,0,0,0,0,0,0,0,0,0,0,0,0,0,0,1,0,1,0,0,0,0,0,0,0,0,1,0,1,0
car_4bab96ba_jpg.rf.5b06a0d3821dba176e0a5e5e162e80b4.jpg,0,0,0,0,0,0,0,0,0,0,0,0,0,0,0,1,0,1,0,0,1,0,0,0,0,0,1,0,0,0
truck_628e3b0a_jpg.rf.0dcc5eb9f33c27204f10dbc388f147c9.jpg,0,0,0,0,0,0,0,0,0,0,1,0,1,0,0,1,0,1,0,0,0,0,0,0,0,0,0,0,0,0
car_bfa5cd29_jpg.rf.469af557f6f4ff119f68ce9c03b58466.jpg,0,0,0,0,0,0,0,0,0,0,0,0,0,0,0,1,0,1,0,0,1,0,0,0,1,0,0,0,0,0
car_a529c32a_jpg.rf.820bcddb2b1b274bbbc989b15fca1b43.jpg,0,0,0,0,0,0,0,0,0,0,0,0,0,1,0,1,0,1,0,0,0,0,0,0,0,0,1,0,0,0
car_e7091d90_jpg.rf.68515f54ea8c996dda07c4ae6c703ea4.jpg,0,0,0,0,0,0,0,0,0,0,0,0,0,0,0,1,0,1,0,0,0,0,0,1,0,0,1,0,0,0
car_a4fbdb46_jpg.rf.4413b102d37d22a45009cac1574858c2.jpg,0,0,0,0,0,0,0,0,0,0,0,0,1,0,0,1,0,1,0,0,0,0,0,0,0,0,1,0,0,0
car_a8a01c8f_jpg.rf.949d838f9aad336f3edc4f9d58d89486.jpg,0,0,0,0,0,0,0,0,0,0,0,0,0,0,1,1,0,1,0,0,0,0,0,0,0,0,1,0,0,0
car_2835fad5_jpg.rf.b1c064a1ed96c223b1eff90344ca14a8.jpg,0,0,0,0,0,0,0,0,0,0,1,0,1,0,0,1,0,1,0,0,0,0,0,0,0,0,0,0,0,0
car_498ba975_jpg.rf.67a2633ecccdf8d0e1cf7a79b3800ba3.jpg,0,0,0,0,0,0,0,0,0,0,0,0,1,0,0,1,0,0,0,0,0,1,1,0,0,0,0,0,0,0
car_be2237ef_jpg.rf.11085d4b87a4a33576fc730e36dea7a8.jpg,0,0,0,0,0,0,0,0,0,0,0,0,0,0,0,1,0,1,0,0,0,0,0,0,0,1,0,0,1,0
car_ef11e929_jpg.rf.89e4fd40ad1d90a89ebdb9505569d275.jpg,0,0,0,0,0,0,0,0,0,0,0,0,1,0,0,1,0,1,0,0,0,0,0,0,0,1,0,0,0,0
truck_8541de59_jpg.rf.edad3e07eeada264ade80204ea3a2ea0.jpg,0,0,0,0,0,0,0,0,0,0,0,0,0,1,0,1,0,0,0,0,0,0,1,0,1,0,0,0,0,0
car_f7a66d3b_jpg.rf.0373afff1f6633694523dcf79cd1c505.jpg,0,0,0,0,0,0,0,0,0,0,0,0,0,1,0,1,0,1,0,0,0,0,0,0,0,1,0,0,0,0
car_ab011ecf_jpg.rf.b8efa9e610550fe228ae0c2fbd70bd1a.jpg,0,0,0,0,0,0,0,0,0,0,0,0,0,0,0,1,0,1,0,0,0,0,0,0,1,0,0,0,1,0
car_c15fe189_jpg.rf.599206b4252503ce486c46d6a0853f83.jpg,0,0,0,0,0,0,0,0,0,0,0,0,1,0,0,1,0,1,0,0,0,0,0,0,1,0,0,0,0,0
car_679f6dd6_jpg.rf.77c003c5aa1587bad01c557e7f73bb7b.jpg,0,0,0,0,0,0,0,0,0,0,0,0,0,0,0,1,0,1,0,0,0,0,0,0,0,0,1,0,1,0
car_ce893d7c_jpg.rf.940573a29db7fb8585ad74be8638905f.jpg,0,0,1,0,0,0,0,0,0,0,0,0,1,0,0,1,0,1,0,0,0,0,0,0,0,0,0,0,0,0
car_a5c1a578_jpg.rf.97c1404122e264fd13f41023111b490e.jpg,0,0,0,0,0,0,0,0,0,0,0,0,0,0,0,1,0,1,0,0,0,0,0,0,0,0,1,0,1,0
car_e8a0946b_jpg.rf.8a881df20881ae4bdb6a2eed648c496f.jpg,0,0,0,1,0,0,0,0,0,0,0,0,0,0,0,1,0,1,0,0,1,0,0,0,0,0,0,0,0,0
car_9e70ca18_jpg.rf.986b7eca5e83a1d905bb27c0b04b3be1.jpg,0,0,0,0,0,0,0,0,0,0,0,0,1,0,0,1,1,1,0,0,0,0,0,0,0,0,0,0,0,0
car_a8a48569_jpg.rf.cbeef2563418891c7cac48da6986c6b9.jpg,0,0,0,0,0,0,0,0,0,0,0,0,1,0,0,1,0,1,0,0,0,1,0,0,0,0,0,0,0,0
car_c956d997_jpg.rf.7138db95064d5d1c2a79991ab8007ff1.jpg,0,0,0,1,0,0,0,0,0,0,0,0,0,0,0,1,0,1,0,0,1,0,0,0,0,0,0,0,0,0
car_aec501b4_jpg.rf.c2904c6e6cefa3370ee6ed36845b8e19.jpg,0,0,0,0,0,0,0,0,0,0,0,0,0,0,0,1,0,1,0,0,0,0,0,0,1,0,0,0,1,0
car_ce2eab2b_jpg.rf.fe48e9bcd357bc7f91f75d01aa6a6320.jpg,0,0,0,0,0,0,0,0,0,0,0,0,1,0,0,1,0,1,0,0,0,0,0,0,0,1,0,0,0,0
car_4f50b6e3_jpg.rf.f7e7b4e587c8b948250a20788eda15ce.jpg,0,0,0,0,0,0,0,0,0,0,0,0,0,0,0,1,0,1,0,0,1,0,0,0,1,0,0,0,0,0
car_ab580599_jpg.rf.a339a3e632dd43410953054735032c76.jpg,0,0,0,0,0,0,0,0,0,0,0,0,0,0,0,1,0,1,0,0,1,0,0,0,0,0,1,0,0,0
car_aa33b843_jpg.rf.11e34c822397393f2e696bc67b7dc00b.jpg,0,0,0,0,0,0,0,0,0,0,0,0,0,0,0,1,0,1,0,0,1,1,0,0,0,0,0,0,0,0
car_ea5366b0_jpg.rf.f3affb976230c2ff941b3c1e9d17b36b.jpg,0,0,0,0,0,0,0,0,0,0,0,0,1,0,0,1,0,1,0,0,0,0,0,0,1,0,0,0,0,0
car_a366a438_jpg.rf.c34383f9be0a853a2e5e4db08afd07ac.jpg,0,0,0,0,0,1,0,0,0,0,0,0,0,0,0,1,0,0,0,0,0,0,1,0,0,0,0,0,1,0
car_4ca6ba88_jpg.rf.9fa762c810768dfa4bb266c32ba26e54.jpg,0,0,0,0,0,0,0,0,0,0,0,0,0,0,0,1,0,1,0,0,0,0,0,0,0,0,1,0,1,0
car_afe2ea9a_jpg.rf.ac8e1f46e6d6380f51962965457edf41.jpg,0,0,0,0,0,0,0,0,0,0,1,0,1,0,0,1,0,1,0,0,0,0,0,0,0,0,0,0,0,0
car_ecea4c88_jpg.rf.531f4cd412a681c94aeeda1e54eccdb1.jpg,0,0,0,0,0,0,0,0,0,0,0,0,0,0,0,1,0,1,0,0,1,0,0,0,1,0,0,0,0,0
car_a2eb27e3_jpg.rf.aee6a0fa73c481da021338a234c44bb2.jpg,0,0,0,1,0,0,0,0,0,0,0,0,0,0,0,1,0,1,0,0,1,0,0,0,0,0,0,0,0,0
car_cde417f3_jpg.rf.6d20a9fa5807e3fbba747ec060e5b2b0.jpg,0,0,0,0,0,0,0,0,0,0,0,0,1,0,0,1,1,1,0,0,0,0,0,0,0,0,0,0,0,0
car_9fa3d389_jpg.rf.473848479bb63589b51ecc904a8295bb.jpg,0,0,0,0,0,0,0,0,0,0,0,1,0,0,0,1,0,1,0,0,0,0,0,0,0,0,0,0,1,0
car_bfe4b3e7_jpg.rf.d42a89fa106b1b7552fb01357feb1369.jpg,0,0,0,0,0,0,0,0,0,0,0,0,1,0,0,1,0,0,0,0,0,0,1,0,1,0,0,0,0,0
car_d2ea7d95_jpg.rf.ce4936003ef68adb725b4683aec6dae2.jpg,0,0,0,0,0,0,0,0,0,0,1,0,1,0,0,1,0,1,0,0,0,0,0,0,0,0,0,0,0,0
car_a22acf04_jpg.rf.ce3b1f2a20283dd2f30a01f8d30431f6.jpg,0,0,0,0,0,0,0,0,0,0,0,0,0,0,0,1,0,1,0,0,0,0,0,0,0,0,1,0,1,0
car_ab163dba_jpg.rf.dd184ef14146c6872ad8f6f452f3186c.jpg,0,0,0,0,0,0,0,0,0,0,0,0,0,0,0,1,0,0,0,0,0,0,1,0,0,1,0,0,1,0
car_d32b76c3_jpg.rf.ad160c96fe6da61b98e558405b1449fd.jpg,0,0,0,0,0,0,0,0,0,0,0,0,1,0,0,1,0,1,0,0,0,0,0,0,1,0,0,0,0,0
car_cab4d0a3_jpg.rf.16b7cb3b3964dcb14be26e40ba6149c8.jpg,0,0,0,0,0,0,0,1,0,0,0,0,0,0,0,1,0,1,0,0,0,0,0,0,0,0,0,0,1,0
car_9f8947c1_jpg.rf.d413616017b0607f80f446ee5ac7da50.jpg,0,0,0,0,0,0,0,0,0,0,0,0,0,0,0,1,0,1,0,0,1,0,0,0,1,0,0,0,0,0
car_4622b8ac_jpg.rf.8b0888676c72748a1fd3016d9762e8ed.jpg,1,0,0,0,0,0,0,0,0,0,0,0,1,0,0,1,0,1,0,0,0,0,0,0,0,0,0,0,0,0
car_9e2229f2_jpg.rf.cebf10f84c231d3c7a23161140343528.jpg,0,0,0,0,0,0,0,0,0,0,0,0,1,0,0,1,0,1,0,0,0,1,0,0,0,0,0,0,0,0
car_ae6393a7_jpg.rf.9ba40922cc91ec62bc9fe5bf4ebd9598.jpg,0,0,0,0,0,0,0,1,0,0,0,0,1,0,0,1,0,1,0,0,0,0,0,0,0,0,0,0,0,0
car_e9905523_jpg.rf.d5d0c526558fa0d108cb4b2705396434.jpg,0,0,0,0,0,0,0,0,0,0,0,0,0,0,0,1,0,1,0,0,0,0,0,0,1,0,0,0,1,0
car_c1ec7cb4_jpg.rf.e2aa498603e1c99a9dc948c0ee73635b.jpg,0,0,0,1,0,0,0,0,0,0,0,0,0,0,0,1,0,1,0,0,0,0,0,0,0,0,0,0,1,0
car_9ec99249_jpg.rf.5624a710ca43e8af1c866d04f8e3d1e9.jpg,0,0,0,0,0,0,0,0,0,0,0,0,0,1,0,1,0,0,0,0,0,0,1,0,0,0,1,0,0,0
car_cf3999ec_jpg.rf.4401ece8cad3c957a9898cff2c1d396f.jpg,0,0,0,0,0,0,0,0,0,0,0,0,0,0,0,1,1,1,0,0,0,0,0,0,0,0,0,0,1,0
car_ee82faa7_jpg.rf.852005a330f9b36b4841361bd869a264.jpg,0,0,0,0,0,0,0,0,0,0,0,0,0,0,0,1,0,1,0,0,1,0,0,0,1,0,0,0,0,0
car_cfd3c76c_jpg.rf.7ae883794dd27be93e105bfb00b8b8bf.jpg,0,0,0,0,0,0,0,1,0,0,0,0,0,0,0,1,0,1,0,0,0,0,0,0,0,0,0,0,1,0
car_a563861b_jpg.rf.8b0fe1776a9543c85961b314fba93557.jpg,0,0,0,0,0,0,0,0,0,0,0,0,0,0,0,1,0,1,0,0,1,0,0,0,0,0,1,0,0,0
car_a2cf274c_jpg.rf.cdb2b1022207eef73575fa6975087a78.jpg,0,0,0,0,0,0,0,0,0,0,0,0,0,0,0,1,0,1,0,0,0,0,0,0,0,0,1,0,1,0
car_4d404d26_jpg.rf.3507f27c7fff859b81a63d7c5b5a432f.jpg,0,0,0,0,0,0,0,0,0,0,0,0,1,0,0,1,0,1,0,0,0,1,0,0,0,0,0,0,0,0
car_9f6ba109_jpg.rf.8af8502cc023ae7e6373c6c73ad1b927.jpg,0,0,0,0,0,0,0,0,0,0,0,0,0,0,0,1,0,1,0,0,1,0,0,0,0,0,1,0,0,0
car_d2a20d56_jpg.rf.059b11613590e46fbfa1f46a1b026b21.jpg,0,0,0,0,0,0,0,0,0,0,0,0,0,0,0,1,0,1,0,0,0,0,0,0,1,0,0,0,1,0
car_ece19aa6_jpg.rf.e0ab3e494c0edf9389b7aaf7c3e5a61e.jpg,0,0,0,0,0,0,0,0,0,0,0,0,1,0,0,1,0,1,0,0,0,0,0,0,1,0,0,0,0,0
car_ee747b81_jpg.rf.9be83891bd240d1c150e20ab145ed0cc.jpg,0,0,0,0,0,0,0,0,0,0,0,0,0,0,0,1,0,1,0,0,0,0,0,0,0,0,1,0,1,0
car_4db58079_jpg.rf.254c603a0b1d2972d2cd26e563edaa58.jpg,0,0,0,0,0,0,0,0,0,0,0,0,1,0,0,1,1,1,0,0,0,0,0,0,0,0,0,0,0,0
car_4ebffa00_jpg.rf.1158da0a0776d7c40f4a8a09b07150c6.jpg,0,0,0,1,0,0,0,0,0,0,0,0,0,0,0,1,0,1,0,0,1,0,0,0,0,0,0,0,0,0
car_4c278005_jpg.rf.5e9e98b346aeb123ec05debc2c3fdd72.jpg,0,0,0,0,0,0,0,0,0,0,0,0,0,0,0,1,0,1,0,0,1,0,0,0,1,0,0,0,0,0
car_add16b0d_jpg.rf.06cd3565363dca95c341669cb2ccebdb.jpg,0,0,0,0,0,0,0,0,0,0,0,0,1,0,0,1,0,1,0,0,0,1,0,0,0,0,0,0,0,0
car_add3c5c8_jpg.rf.793c55adcf53b8dfad61781276a6a60e.jpg,0,0,0,0,0,0,0,0,0,0,0,0,0,0,0,1,0,1,0,0,1,0,0,0,0,0,1,0,0,0
car_b2ababb1_jpg.rf.bcd7b081db4c03c6518ea67682e1285d.jpg,0,0,0,0,0,0,0,0,0,0,0,0,0,0,0,1,0,1,0,0,1,1,0,0,0,0,0,0,0,0
car_ab580599_jpg.rf.e590ed636ceff03b9ce69514b94ca44c.jpg,0,0,0,0,0,0,0,0,0,0,0,0,0,0,0,1,0,1,0,0,1,0,0,0,0,0,1,0,0,0
car_ec3c849f_jpg.rf.24e52476cef81280d45f18bf9c67b3ff.jpg,0,0,1,0,0,0,0,0,0,0,0,0,1,0,0,1,0,1,0,0,0,0,0,0,0,0,0,0,0,0
car_a1b6edca_jpg.rf.1f228cab3bac715b2487cd8a27644c23.jpg,0,0,0,0,0,0,0,0,0,0,0,0,0,0,0,1,0,1,0,0,1,0,0,0,0,0,1,0,0,0
car_b0750aec_jpg.rf.72224ae8ec3ada03a9b2d64867a2556f.jpg,0,0,0,0,0,0,0,0,0,0,0,0,0,0,0,1,0,1,0,0,1,0,0,0,1,0,0,0,0,0
car_aa33b843_jpg.rf.3ac7d526c6eea71782f6c1255e8af727.jpg,0,0,0,0,0,0,0,0,0,0,0,0,0,0,0,1,0,1,0,0,1,1,0,0,0,0,0,0,0,0
car_ac14b21b_jpg.rf.37073b0de253ad7f634255f3fd18a1f1.jpg,0,0,1,0,0,0,0,0,0,0,0,0,1,0,0,1,0,1,0,0,0,0,0,0,0,0,0,0,0,0
car_b0750aec_jpg.rf.d9dc712384d5ca6c65302ac3a05a1562.jpg,0,0,0,0,0,0,0,0,0,0,0,0,0,0,0,1,0,1,0,0,1,0,0,0,1,0,0,0,0,0
car_c2546122_jpg.rf.706e273804052064450d5aeb521843cb.jpg,0,0,0,0,0,0,0,0,0,0,0,0,1,0,0,1,0,1,0,0,0,1,0,0,0,0,0,0,0,0
car_ab011ecf_jpg.rf.dfa366a27592418eada30820be76ffe6.jpg,0,0,0,0,0,0,0,0,0,0,0,0,0,0,0,1,0,1,0,0,0,0,0,0,1,0,0,0,1,0
car_b19da516_jpg.rf.758a65a51ef16f8f2a6176a57cce7335.jpg,0,0,0,0,0,0,0,0,0,0,0,0,1,0,0,1,0,1,0,0,0,0,0,0,0,0,1,0,0,0
car_cb69ddd1_jpg.rf.63fa0ca5465327fba55ce53c3743c54f.jpg,0,0,0,0,0,0,0,0,0,0,0,0,0,0,0,1,0,0,0,0,0,0,1,0,1,0,0,0,1,0
car_cbaa6ef0_jpg.rf.b092ac7e54c3d8d89b1030d4c1f6e851.jpg,0,0,0,1,0,0,0,0,0,0,0,0,0,0,0,1,0,1,0,0,0,0,0,0,0,0,0,0,1,0
car_c214b311_jpg.rf.16ccf15e403a4f63be21daf0b248aba4.jpg,0,0,0,0,0,0,0,0,0,0,0,0,0,0,0,1,0,1,0,0,1,0,0,0,0,0,1,0,0,0
car_a2b0be67_jpg.rf.501817b7232b661bcbdbaab5df145ac3.jpg,0,0,0,0,0,0,0,0,0,0,0,0,0,0,0,1,1,1,0,0,0,0,0,0,0,0,0,0,1,0
car_d28e29db_jpg.rf.4edb469c1f395c3961502446212bf26f.jpg,0,0,0,0,0,0,0,0,0,0,0,0,0,0,0,1,0,0,0,0,0,0,1,0,1,0,0,0,1,0
car_b1c3c0b8_jpg.rf.6ca4ba7b934354921f8acadcdcc033a6.jpg,0,0,0,0,0,0,0,0,0,0,1,0,1,0,0,1,0,1,0,0,0,0,0,0,0,0,0,0,0,0
car_c47c2a76_jpg.rf.ee34a7f67e0ec81bd452ed471fcd8d5d.jpg,0,0,0,0,0,0,0,0,0,0,1,0,1,0,0,1,0,1,0,0,0,0,0,0,0,0,0,0,0,0
car_c7b79f15_jpg.rf.15029bfdd50fe61f9492e7cf355d754e.jpg,0,0,1,0,0,0,0,0,0,0,0,0,1,0,0,1,0,1,0,0,0,0,0,0,0,0,0,0,0,0
car_c69c4b31_jpg.rf.b4997deadb0fdaa7810bcfb7508d9c7a.jpg,0,0,0,0,0,0,0,0,0,0,0,0,0,0,0,1,0,1,0,0,1,0,0,0,0,1,0,0,0,0
car_c51b829c_jpg.rf.a1379d22c1196cd90f27b1b32ea6edbb.jpg,0,0,0,1,0,0,0,0,0,0,0,0,0,0,0,1,0,0,0,0,0,0,1,0,0,0,0,0,1,0
car_f6d10111_jpg.rf.02bae5ea8a3e3b8a7ab62d4a452a7f01.jpg,0,0,0,0,0,0,0,0,0,0,0,0,0,1,0,1,0,0,0,0,0,0,1,0,1,0,0,0,0,0
car_afe2ea9a_jpg.rf.453dc06d96ef7e70e21bcb7c3a4dffb7.jpg,0,0,0,0,0,0,0,0,0,0,1,0,1,0,0,1,0,1,0,0,0,0,0,0,0,0,0,0,0,0
car_45daac10_jpg.rf.8377456b081648ec7dcc864f85745c21.jpg,0,0,0,0,0,0,0,0,0,0,0,0,1,0,0,1,0,1,0,0,0,0,0,0,1,0,0,0,0,0
car_9ec99249_jpg.rf.5290ed7f9815113cf483ceef4a149fb0.jpg,0,0,0,0,0,0,0,0,0,0,0,0,0,1,0,1,0,0,0,0,0,0,1,0,0,0,1,0,0,0
car_add16b0d_jpg.rf.afc9f95362c80c267055673fe4b6f800.jpg,0,0,0,0,0,0,0,0,0,0,0,0,1,0,0,1,0,1,0,0,0,1,0,0,0,0,0,0,0,0
car_51752249_jpg.rf.68ab5e462d74aecfc95b6693964f5481.jpg,0,0,0,0,0,0,0,0,0,0,0,0,1,0,0,1,0,1,0,0,0,0,0,0,0,0,1,0,0,0
car_aec501b4_jpg.rf.21d708f4d3bf225588aa5c53625eace5.jpg,0,0,0,0,0,0,0,0,0,0,0,0,0,0,0,1,0,1,0,0,0,0,0,0,1,0,0,0,1,0
car_c1fb035f_jpg.rf.144531597e36295b8d06dd5250bcd090.jpg,0,0,0,0,0,0,0,0,0,0,0,0,0,0,0,1,0,1,0,0,1,0,0,0,0,0,1,0,0,0
car_c68fe9e8_jpg.rf.af39b4ddb5aa593057ce967b684be8f4.jpg,0,0,0,0,0,0,0,0,0,0,0,0,1,0,0,1,0,1,0,0,0,0,0,0,0,1,0,0,0,0
car_cab3b37f_jpg.rf.fd43585e8a11ee5de2ab1203baa4896f.jpg,0,0,0,1,0,0,0,0,0,0,0,0,0,0,0,1,0,1,0,0,1,0,0,0,0,0,0,0,0,0
car_a5b4e5c2_jpg.rf.d8ec1b07224a497fd33d004f105872b8.jpg,0,0,0,0,0,0,0,0,0,0,0,1,0,0,0,1,0,1,0,0,0,0,0,0,0,0,0,0,1,0
car_b2166b92_jpg.rf.9850fe2bd9b0e931fe1b6df832528930.jpg,0,0,1,0,0,0,0,0,0,0,0,0,1,0,0,1,0,1,0,0,0,0,0,0,0,0,0,0,0,0
car_452ccc32_jpg.rf.e0bbd3b9bfd787160e37c1e275b1a50c.jpg,0,0,0,0,0,0,0,0,0,0,0,0,0,0,0,1,0,1,0,0,0,0,0,0,0,0,1,0,1,0
car_f8c6d165_jpg.rf.6e35ba5b03844a97711fac7e9bfcc2f2.jpg,0,0,1,0,0,0,0,0,0,0,0,0,1,0,0,1,0,1,0,0,0,0,0,0,0,0,0,0,0,0
car_b423bc92_jpg.rf.dec25b261c13e4599434fcfc2dc87b39.jpg,0,1,0,0,0,0,0,0,0,0,0,0,1,0,0,1,0,1,0,0,0,0,0,0,0,0,0,0,0,0
car_c77ee616_jpg.rf.f9a35d58df7b405352907072791d63aa.jpg,0,0,0,0,0,0,0,0,0,0,0,0,0,0,0,1,0,1,0,0,0,0,0,0,0,1,0,0,1,0
car_b19da516_jpg.rf.1d3495cd2e0a8ee3a3b17f4976d76f18.jpg,0,0,0,0,0,0,0,0,0,0,0,0,1,0,0,1,0,1,0,0,0,0,0,0,0,0,1,0,0,0
car_a36f3c15_jpg.rf.508ea9cc9d99dfa006972fe476a1303b.jpg,0,0,0,0,0,0,0,0,0,0,0,0,1,0,0,1,0,1,0,0,0,1,0,0,0,0,0,0,0,0
car_fa393743_jpg.rf.710f748bdb34713ce0761a1ae940a0d7.jpg,0,0,0,0,0,0,0,0,0,0,0,0,1,0,0,1,0,1,0,0,0,1,0,0,0,0,0,0,0,0
car_c59e0227_jpg.rf.57e31cb210ac69af056018260cce8569.jpg,0,0,0,1,0,0,0,0,0,0,0,0,1,0,0,1,0,1,0,0,0,0,0,0,0,0,0,0,0,0
car_9e70ca18_jpg.rf.3c0a4928d5c710f5ae826774f3099a4c.jpg,0,0,0,0,0,0,0,0,0,0,0,0,1,0,0,1,1,1,0,0,0,0,0,0,0,0,0,0,0,0
car_f7d36978_jpg.rf.f81344e07be31feaf10ffa14a4da5944.jpg,0,0,0,0,0,0,0,0,0,0,0,0,0,0,0,1,0,1,0,0,0,0,0,0,0,0,1,0,1,0
car_b37d24ec_jpg.rf.ddf9bc29159af413598fc635eccf325b.jpg,0,0,0,0,0,0,0,0,0,0,0,0,1,0,0,1,0,1,0,0,0,0,0,0,1,0,0,0,0,0
car_b7acfed8_jpg.rf.b262061aec3953d0a9dbf20e60d2e4c0.jpg,0,0,0,1,0,0,0,0,0,0,0,0,0,0,0,1,0,1,0,0,1,0,0,0,0,0,0,0,0,0
car_cb1e8c45_jpg.rf.5de95d3e5c86ee2db24216af54a0aa88.jpg,0,0,0,0,0,0,0,0,0,0,0,0,0,0,0,1,1,1,0,0,0,0,0,0,0,0,0,0,1,0
car_b41a7125_jpg.rf.c35d90c8d15ef6985735d85750dcd7e0.jpg,0,0,0,0,0,0,0,0,0,0,0,0,0,0,0,1,0,1,0,0,0,0,0,0,0,0,1,0,1,0
car_9f6ba109_jpg.rf.dda3a1f98249a855fe7350649a9dd3f9.jpg,0,0,0,0,0,0,0,0,0,0,0,0,0,0,0,1,0,1,0,0,1,0,0,0,0,0,1,0,0,0
car_b423bc92_jpg.rf.67321b65da22e70e884938cb3de68268.jpg,0,1,0,0,0,0,0,0,0,0,0,0,1,0,0,1,0,1,0,0,0,0,0,0,0,0,0,0,0,0
car_b1c3c0b8_jpg.rf.57789f9fe8e150007be760b390e4a18c.jpg,0,0,0,0,0,0,0,0,0,0,1,0,1,0,0,1,0,1,0,0,0,0,0,0,0,0,0,0,0,0
car_56a6007b_jpg.rf.09dead21fd0f78c44676b0659ba050c0.jpg,0,0,0,0,0,0,0,0,0,0,0,0,0,0,0,1,0,1,0,0,0,0,0,0,1,0,0,0,1,0
car_0499a860_jpg.rf.9b0009fcf60e509fa3ae5d8be2ba5d5d.jpg,0,0,0,0,0,0,0,0,0,0,0,0,0,0,0,1,0,1,0,0,1,0,0,0,0,0,1,0,0,0
car_5b0765bf_jpg.rf.a9dcb69e8cf230bd881b1c38ac3707d5.jpg,0,0,0,0,0,0,0,0,0,0,0,0,0,0,0,1,0,1,0,0,0,0,0,0,0,0,1,0,1,0
car_bfa5cd29_jpg.rf.2f0a66530b6c94540f92181e1b8293a2.jpg,0,0,0,0,0,0,0,0,0,0,0,0,0,0,0,1,0,1,0,0,1,0,0,0,1,0,0,0,0,0
car_c1ec7cb4_jpg.rf.6023f12d65d9055117e7de552708d44f.jpg,0,0,0,1,0,0,0,0,0,0,0,0,0,0,0,1,0,1,0,0,0,0,0,0,0,0,0,0,1,0
car_a41ed18f_jpg.rf.b7028b9541f1cda476fa45d928435e4c.jpg,0,0,0,0,0,0,0,0,0,0,0,0,0,0,0,1,0,1,0,0,0,0,0,0,0,0,1,0,1,0
car_b81b8bc8_jpg.rf.bd78e077cfe615f853c3706b8fbecc36.jpg,0,0,0,0,0,0,0,0,0,0,0,0,0,0,0,1,1,1,0,0,0,0,0,0,0,0,0,0,1,0
car_b4be2f86_jpg.rf.d1c628f665ca2ba10763849c1bb3ee99.jpg,0,0,0,1,0,0,0,0,0,0,0,0,0,0,0,1,0,0,0,0,0,0,1,0,0,0,0,0,1,0
car_c15fe189_jpg.rf.acffe2e9bfcc9023014a74e68430eb90.jpg,0,0,0,0,0,0,0,0,0,0,0,0,1,0,0,1,0,1,0,0,0,0,0,0,1,0,0,0,0,0
car_a2cf274c_jpg.rf.09a14f2749e126afccb5e33f31d630be.jpg,0,0,0,0,0,0,0,0,0,0,0,0,0,0,0,1,0,1,0,0,0,0,0,0,0,0,1,0,1,0
car_c214b311_jpg.rf.130f04722f7ec64c3630001344e1b1cf.jpg,0,0,0,0,0,0,0,0,0,0,0,0,0,0,0,1,0,1,0,0,1,0,0,0,0,0,1,0,0,0
car_921afab3_jpg.rf.aec491344f23c2aaf7a0809ab822e77e.jpg,0,0,1,0,0,0,0,0,0,0,0,0,1,0,0,1,0,1,0,0,0,0,0,0,0,0,0,0,0,0
car_b19da516_jpg.rf.9f7b1839a28f9bb9874ad7a0debe9c1d.jpg,0,0,0,0,0,0,0,0,0,0,0,0,1,0,0,1,0,1,0,0,0,0,0,0,0,0,1,0,0,0
car_ab580599_jpg.rf.7a26b6394cf7040304da8f5b4b518765.jpg,0,0,0,0,0,0,0,0,0,0,0,0,0,0,0,1,0,1,0,0,1,0,0,0,0,0,1,0,0,0
car_bfe4b3e7_jpg.rf.de972c512fbd8a47a535f2bfc416bb57.jpg,0,0,0,0,0,0,0,0,0,0,0,0,1,0,0,1,0,0,0,0,0,0,1,0,1,0,0,0,0,0
car_b2166b92_jpg.rf.6c17b7388a8f39e71446c6cb30fcdc01.jpg,0,0,1,0,0,0,0,0,0,0,0,0,1,0,0,1,0,1,0,0,0,0,0,0,0,0,0,0,0,0
car_a22acf04_jpg.rf.93775a4b6d4528f543eed7c42dc9ba52.jpg,0,0,0,0,0,0,0,0,0,0,0,0,0,0,0,1,0,1,0,0,0,0,0,0,0,0,1,0,1,0
car_a5c1a578_jpg.rf.91e69a2c67ca02d59a7dfdc6b96f31a8.jpg,0,0,0,0,0,0,0,0,0,0,0,0,0,0,0,1,0,1,0,0,0,0,0,0,0,0,1,0,1,0
car_a1b6edca_jpg.rf.d54aafa53f4bf70d9f1f1376ad9cd825.jpg,0,0,0,0,0,0,0,0,0,0,0,0,0,0,0,1,0,1,0,0,1,0,0,0,0,0,1,0,0,0
car_5b93cf37_jpg.rf.59bbd567ad0acdf6d7671269cfdb78a8.jpg,0,0,0,0,0,0,0,0,0,0,0,0,0,0,0,1,0,1,0,0,1,0,0,0,0,0,1,0,0,0
car_06d283c9_jpg.rf.6aed5835bd90e996da3c09e19b65f9c9.jpg,0,0,0,0,0,0,0,1,0,0,0,0,0,0,0,1,0,1,0,0,0,0,0,0,0,0,0,0,1,0
car_a2eb27e3_jpg.rf.b51a19f37942a3c1b7ae152acfd32205.jpg,0,0,0,1,0,0,0,0,0,0,0,0,0,0,0,1,0,1,0,0,1,0,0,0,0,0,0,0,0,0
car_ab011ecf_jpg.rf.db27925def8acf504615a024a006e5db.jpg,0,0,0,0,0,0,0,0,0,0,0,0,0,0,0,1,0,1,0,0,0,0,0,0,1,0,0,0,1,0
car_05d7abfc_jpg.rf.de54658a3b81db607201f4b634e995af.jpg,0,0,0,0,0,0,0,0,0,0,0,0,1,0,0,1,0,1,0,0,0,0,0,0,0,1,0,0,0,0
car_6b9bc84b_jpg.rf.30e1e3eed08bf9cacc55c0c1813634c2.jpg,0,0,0,0,0,0,0,0,0,0,0,0,0,0,0,1,1,1,0,0,0,0,0,0,0,0,0,0,1,0
car_36cb64e2_jpg.rf.dbd9d8fbe473fc6cbab9ea6399ce2c9d.jpg,0,0,0,1,0,0,0,0,0,0,0,0,1,0,0,1,0,1,0,0,0,0,0,0,0,0,0,0,0,0
car_353e5704_jpg.rf.6ae1c74c73bc8ea705dfffc79af21bb5.jpg,0,0,0,0,0,0,0,0,0,0,0,0,0,0,0,1,0,1,0,0,1,0,0,0,0,1,0,0,0,0
car_b0750aec_jpg.rf.f8797e2ce9ec20fc7addf82c19403768.jpg,0,0,0,0,0,0,0,0,0,0,0,0,0,0,0,1,0,1,0,0,1,0,0,0,1,0,0,0,0,0
car_b864b245_jpg.rf.558596ff089c79e045601979bc9833de.jpg,0,0,0,0,0,0,0,0,0,0,1,0,1,0,0,1,0,1,0,0,0,0,0,0,0,0,0,0,0,0
car_6779aa88_jpg.rf.9dc298425cdeb5d33500084a697badd4.jpg,0,0,0,0,0,0,0,1,0,0,0,0,0,0,0,1,0,0,0,0,0,0,1,0,0,0,0,0,1,0
car_b37d24ec_jpg.rf.a7c7f76b4a4bfe1f963868b698f876fb.jpg,0,0,0,0,0,0,0,0,0,0,0,0,1,0,0,1,0,1,0,0,0,0,0,0,1,0,0,0,0,0
car_bdb8f489_jpg.rf.b2b5d19042f51946a0399dc4f3ca0900.jpg,0,0,0,1,0,0,0,0,0,0,0,0,0,0,0,1,0,1,0,0,0,0,0,0,0,0,0,0,1,0
car_b2ababb1_jpg.rf.a7e9f517d6469a0a200ede147aac9596.jpg,0,0,0,0,0,0,0,0,0,0,0,0,0,0,0,1,0,1,0,0,1,1,0,0,0,0,0,0,0,0
car_b41a7125_jpg.rf.6996cfb8a265356ee3ee4dcad27f6705.jpg,0,0,0,0,0,0,0,0,0,0,0,0,0,0,0,1,0,1,0,0,0,0,0,0,0,0,1,0,1,0
car_05318562_jpg.rf.395bade2afb46a6bcc78a3b535d94151.jpg,0,0,0,0,0,0,0,0,0,0,0,0,0,0,0,1,0,1,0,0,1,0,0,0,0,0,1,0,0,0
car_5817927a_jpg.rf.e6fe381182dd1dac13157d49cfcda650.jpg,0,0,0,0,0,0,0,0,0,0,1,0,0,0,0,1,0,1,0,0,1,0,0,0,0,0,0,0,0,0
car_014d3a50_jpg.rf.704a7e4f3e91e023596e4aaf4213b1c8.jpg,0,0,0,0,0,0,0,0,0,0,0,0,0,1,0,1,0,1,0,0,0,0,0,0,0,0,1,0,0,0
car_05860335_jpg.rf.7537a3b0ba3875453b2cc72dbc24f0c7.jpg,0,0,0,0,0,0,0,0,0,0,0,0,1,0,0,1,0,1,0,0,0,0,0,0,0,0,1,0,0,0
car_a8a48569_jpg.rf.6071e4b2ac960fc276c08183f0011a52.jpg,0,0,0,0,0,0,0,0,0,0,0,0,1,0,0,1,0,1,0,0,0,1,0,0,0,0,0,0,0,0
car_94d5f09a_jpg.rf.0503b45c9b2c2ce21cd8deabbe9b2d2d.jpg,0,0,0,0,0,1,0,0,0,0,0,0,0,0,0,1,0,1,0,0,1,0,0,0,0,0,0,0,0,0
car_06b26754_jpg.rf.90be47e421a4a729758234a7330af874.jpg,0,0,0,0,0,0,0,0,0,0,1,0,1,0,0,1,0,1,0,0,0,0,0,0,0,0,0,0,0,0
car_c1596cfa_jpg.rf.293812c702fad64a01f47a901487e84e.jpg,0,0,0,0,0,0,0,0,0,0,0,0,0,0,0,1,0,1,0,0,0,0,0,0,0,0,1,0,1,0
car_ba91b9ab_jpg.rf.841b3d1ee395eb554ade5933b87e1516.jpg,0,0,0,0,0,0,0,0,0,0,0,0,0,0,1,1,0,0,0,0,0,0,1,0,0,0,1,0,0,0
car_46932e50_jpg.rf.de6b066c3b5ae698125f07f9d67f5334.jpg,0,0,0,0,0,0,0,0,0,0,0,0,0,0,0,1,0,1,0,0,0,0,0,0,0,0,1,0,1,0
car_5d46b35f_jpg.rf.ae7496b4b618695ccb872d9521294bbf.jpg,0,0,0,0,0,0,0,0,0,0,0,0,1,0,0,1,0,1,0,0,0,0,0,0,0,1,0,0,0,0
car_3b6fd9c8_jpg.rf.d16e7c39d6becac85526fdce4c2e5482.jpg,0,0,0,0,0,0,0,0,0,0,0,0,0,0,0,1,0,1,0,0,0,0,0,0,0,0,1,0,1,0
car_b49936dc_jpg.rf.ef886036de1301177cf0fa4d90441cc9.jpg,0,0,0,0,0,0,0,0,0,0,0,0,0,0,0,1,0,1,0,0,0,0,0,0,0,0,1,0,1,0
car_f1b4a907_jpg.rf.f00cc30ebe8b8f74276dc7a4a78d72de.jpg,0,0,0,0,0,0,0,0,0,0,1,0,0,0,0,1,0,1,0,0,0,0,0,0,0,0,0,0,1,0
car_c2546122_jpg.rf.3f4b6f3a81d2c998c47d027122c269d0.jpg,0,0,0,0,0,0,0,0,0,0,0,0,1,0,0,1,0,1,0,0,0,1,0,0,0,0,0,0,0,0
car_6af1cf6d_jpg.rf.d28ea6b3a95637a59cc2a546e6e3e422.jpg,0,0,0,0,0,0,0,0,0,0,0,0,0,0,0,1,0,1,0,0,0,0,0,0,0,0,1,0,1,0
car_3c2cc767_jpg.rf.cdceab34c092d6aa6cd65d578019d164.jpg,0,0,0,0,0,0,0,0,0,0,0,0,0,0,0,1,0,1,0,0,0,0,0,0,0,0,1,0,1,0
car_569a9b23_jpg.rf.0d6c1de6cd674e92ead59c651655a100.jpg,0,0,0,0,0,0,0,0,0,0,0,0,1,0,0,1,0,1,0,0,0,1,0,0,0,0,0,0,0,0
car_a5b4e5c2_jpg.rf.9082710d07417f59dfc4a2dd154d40e9.jpg,0,0,0,0,0,0,0,0,0,0,0,1,0,0,0,1,0,1,0,0,0,0,0,0,0,0,0,0,1,0
car_ae6393a7_jpg.rf.4fd8f12ef799c8f61572ca9b1983637b.jpg,0,0,0,0,0,0,0,1,0,0,0,0,1,0,0,1,0,1,0,0,0,0,0,0,0,0,0,0,0,0
car_01933681_jpg.rf.17c5583f1253c6693661c43b6c15df1d.jpg,0,0,0,0,0,0,0,0,0,0,0,0,1,0,0,1,0,1,0,0,0,0,0,0,0,1,0,0,0,0
car_3c046044_jpg.rf.f80bc9fe7a4ff2b1c67052ce2e8eece8.jpg,0,0,0,0,0,0,0,0,0,0,0,0,0,0,0,1,0,1,0,0,1,0,0,0,1,0,0,0,0,0
car_5f63c37a_jpg.rf.0f42a038cdcd2d0d6cd75d1bf2abf624.jpg,0,0,0,1,0,0,0,0,0,0,0,0,1,0,0,1,0,1,0,0,0,0,0,0,0,0,0,0,0,0
car_c47c2a76_jpg.rf.f59501929113bff67c3a068e193e2b31.jpg,0,0,0,0,0,0,0,0,0,0,1,0,1,0,0,1,0,1,0,0,0,0,0,0,0,0,0,0,0,0
car_62bca7bc_jpg.rf.1955559839bee7159f5ec6c427800004.jpg,0,0,0,0,0,0,0,0,0,0,1,0,1,0,0,1,0,1,0,0,0,0,0,0,0,0,0,0,0,0
car_3a7702c2_jpg.rf.6b0d4a5beab2e27bdcfbd8746a93da62.jpg,0,0,0,0,0,0,0,0,0,0,1,0,1,0,0,1,0,1,0,0,0,0,0,0,0,0,0,0,0,0
car_cb69ddd1_jpg.rf.0d11e628b69fc9e6b9ab6f74ddbb91d2.jpg,0,0,0,0,0,0,0,0,0,0,0,0,0,0,0,1,0,0,0,0,0,0,1,0,1,0,0,0,1,0
car_51752249_jpg.rf.9354a206051e3f12efc47276de7a1137.jpg,0,0,0,0,0,0,0,0,0,0,0,0,1,0,0,1,0,1,0,0,0,0,0,0,0,0,1,0,0,0
car_010b903f_jpg.rf.534525ed18782bc3aad8cb8e40c6bca3.jpg,0,0,0,0,0,1,0,0,0,0,0,0,1,0,0,1,0,1,0,0,0,0,0,0,0,0,0,0,0,0
car_37401aa7_jpg.rf.b1b1e3e180e3a4c15d80d6b2affdd4b3.jpg,0,0,0,0,0,0,0,0,0,0,0,0,0,0,0,1,0,1,0,0,0,0,0,1,1,0,0,0,0,0
car_b5690cbc_jpg.rf.2e8c3612d16ed7d3996ebc0d6e215d02.jpg,0,0,0,0,0,0,0,0,0,0,0,0,0,0,0,1,0,1,0,0,0,0,0,0,0,0,1,0,1,0
car_bfd551e9_jpg.rf.e07eb78c169aa8b95fc3cae588ef8280.jpg,0,0,0,0,0,0,0,0,0,0,0,0,0,0,0,1,0,1,0,0,1,0,0,0,1,0,0,0,0,0
car_3de34241_jpg.rf.7c03aafb25af36eddb7b6ed3f1bf0c38.jpg,0,0,1,0,0,0,0,0,0,0,0,0,1,0,0,1,0,1,0,0,0,0,0,0,0,0,0,0,0,0
car_571bb4f4_jpg.rf.90e503b4827ccb4c56f1ff7faf7239bd.jpg,0,0,0,0,0,0,0,0,0,0,0,0,1,0,0,1,0,1,0,0,0,1,0,0,0,0,0,0,0,0
car_364227eb_jpg.rf.6889372d02ced6f2c58bf8b2a312d85c.jpg,0,0,0,0,0,0,0,0,0,0,0,0,0,0,0,1,0,1,0,0,1,0,0,0,1,0,0,0,0,0
car_021c2b57_jpg.rf.850005157c27300461aa137dae44c10f.jpg,0,0,0,1,0,0,0,0,0,0,0,0,1,0,0,1,0,1,0,0,0,0,0,0,0,0,0,0,0,0
car_4622b8ac_jpg.rf.5c8ad02bc8d15dc4cfbb016aefb05460.jpg,1,0,0,0,0,0,0,0,0,0,0,0,1,0,0,1,0,1,0,0,0,0,0,0,0,0,0,0,0,0
car_a366a438_jpg.rf.f3d0eb57ff98688dddbf97bf01acaab3.jpg,0,0,0,0,0,1,0,0,0,0,0,0,0,0,0,1,0,0,0,0,0,0,1,0,0,0,0,0,1,0
car_3d21fa2d_jpg.rf.e7f986d2acc9344328c4c8cffe4779b4.jpg,0,0,0,0,0,0,0,0,0,0,0,0,1,0,0,1,0,1,0,0,0,0,0,0,1,0,0,0,0,0
car_6a35665f_jpg.rf.f1cddde127e1b42296a1e4b7d4f2425b.jpg,0,0,0,0,0,0,0,0,0,0,0,0,0,1,0,1,0,1,0,0,0,0,0,0,0,0,1,0,0,0
car_1b922880_jpg.rf.be6e895a62675cccac7b519fac54ff57.jpg,0,0,0,0,0,0,0,0,0,0,0,0,0,0,0,1,0,1,0,0,1,0,0,0,0,0,1,0,0,0
car_6823633b_jpg.rf.f3dab4c6d200e7be9567c02e736052d7.jpg,0,0,1,0,0,0,0,0,0,0,0,0,0,0,0,1,0,1,0,0,1,0,0,0,0,0,0,0,0,0
car_be2237ef_jpg.rf.7f3adb0c2dd0d4fa4f1409c6356f422a.jpg,0,0,0,0,0,0,0,0,0,0,0,0,0,0,0,1,0,1,0,0,0,0,0,0,0,1,0,0,1,0
car_68c14d6c_jpg.rf.c0d67080a5b14fcb9be950e5da7ff475.jpg,0,0,0,0,0,0,0,0,0,0,0,0,1,0,0,1,0,1,0,0,0,1,0,0,0,0,0,0,0,0
car_0715e18a_jpg.rf.4f9cf7e1cc303efcff96e7b713c0de9c.jpg,0,0,0,0,0,0,0,0,0,0,0,0,1,0,0,1,0,1,0,0,0,0,0,0,1,0,0,0,0,0
car_679f6dd6_jpg.rf.0a65ba10a7292d4cc60209885c87e2ac.jpg,0,0,0,0,0,0,0,0,0,0,0,0,0,0,0,1,0,1,0,0,0,0,0,0,0,0,1,0,1,0
car_aec501b4_jpg.rf.aa3d22664dd5b98afba6e1c24ffe6ec4.jpg,0,0,0,0,0,0,0,0,0,0,0,0,0,0,0,1,0,1,0,0,0,0,0,0,1,0,0,0,1,0
car_3a73d7f7_jpg.rf.dfc23030b9fb85d44e5eb18aab889af9.jpg,0,0,0,0,0,0,0,0,0,0,0,0,1,0,0,1,1,1,0,0,0,0,0,0,0,0,0,0,0,0
car_52295285_jpg.rf.fd051d04fb31043541ff97af8be158a9.jpg,0,0,1,0,0,0,0,0,0,0,0,0,1,0,0,1,0,0,0,0,0,0,1,0,0,0,0,0,0,0
car_45daac10_jpg.rf.958402ce0a696b171a60d9d0cd5d901c.jpg,0,0,0,0,0,0,0,0,0,0,0,0,1,0,0,1,0,1,0,0,0,0,0,0,1,0,0,0,0,0
car_aa33b843_jpg.rf.c39deac9a1e20b5f469df9c035b9587b.jpg,0,0,0,0,0,0,0,0,0,0,0,0,0,0,0,1,0,1,0,0,1,1,0,0,0,0,0,0,0,0
car_afe2ea9a_jpg.rf.bc17b232be3b66baa452677c7036b108.jpg,0,0,0,0,0,0,0,0,0,0,1,0,1,0,0,1,0,1,0,0,0,0,0,0,0,0,0,0,0,0
car_0269392c_jpg.rf.ba48fb979f8f7e2880081a88a25a5b77.jpg,0,0,0,1,0,0,0,0,0,0,0,0,0,0,0,1,0,1,0,0,1,0,0,0,0,0,0,0,0,0
car_026c7495_jpg.rf.5913273e9a34f9cb5edbe5b527e59151.jpg,0,0,0,0,0,0,0,0,0,0,0,0,0,0,0,1,0,1,0,0,1,0,0,0,1,0,0,0,0,0
car_0a9e0ed6_jpg.rf.defce405baac882e4e14c42bd77fe2ce.jpg,0,0,0,0,0,0,0,0,0,0,0,0,0,0,0,1,1,1,0,0,0,0,0,0,0,0,0,0,1,0
car_035a274a_jpg.rf.07c195bca1e641f4da7e489bd5e71197.jpg,0,0,0,0,0,0,0,0,0,0,0,0,1,0,0,1,0,1,0,0,0,0,0,0,0,0,1,0,0,0
car_6d8f5155_jpg.rf.48c38c812b8e611c41d54a3d267d7350.jpg,0,0,0,0,0,0,0,0,0,0,0,0,0,0,0,1,0,1,0,0,1,0,0,0,0,0,1,0,0,0
car_452ccc32_jpg.rf.e817e641615da5eab117105c65eaf810.jpg,0,0,0,0,0,0,0,0,0,0,0,0,0,0,0,1,0,1,0,0,0,0,0,0,0,0,1,0,1,0
car_a8a01c8f_jpg.rf.2130f89310a3acc0640b494a192c2bc2.jpg,0,0,0,0,0,0,0,0,0,0,0,0,0,0,1,1,0,1,0,0,0,0,0,0,0,0,1,0,0,0
car_c69c4b31_jpg.rf.372e1f7b6528ab3f191ac2e2df001067.jpg,0,0,0,0,0,0,0,0,0,0,0,0,0,0,0,1,0,1,0,0,1,0,0,0,0,1,0,0,0,0
car_3f01b0dc_jpg.rf.c56a8ef708b104a0ee3bc7c0e696bf12.jpg,0,0,0,0,0,0,0,0,0,0,1,0,0,0,0,1,0,1,0,0,0,0,0,0,0,0,0,0,1,0
car_c1fb035f_jpg.rf.329c63283125efefb4c47f79dfd5e66a.jpg,0,0,0,0,0,0,0,0,0,0,0,0,0,0,0,1,0,1,0,0,1,0,0,0,0,0,1,0,0,0
car_1d4ea261_jpg.rf.4c1c9d29f70a2777c5320844d09ba45a.jpg,0,0,0,0,0,0,0,0,0,0,0,0,0,0,0,1,0,1,0,0,0,0,0,0,0,0,1,0,1,0
car_03682986_jpg.rf.111f85d1f170fdf39e9cdee2fb7ddf12.jpg,0,0,0,0,0,0,0,0,0,0,1,0,1,0,0,1,0,1,0,0,0,0,0,0,0,0,0,0,0,0
car_c51b829c_jpg.rf.15e0a878564ffc87fa5d223381997ec1.jpg,0,0,0,1,0,0,0,0,0,0,0,0,0,0,0,1,0,0,0,0,0,0,1,0,0,0,0,0,1,0
car_64bc5216_jpg.rf.1647a6b730ea7f4e77378cf784bb29b8.jpg,0,0,0,0,0,0,0,0,0,0,0,0,0,0,0,1,0,1,0,0,1,1,0,0,0,0,0,0,0,0
car_41ab6dc2_jpg.rf.d5471416ca3ecad56838318359d5a667.jpg,0,0,0,0,0,0,0,0,0,0,0,0,0,0,0,1,0,1,0,0,1,0,0,0,0,0,1,0,0,0
car_a563861b_jpg.rf.15a2cd03e300058ce6ba129051d7ca49.jpg,0,0,0,0,0,0,0,0,0,0,0,0,0,0,0,1,0,1,0,0,1,0,0,0,0,0,1,0,0,0
car_ab163dba_jpg.rf.3b8d71135f9f999197e7b8c2bde3614e.jpg,0,0,0,0,0,0,0,0,0,0,0,0,0,0,0,1,0,0,0,0,0,0,1,0,0,1,0,0,1,0
car_04459170_jpg.rf.1bfc4fa98c884ceae1ce5dd033d0aed7.jpg,0,0,0,0,0,0,0,0,0,0,0,1,0,1,0,1,0,1,0,0,0,0,0,0,0,0,0,0,0,0
car_036cc52a_jpg.rf.5eca2587fd65160820a174998de55a1b.jpg,0,0,0,0,0,0,0,0,0,0,0,0,1,0,0,1,0,1,0,0,0,0,0,0,1,0,0,0,0,0
car_567d1963_jpg.rf.138937a581e644d96e22dda79a5a2c33.jpg,0,0,0,0,0,0,0,0,0,0,0,0,0,0,0,1,0,1,0,0,0,0,0,0,1,0,0,0,1,0
car_c68fe9e8_jpg.rf.104ff7eecae958979a797609b9aadbcc.jpg,0,0,0,0,0,0,0,0,0,0,0,0,1,0,0,1,0,1,0,0,0,0,0,0,0,1,0,0,0,0
car_06e53747_jpg.rf.0ecfad83193ccf490eb362c8bf49d471.jpg,0,0,0,0,0,0,0,0,0,0,0,0,0,0,0,1,0,1,0,0,0,0,0,1,0,0,1,0,0,0
car_087c7bea_jpg.rf.58eed35ac5754c5314ce25d765fc187c.jpg,0,0,0,0,0,0,0,0,0,0,0,0,1,0,0,1,0,1,0,0,0,0,0,0,0,1,0,0,0,0
car_add3c5c8_jpg.rf.3fabd16716d298cbb2d957557a164237.jpg,0,0,0,0,0,0,0,0,0,0,0,0,0,0,0,1,0,1,0,0,1,0,0,0,0,0,1,0,0,0
car_a2b0be67_jpg.rf.3b5d47ce882f71487acf782ff8d68bfc.jpg,0,0,0,0,0,0,0,0,0,0,0,0,0,0,0,1,1,1,0,0,0,0,0,0,0,0,0,0,1,0
car_c59e0227_jpg.rf.848ac0571b574ee494a0c56a0a57fdfe.jpg,0,0,0,1,0,0,0,0,0,0,0,0,1,0,0,1,0,1,0,0,0,0,0,0,0,0,0,0,0,0
car_c77ee616_jpg.rf.f7420be294b743caba33fd4337c3f39c.jpg,0,0,0,0,0,0,0,0,0,0,0,0,0,0,0,1,0,1,0,0,0,0,0,0,0,1,0,0,1,0
car_1c4abfd4_jpg.rf.d8bb1ee86b7e4f40b6728b9fb0dbf931.jpg,0,0,0,0,0,0,0,0,0,0,0,0,0,0,0,1,0,1,0,0,1,0,0,0,1,0,0,0,0,0
car_3878986f_jpg.rf.f0ba3beb1d2f2ec253ac44074da144cd.jpg,0,0,0,0,0,0,0,0,0,0,0,0,1,0,0,1,1,1,0,0,0,0,0,0,0,0,0,0,0,0
car_64a7e9e5_jpg.rf.cf06c58aec5659d0698bb4311cab9c5c.jpg,0,0,0,0,0,0,0,0,0,0,0,0,0,0,0,1,0,0,0,0,1,0,1,0,1,0,0,0,0,0
car_d814f554_jpg.rf.2de7c80225fd8ba57c8a355d19b491eb.jpg,0,0,0,0,0,0,0,0,0,0,0,0,0,0,0,1,0,1,0,0,1,0,0,0,1,0,0,0,0,0
car_d8226025_jpg.rf.1905e7a5032ffc1a953fdaaf2b8d2b14.jpg,0,0,0,0,0,0,0,0,0,0,0,0,0,0,0,1,0,1,0,0,1,0,0,0,1,0,0,0,0,0
car_048015be_jpg.rf.6b54842b34e6be910f8ad966140d8536.jpg,0,0,0,0,0,0,0,0,0,0,0,0,0,0,0,1,0,1,0,0,0,0,0,0,0,0,1,0,0,1
car_39d94121_jpg.rf.002a00536269fdc46cd26f31f28ce3ba.jpg,0,0,0,0,0,0,0,0,0,0,0,0,1,0,0,1,0,1,0,0,0,0,0,0,0,1,0,0,0,0
car_5326a9b0_jpg.rf.09a042bcfd12725a96f2a39070f96e28.jpg,0,0,0,0,0,0,0,0,0,0,0,0,0,0,0,1,0,1,0,0,0,0,0,1,0,0,1,0,0,0
car_d831b762_jpg.rf.e8aee416c58f5243533f6ca21ba32479.jpg,0,0,0,0,0,0,0,0,0,0,0,0,1,0,0,1,0,1,0,0,0,1,0,0,0,0,0,0,0,0
car_0daa884f_jpg.rf.88d188ee3385dabe2df7396156119a48.jpg,0,0,0,0,0,0,0,1,0,0,0,0,1,0,0,1,0,1,0,0,0,0,0,0,0,0,0,0,0,0
car_67ad29c0_jpg.rf.b09aa2f3a9e5ee6fa70376f66b33074e.jpg,0,0,0,0,0,0,0,0,0,0,0,0,0,0,0,1,0,1,0,0,0,0,0,0,1,0,0,0,1,0
car_6442aa63_jpg.rf.8e847cd94a1356b634a69786c11d4fc3.jpg,0,0,0,0,0,0,0,0,0,0,0,0,1,0,0,1,0,1,0,0,0,0,0,0,0,0,1,0,0,0
car_0392c0f5_jpg.rf.8d5186f931e905d97f68ca27bd1a8801.jpg,0,0,0,0,0,0,0,0,0,0,0,0,0,0,0,1,0,1,0,0,1,0,0,0,0,0,1,0,0,0
car_ce2eab2b_jpg.rf.09d93b23d967962de04e8ff8b5a7a1a6.jpg,0,0,0,0,0,0,0,0,0,0,0,0,1,0,0,1,0,1,0,0,0,0,0,0,0,1,0,0,0,0
car_11fe22ed_jpg.rf.14d09c403a726b3b0782ed076031a1a3.jpg,0,0,0,0,0,0,0,1,0,0,0,0,0,0,0,1,0,1,0,0,0,0,0,0,0,0,0,0,1,0
car_6bc11afd_jpg.rf.45f20341d9492a6bbb20eb733561a91a.jpg,0,0,0,0,0,0,0,0,0,0,0,0,0,0,1,1,0,1,0,0,0,0,0,0,1,0,0,0,0,0
car_52c0fbad_jpg.rf.4a8c3cb357f9767a0d0cadea9eb494cd.jpg,0,0,0,0,0,0,0,1,0,0,0,0,1,0,0,1,0,1,0,0,0,0,0,0,0,0,0,0,0,0
car_ac14b21b_jpg.rf.cdf888b27b27f587cb68e4c704a2d58a.jpg,0,0,1,0,0,0,0,0,0,0,0,0,1,0,0,1,0,1,0,0,0,0,0,0,0,0,0,0,0,0
car_11fba8b8_jpg.rf.40f8ddddd13fea0b2def26d41ebdeab9.jpg,0,0,0,1,0,0,0,0,0,0,0,0,0,0,0,1,0,1,0,0,0,0,0,0,0,0,0,0,1,0
car_1999e36d_jpg.rf.55de3a07941df99064cbf24b5eec20d7.jpg,0,0,0,0,0,0,0,1,0,0,0,0,0,0,0,1,0,1,0,0,1,0,0,0,0,0,0,0,0,0
car_1c337a8b_jpg.rf.3781d6a24a03377222562261f9ada579.jpg,0,0,0,0,0,0,0,0,0,0,0,0,0,0,0,1,0,1,0,0,0,0,0,0,0,0,1,0,1,0
car_3fc570e1_jpg.rf.ca826e87b8f92bc84418a15bdb9a2d40.jpg,0,0,0,0,0,0,0,0,0,0,0,0,1,0,0,1,0,1,0,0,0,0,0,0,0,1,0,0,0,0
car_498ba975_jpg.rf.86f8f807cc85590fd2c23616c5f48a23.jpg,0,0,0,0,0,0,0,0,0,0,0,0,1,0,0,1,0,0,0,0,0,1,1,0,0,0,0,0,0,0
car_20011094_jpg.rf.1a968be003e1a733b07f6046759d705c.jpg,0,0,0,0,0,0,0,0,0,0,0,0,1,0,0,1,1,1,0,0,0,0,0,0,0,0,0,0,0,0
car_606bf273_jpg.rf.a388b1a8e29db2845737bf06a258c98c.jpg,0,0,0,0,0,0,0,0,0,0,0,0,0,0,0,1,0,1,0,0,1,1,0,0,0,0,0,0,0,0
car_11b7bff3_jpg.rf.579752f5d84495d8be99f987366e4c5a.jpg,0,0,0,0,0,0,0,0,0,0,0,1,1,0,0,1,0,1,0,0,0,0,0,0,0,0,0,0,0,0
car_4ca6ba88_jpg.rf.4050d36ab61113bf46e727e616c41afd.jpg,0,0,0,0,0,0,0,0,0,0,0,0,0,0,0,1,0,1,0,0,0,0,0,0,0,0,1,0,1,0
car_0f70c0e1_jpg.rf.cd575bc0cfc9f3ff3f3a3e4c497bfa49.jpg,0,0,0,0,0,0,0,0,0,0,0,0,0,0,0,1,0,1,0,0,1,0,0,0,0,0,1,0,0,0
car_1c8b83b0_jpg.rf.f675cef3544efa8ff0016abe9ebdf722.jpg,0,0,0,0,0,0,0,0,0,0,0,0,1,0,0,1,0,1,0,0,0,1,0,0,0,0,0,0,0,0
car_109fbce1_jpg.rf.2d5c787627cd819366a559805eef2c65.jpg,0,0,0,0,0,0,0,0,0,0,0,0,0,0,0,1,0,1,0,0,0,0,0,0,0,0,1,0,1,0
car_37612fca_jpg.rf.25477636cb6fd34af758bf064cac53de.jpg,0,0,0,0,0,0,0,0,0,0,0,0,0,0,0,1,0,1,0,0,0,0,0,0,0,0,1,0,1,0
car_1c599c26_jpg.rf.264d8edb23610e8887e5a19db5f8cf6d.jpg,0,0,0,0,0,0,0,0,0,0,0,0,0,0,0,1,0,1,0,0,1,0,0,0,1,0,0,0,0,0
car_435876bb_jpg.rf.1603fd359e5c2ce3192240e890a04416.jpg,0,0,0,0,0,0,0,0,0,0,1,0,1,0,0,1,0,1,0,0,0,0,0,0,0,0,0,0,0,0
car_4aec040f_jpg.rf.df39be5f9ee384b392efcbe118bd270a.jpg,0,0,0,1,0,0,0,0,0,0,0,0,1,0,0,1,0,1,0,0,0,0,0,0,0,0,0,0,0,0
car_12214502_jpg.rf.d07b4ff06d3e5273bf4655af6fd1f856.jpg,0,0,0,0,0,0,0,0,0,0,0,0,0,0,0,1,0,1,0,0,1,1,0,0,0,0,0,0,0,0
car_665035bf_jpg.rf.14f51273fd7aa18f569a304e1ef08fea.jpg,0,0,0,0,0,0,0,0,0,0,0,0,0,0,0,1,0,1,0,0,1,0,0,0,0,0,1,0,0,0
car_0b1c26d6_jpg.rf.3d3bc20a872940613ad985768d1a9e36.jpg,0,0,0,0,0,0,0,0,0,0,0,0,0,0,0,1,0,1,0,0,0,0,0,0,1,0,0,0,1,0
car_4bab96ba_jpg.rf.052d6c62c1e1220e35c50e9867c299bc.jpg,0,0,0,0,0,0,0,0,0,0,0,0,0,0,0,1,0,1,0,0,1,0,0,0,0,0,1,0,0,0
car_0eac5278_jpg.rf.eb39a9a94867b987a2d653da536a1f5c.jpg,0,0,0,0,0,0,0,0,0,0,0,0,0,0,0,1,0,1,0,0,1,1,0,0,0,0,0,0,0,0
car_084909e8_jpg.rf.669616bb0b1173279d3dabf2db3cb3d6.jpg,0,0,0,1,0,0,0,0,0,0,0,0,0,0,0,1,0,1,0,0,1,0,0,0,0,0,0,0,0,0
car_cda34b7b_jpg.rf.052865b65594b5311d804184d7602094.jpg,0,0,0,1,0,0,0,0,0,0,0,0,0,0,0,1,0,1,0,0,1,0,0,0,0,0,0,0,0,0
car_48589162_jpg.rf.24a44290cf09273ff5a762188bf472d8.jpg,0,0,0,0,0,0,0,0,0,0,0,0,1,0,0,1,0,1,0,0,0,0,0,0,0,0,1,0,0,0
car_115373fc_jpg.rf.b505a417467af04e7388ef4c015e4442.jpg,0,0,0,0,0,0,0,0,0,0,0,0,0,0,0,1,0,1,0,0,1,0,0,0,1,0,0,0,0,0
car_100affc4_jpg.rf.cb283d8c9e995703cf7f5c10ab9f4989.jpg,0,0,0,0,0,0,0,0,0,0,0,0,1,0,0,1,0,1,0,0,0,1,0,0,0,0,0,0,0,0
car_1d85aada_jpg.rf.e107667039dff426e18544076fb04da8.jpg,0,0,0,0,0,0,0,0,0,0,0,0,1,0,0,1,1,1,0,0,0,0,0,0,0,0,0,0,0,0
car_1b19c5dc_jpg.rf.65ce57b72a342e9f47730f9afb87a7ae.jpg,0,0,0,0,0,0,0,0,0,0,0,0,1,0,0,1,0,1,0,0,0,0,0,0,1,0,0,0,0,0
car_0d7d12bb_jpg.rf.268eba3178b670a1382b73a9a3b41a3e.jpg,0,0,0,0,0,0,0,0,0,0,0,0,1,0,0,1,0,1,0,0,0,0,0,0,1,0,0,0,0,0
car_048631f3_jpg.rf.2732ec8a60016c8f5205ab47c6751f61.jpg,0,0,0,1,0,0,0,0,0,0,0,0,1,0,0,1,0,1,0,0,0,0,0,0,0,0,0,0,0,0
car_20302a2e_jpg.rf.a3b1ca1e08d1a4375940bdbbd24eb922.jpg,0,0,0,0,0,0,0,0,0,0,0,0,1,0,0,1,0,1,0,0,0,0,0,0,0,1,0,0,0,0
car_0b7a03cc_jpg.rf.251d3817d1d8c5c85b4d102bbcad1299.jpg,0,0,0,0,0,0,0,0,0,0,0,0,0,0,0,1,0,1,0,0,0,0,0,1,0,0,1,0,0,0
car_0fa27b85_jpg.rf.4b8159903106300fe104e31fae4702e9.jpg,0,0,0,0,0,0,0,0,0,0,0,0,0,1,0,1,0,1,0,0,0,0,0,0,1,0,0,0,0,0
car_138f3cf7_jpg.rf.b104f5ce97df348e50906e3b50e37a19.jpg,0,0,0,0,0,0,0,0,0,0,0,0,0,1,0,1,0,1,0,0,0,0,0,0,0,0,1,0,0,0
car_1263c5d1_jpg.rf.e195614983d310f82aff95cc69ad9cb3.jpg,0,0,0,0,0,0,0,0,0,0,0,0,0,0,0,1,0,1,0,0,0,0,0,1,0,0,1,0,0,0
car_1a7e6908_jpg.rf.924b1bce93219515a324e7712e1ff2e7.jpg,0,0,0,0,0,0,0,0,0,0,0,0,1,0,0,1,0,1,0,0,0,1,0,0,0,0,0,0,0,0
car_4ebffa00_jpg.rf.4326477b4f67a708387997f2001fbe34.jpg,0,0,0,1,0,0,0,0,0,0,0,0,0,0,0,1,0,1,0,0,1,0,0,0,0,0,0,0,0,0
car_d90c85ce_jpg.rf.1568d869ef053bc91f184152e4e26609.jpg,0,0,0,0,0,0,0,0,0,0,0,0,1,0,0,1,0,1,0,0,0,1,0,0,0,0,0,0,0,0
car_141ddae3_jpg.rf.e5723b1aef821d7590ff83b1c0cfb331.jpg,0,0,0,0,0,0,0,1,0,0,0,0,0,0,0,1,0,1,0,0,1,0,0,0,0,0,0,0,0,0
car_ddab8af7_jpg.rf.be0b31841297b4497e89dc0a680f8c10.jpg,0,0,0,0,0,0,0,0,0,0,0,0,0,1,0,1,1,1,0,0,0,0,0,0,0,0,0,0,0,0
car_4aa294cf_jpg.rf.5d650317d5c6a130238c7545e7b6e8f9.jpg,0,0,0,1,0,0,0,0,0,0,0,0,0,0,0,1,0,1,0,0,1,0,0,0,0,0,0,0,0,0
car_64b0e44e_jpg.rf.498b71f343c0cc4956f4904b6c036141.jpg,0,0,0,0,0,0,0,0,0,0,0,0,1,0,0,1,0,1,0,0,0,0,0,0,0,0,1,0,0,0
car_c5e680d0_jpg.rf.c012bf330851c2e013f711a80c997d0b.jpg,0,0,1,0,0,0,0,0,0,0,0,0,1,0,0,1,0,1,0,0,0,0,0,0,0,0,0,0,0,0
car_cde417f3_jpg.rf.3cc669bdbfa2b524d4699128974976ec.jpg,0,0,0,0,0,0,0,0,0,0,0,0,1,0,0,1,1,1,0,0,0,0,0,0,0,0,0,0,0,0
car_50f487bd_jpg.rf.5f88b99851738b734b6b94c59ce06e29.jpg,0,0,0,1,0,0,0,0,0,0,0,0,0,0,0,1,0,1,0,0,1,0,0,0,0,0,0,0,0,0
car_4d404d26_jpg.rf.e63bffebe4f51c8365fd20469a960727.jpg,0,0,0,0,0,0,0,0,0,0,0,0,1,0,0,1,0,1,0,0,0,1,0,0,0,0,0,0,0,0
car_cf3999ec_jpg.rf.0d9b4389dcca8bb2929d3e97ac769959.jpg,0,0,0,0,0,0,0,0,0,0,0,0,0,0,0,1,1,1,0,0,0,0,0,0,0,0,0,0,1,0
car_208373b3_jpg.rf.df81aa8859ea463ba54ec200be395040.jpg,0,0,0,0,0,0,0,0,0,0,0,0,0,1,0,1,0,1,0,0,0,0,0,0,0,0,1,0,0,0
car_0cc34572_jpg.rf.8846939eea4600ede94d50970b5e40ed.jpg,0,0,0,0,0,0,0,0,0,0,0,0,0,0,0,1,0,1,0,0,0,0,0,0,1,0,0,0,1,0
car_de95307e_jpg.rf.58583990d1db639300004ace470573c8.jpg,0,0,0,0,0,0,0,0,0,0,0,0,0,1,0,1,0,0,0,0,0,0,1,0,0,0,1,0,0,0
car_15d8e80c_jpg.rf.7a9ac5cf998a8588b95fc82fc9cb92de.jpg,0,0,0,0,0,0,0,0,0,0,0,0,0,0,1,1,0,1,0,0,0,0,0,0,1,0,0,0,0,0
car_d28e29db_jpg.rf.ee10726a9ee605ecc7244af8ad804595.jpg,0,0,0,0,0,0,0,0,0,0,0,0,0,0,0,1,0,0,0,0,0,0,1,0,1,0,0,0,1,0
car_4f50b6e3_jpg.rf.777c0711417bbcc1a229087105beb2f4.jpg,0,0,0,0,0,0,0,0,0,0,0,0,0,0,0,1,0,1,0,0,1,0,0,0,1,0,0,0,0,0
car_0d5824d2_jpg.rf.567d57254a38534da2e436c3e03c7cb8.jpg,0,0,0,0,0,0,0,0,0,0,0,0,1,0,0,1,0,1,0,0,0,0,0,0,0,1,0,0,0,0
car_0bc101e6_jpg.rf.2b2fcb5d8f8ddd63eac751203d8cc9ef.jpg,0,0,0,0,0,0,0,0,0,0,0,0,0,0,0,1,0,1,0,0,0,0,0,0,0,0,1,0,1,0
car_18923855_jpg.rf.74bf5ca40e358f9da8e6448869c9f5d6.jpg,0,0,0,0,0,0,0,0,0,0,0,0,0,0,0,1,0,1,0,0,0,0,0,0,1,0,0,0,1,0
car_cfd3c76c_jpg.rf.db583bb031696de6b8141a43c3c87477.jpg,0,0,0,0,0,0,0,1,0,0,0,0,0,0,0,1,0,1,0,0,0,0,0,0,0,0,0,0,1,0
car_231cf5ee_jpg.rf.d3757e97ffc62ac9d96522cd7021035c.jpg,0,0,0,0,0,0,0,0,0,0,0,0,1,0,0,1,0,1,0,0,0,0,0,0,0,0,1,0,0,0
car_dea43e23_jpg.rf.89e0cffd268ef3e61b0fc484b6de3c23.jpg,0,0,0,0,0,0,0,0,0,0,0,0,1,0,0,1,0,1,0,0,0,0,0,0,0,1,0,0,0,0
car_ce893d7c_jpg.rf.b85296607b88a1ef7a014eff12ada0e7.jpg,0,0,1,0,0,0,0,0,0,0,0,0,1,0,0,1,0,1,0,0,0,0,0,0,0,0,0,0,0,0
car_26a425cb_jpg.rf.68e400bbb35dca9730a934fd8382dca1.jpg,0,0,0,0,0,0,0,0,0,0,0,0,0,0,0,1,0,1,0,0,1,0,0,0,1,0,0,0,0,0
car_25a123d5_jpg.rf.bb1f06fe0630281f94c0444b8a9154e2.jpg,0,0,1,0,0,0,0,0,0,0,0,0,1,0,0,1,0,1,0,0,0,0,0,0,0,0,0,0,0,0
car_d2ea7d95_jpg.rf.3e41ca0f26cc76f600c6ddb968ca5b89.jpg,0,0,0,0,0,0,0,0,0,0,1,0,1,0,0,1,0,1,0,0,0,0,0,0,0,0,0,0,0,0
car_18cb9e17_jpg.rf.f0e36853e9b70726c9c9256a3cfb60cb.jpg,0,0,0,0,0,0,0,0,0,0,0,0,0,0,0,1,0,1,0,0,0,0,0,0,0,0,1,0,1,0
car_3121ed03_jpg.rf.1b3e679798cfb9764f5002d2b2ebc6fb.jpg,0,0,0,0,0,0,0,0,0,0,0,0,0,1,0,1,0,0,0,0,0,0,1,0,1,0,0,0,0,0
car_122b66da_jpg.rf.7ad4217b40b74d0b393398e4740a7374.jpg,0,0,0,0,0,0,0,0,0,0,0,0,0,0,0,1,0,1,0,0,1,0,0,0,0,0,1,0,0,0
car_d32b76c3_jpg.rf.549eada7a04083c50266d37b12569cc5.jpg,0,0,0,0,0,0,0,0,0,0,0,0,1,0,0,1,0,1,0,0,0,0,0,0,1,0,0,0,0,0
car_2e7b68c0_jpg.rf.c136feb2a37b05b8487b3ef85362d470.jpg,0,0,0,0,0,0,0,0,0,0,0,0,1,0,0,1,0,1,0,0,0,0,0,0,0,1,0,0,0,0
car_2835fad5_jpg.rf.b78de2b011b59bfdbe5d1c883a444364.jpg,0,0,0,0,0,0,0,0,0,0,1,0,1,0,0,1,0,1,0,0,0,0,0,0,0,0,0,0,0,0
car_3064332f_jpg.rf.34b2feaddf077aade5f1890764dca723.jpg,0,0,0,0,0,0,0,0,0,0,0,0,0,0,0,1,0,1,0,0,1,0,0,0,1,0,0,0,0,0
car_df877a01_jpg.rf.c1b9b538d3ba5eaf73441286d8628aca.jpg,0,0,0,0,0,0,0,0,0,0,0,0,0,0,0,1,0,1,0,0,0,0,0,0,0,0,1,0,1,0
car_4db58079_jpg.rf.d391ea0029d153c1b635940f46a879b4.jpg,0,0,0,0,0,0,0,0,0,0,0,0,1,0,0,1,1,1,0,0,0,0,0,0,0,0,0,0,0,0
car_d2a20d56_jpg.rf.4641367696b3ec8943fc18eec28687fb.jpg,0,0,0,0,0,0,0,0,0,0,0,0,0,0,0,1,0,1,0,0,0,0,0,0,1,0,0,0,1,0
car_33f931bf_jpg.rf.85acf66c9abd55b0518d5c0a77ad43d7.jpg,0,0,0,0,0,0,0,0,0,0,0,0,0,0,0,1,0,1,0,0,0,0,0,0,0,0,1,0,1,0
car_26492075_jpg.rf.95ba735fe858f72eb091d125dece4edf.jpg,0,0,0,0,0,0,0,0,0,0,0,0,0,0,0,1,0,1,0,0,0,0,0,0,0,0,1,0,1,0
car_d6999dd8_jpg.rf.feddf6d13cd445a4e9b1ae88df2088a3.jpg,0,0,0,0,0,0,0,0,0,0,0,0,0,1,0,1,0,1,0,0,0,0,0,0,1,0,0,0,0,0
car_d5b7cec0_jpg.rf.daf1d6de8b1ab3b130091786828f7522.jpg,0,0,0,0,0,0,0,0,0,0,0,0,0,0,0,1,0,1,0,0,1,0,0,0,0,0,1,0,0,0
car_db4d1345_jpg.rf.3b710c73afe51d471e2b33bf11a5b6c5.jpg,0,0,0,0,0,0,0,0,0,0,0,0,0,0,0,1,0,1,0,0,1,0,0,0,1,0,0,0,0,0
car_da684872_jpg.rf.e03a41ce091d7c196432efd29b1045c0.jpg,0,0,0,0,0,0,0,0,0,0,0,1,0,0,0,1,0,1,0,0,0,0,0,0,0,0,0,0,1,0
car_336b9d4e_jpg.rf.55842a4190e5f385add4aa08a6150723.jpg,0,0,0,0,0,0,0,0,0,0,0,0,0,0,0,1,0,1,0,0,1,0,0,0,0,0,1,0,0,0
car_df70f02d_jpg.rf.f39e7987b5ef519fa1502b38ce074ba6.jpg,0,0,0,0,0,0,0,0,0,0,0,1,0,0,0,1,0,1,0,0,0,0,0,1,0,0,0,0,0,0
car_d5d3517d_jpg.rf.7fec7c823a837272b7427d2bbe3c19fd.jpg,0,0,0,0,0,0,0,0,0,0,0,0,0,0,0,1,0,1,0,0,0,0,0,0,0,0,1,0,1,0
car_29284998_jpg.rf.35fa524697569d50c2cdf21f8284e975.jpg,0,0,0,0,0,0,0,0,0,0,0,0,0,0,0,1,0,1,0,0,0,0,0,0,0,1,0,0,1,0
car_da997070_jpg.rf.0be0b88d3646e38faf58045a636bb6b1.jpg,0,0,0,0,0,0,0,0,0,0,0,0,1,0,0,1,1,1,0,0,0,0,0,0,0,0,0,0,0,0
car_0b64feb3_jpg.rf.5f791a587e12df9175b520ddfab8e69a.jpg,0,0,0,0,0,0,0,0,0,0,0,0,0,0,0,1,0,1,0,0,0,0,0,0,0,0,1,0,1,0
car_2e392da4_jpg.rf.979daa4db574d13a94caff5c6a015434.jpg,0,0,0,0,0,0,0,0,0,0,0,1,1,0,0,1,0,1,0,0,0,0,0,0,0,0,0,0,0,0
car_15ec122b_jpg.rf.78666ae7d0065f21cdd009d1e2652c78.jpg,0,0,0,0,0,0,0,0,0,0,0,0,0,0,0,1,0,1,0,0,0,0,0,0,0,1,0,0,1,0
car_ee747b81_jpg.rf.4c50b8285df08b91106d9422f5d759cc.jpg,0,0,0,0,0,0,0,0,0,0,0,0,0,0,0,1,0,1,0,0,0,0,0,0,0,0,1,0,1,0
car_2c54ca0c_jpg.rf.07010d3580d0299c76b7505475cedf9a.jpg,0,0,0,1,0,0,0,0,0,0,0,0,1,0,0,1,0,1,0,0,0,0,0,0,0,0,0,0,0,0
car_dfccb4c3_jpg.rf.c28ba9fcf0ba4e538a9b679db0f9c4a3.jpg,0,0,0,0,0,0,0,0,0,0,0,0,0,0,0,1,0,1,0,0,0,0,0,0,0,0,1,0,1,0
car_d450b5b8_jpg.rf.888ce4569153eafde7a8944777b1200b.jpg,1,0,0,0,0,0,0,0,0,0,0,0,0,1,0,1,0,0,0,0,0,0,0,0,0,0,0,0,0,0
car_d4284619_jpg.rf.9f4dcb23af1f572869145943a5fe3dc4.jpg,0,0,0,1,0,0,0,0,0,0,0,0,0,0,0,1,0,1,0,0,1,0,0,0,0,0,0,0,0,0
car_2b692003_jpg.rf.7978da14a73b681c5faf7c40baf6f0b4.jpg,0,0,0,0,0,0,0,0,0,0,1,0,1,0,0,1,0,1,0,0,0,0,0,0,0,0,0,0,0,0
car_26778327_jpg.rf.cfa562497baf47ed7c5ee14c6953627a.jpg,0,0,0,0,0,0,0,0,0,0,0,0,1,0,0,1,0,1,0,0,0,0,0,0,0,1,0,0,0,0
car_ee82faa7_jpg.rf.af0da8a6d363cc4ca92087122c0903a5.jpg,0,0,0,0,0,0,0,0,0,0,0,0,0,0,0,1,0,1,0,0,1,0,0,0,1,0,0,0,0,0
car_943bd500_jpg.rf.01d3b61e0b50e9d3800dfb079b502254.jpg,0,0,0,0,0,0,0,0,0,0,0,0,0,0,0,1,0,1,0,0,0,0,0,0,0,0,1,0,1,0
car_26f1ba44_jpg.rf.b620da6447c43aec20e7bb3e79b8ac58.jpg,1,0,0,0,0,0,0,0,0,0,0,0,1,0,0,1,0,1,0,0,0,0,0,0,0,0,0,0,0,0
car_2d9559d2_jpg.rf.430796d039810e0b3822c8f35582cfdc.jpg,0,0,0,0,0,0,0,0,0,0,0,0,1,0,0,1,0,1,0,0,0,0,0,0,1,0,0,0,0,0
car_dc606a99_jpg.rf.a568a77787292c5238e6cefe3b733218.jpg,0,0,0,0,0,0,0,0,0,0,0,0,0,0,0,1,0,1,0,0,0,0,0,0,0,0,1,0,1,0
truck_8541de59_jpg.rf.6e5c1c0bb5b6919ba451a5b1496209b4.jpg,0,0,0,0,0,0,0,0,0,0,0,0,0,1,0,1,0,0,0,0,0,0,1,0,1,0,0,0,0,0
truck_628e3b0a_jpg.rf.7b57317c1d03bfb4a9ef06aebf11c97f.jpg,0,0,0,0,0,0,0,0,0,0,1,0,1,0,0,1,0,1,0,0,0,0,0,0,0,0,0,0,0,0
car_2bb9b947_jpg.rf.79296f6e5e8567af1e33650917bf5fea.jpg,0,0,0,0,0,0,0,0,0,0,0,0,0,0,0,1,0,1,0,0,1,1,0,0,0,0,0,0,0,0
car_3204b907_jpg.rf.cacca974c3695d2c30d2ea9136d4f1f9.jpg,0,0,0,0,0,0,0,0,0,0,1,0,1,0,0,1,0,1,0,0,0,0,0,0,0,0,0,0,0,0
car_4c278005_jpg.rf.c99e853d10224b35b1ff0e02b1394b0c.jpg,0,0,0,0,0,0,0,0,0,0,0,0,0,0,0,1,0,1,0,0,1,0,0,0,1,0,0,0,0,0
truck_a3a608e2_jpg.rf.c1ab962160421378d4caed2042d8ae58.jpg,0,0,0,0,0,1,0,0,0,0,0,0,0,0,0,1,0,1,0,0,1,0,0,0,0,0,0,0,0,0
car_2b016690_jpg.rf.846d0b89507ae8308d8d4b8eda62569a.jpg,0,0,0,0,0,0,0,0,0,0,0,0,0,0,0,1,0,1,0,0,1,1,0,0,0,0,0,0,0,0
car_24ecc633_jpg.rf.928412a69f6fea0dccd5c1d072135e16.jpg,0,0,0,0,0,0,0,0,0,0,0,0,0,0,0,1,0,1,0,0,1,0,0,0,0,0,1,0,0,0
car_f09434a5_jpg.rf.3a94566b22b70538c2f2345087fb11f4.jpg,0,0,0,0,0,0,0,0,0,0,0,0,0,0,0,1,0,1,0,0,0,0,0,0,0,0,1,0,1,0
truck_73b6797a_jpg.rf.c97b7bd4237308dc0f57dfa5bb04f867.jpg,0,0,0,0,0,1,0,0,0,0,0,0,0,0,0,1,0,1,0,0,1,0,0,0,0,0,0,0,0,0
truck_c61c1576_jpg.rf.631c9ba4be489cbd032261d6b7b3c384.jpg,0,0,0,0,0,0,0,0,0,0,1,0,1,0,0,1,0,1,0,0,0,0,0,0,0,0,0,0,0,0
car_ef6ac1f8_jpg.rf.a30f7ef21bc1acee8a1566deab7671a5.jpg,0,0,0,0,0,0,0,0,0,0,0,0,0,0,0,1,0,1,0,0,1,0,0,0,0,0,1,0,0,0
car_e4772156_jpg.rf.cb150bcc149d40579b8b22ff28ff8c3f.jpg,0,0,0,0,0,0,0,0,0,0,0,0,1,0,0,1,0,1,0,0,0,1,0,0,0,0,0,0,0,0
car_e64a59f6_jpg.rf.314ef2bad285034f87163b599b7179e9.jpg,0,0,0,1,0,0,0,0,0,0,0,0,0,0,0,1,0,1,0,0,0,0,0,0,0,0,0,0,0,1
car_e35fdba1_jpg.rf.8d57a6e6d70204e4aa63281a374a2313.jpg,0,0,0,0,0,0,0,0,0,0,0,1,1,0,0,1,0,1,0,0,0,0,0,0,0,0,0,0,0,0
car_efd1c4a3_jpg.rf.0f0adb63f6f6489a319dc16bb1575aeb.jpg,0,0,0,0,0,0,0,0,0,0,0,0,1,0,0,1,0,1,0,0,0,0,0,0,0,1,0,0,0,0
car_e4237230_jpg.rf.00ba73558b69c7b8968ecdb0fedfb8d2.jpg,0,0,0,0,0,0,0,0,0,0,0,0,0,0,0,1,1,1,0,0,0,0,0,0,0,0,0,0,1,0
car_8515880d_jpg.rf.f6580f78185c29f55527b8bf77afef66.jpg,0,0,0,0,0,0,0,0,0,0,0,0,0,0,0,1,0,1,0,0,0,0,0,0,1,0,0,0,1,0
car_86ce66fc_jpg.rf.3db6280206e97006aa3616f988721d28.jpg,0,0,0,0,0,0,0,0,0,0,0,0,0,0,0,1,0,1,0,0,1,0,0,0,0,0,1,0,0,0
car_94d5f09a_jpg.rf.52a53b007936b15d8e2d29d80114b0e9.jpg,0,0,0,0,0,1,0,0,0,0,0,0,0,0,0,1,0,1,0,0,1,0,0,0,0,0,0,0,0,0
car_ef11e929_jpg.rf.c20d234e3a5e7a9b944cb738650e3e92.jpg,0,0,0,0,0,0,0,0,0,0,0,0,1,0,0,1,0,1,0,0,0,0,0,0,0,1,0,0,0,0
car_e7091d90_jpg.rf.a376f9cb42f81ef50246ae45a094f5b1.jpg,0,0,0,0,0,0,0,0,0,0,0,0,0,0,0,1,0,1,0,0,0,0,0,1,0,0,1,0,0,0
car_850a6e8e_jpg.rf.b18685a01df62d2baea80e17b5c9860b.jpg,0,0,0,0,0,0,0,0,0,0,0,0,1,0,0,1,0,1,0,0,0,0,0,0,1,0,0,0,0,0
car_85200c4c_jpg.rf.cd6116dc32bf607a979d4974cbd69030.jpg,0,0,0,0,0,0,0,0,0,0,1,0,1,0,0,1,0,1,0,0,0,0,0,0,0,0,0,0,0,0
car_fc7cb0cf_jpg.rf.a450885f82c00c5f2c7c44a2b1a7f2df.jpg,0,0,0,0,0,0,0,0,0,0,0,0,0,0,0,1,0,1,0,0,0,0,0,0,0,0,1,0,1,0
car_7e886e7b_jpg.rf.c60e660df9813f5fe919fcfbca022161.jpg,0,0,0,0,0,0,0,0,0,0,0,0,1,0,0,1,0,0,0,0,0,0,1,0,1,0,0,0,0,0
car_ef7aad9f_jpg.rf.819b66a6587860c76a9e3e14be462e24.jpg,0,0,0,0,0,0,0,0,0,0,0,0,1,0,0,1,0,1,0,0,0,0,0,0,0,1,0,0,0,0
car_f1b4a907_jpg.rf.ce308c0f2946e31dcfa1f2b64a9fc106.jpg,0,0,0,0,0,0,0,0,0,0,1,0,0,0,0,1,0,1,0,0,0,0,0,0,0,0,0,0,1,0
car_ea5366b0_jpg.rf.583ee9f78d8a767ba346535a3d2b665b.jpg,0,0,0,0,0,0,0,0,0,0,0,0,1,0,0,1,0,1,0,0,0,0,0,0,1,0,0,0,0,0
car_ede722ca_jpg.rf.bb27e204e4cb77fd2a5defabfbbadb23.jpg,0,0,0,0,0,0,0,0,0,0,0,0,0,1,0,1,0,1,0,0,0,0,0,0,1,0,0,0,0,0
car_d427f81c_jpg.rf.4d16db199d8458e9dcc494052d7b9b73.jpg,0,0,0,0,0,0,0,0,0,0,0,0,1,0,0,1,0,1,0,0,0,0,0,0,0,0,1,0,0,0
car_ee491b3b_jpg.rf.b4c02c46d5aa3527b997533258668b73.jpg,0,0,0,0,0,0,0,0,0,0,0,0,0,0,0,1,0,1,0,0,0,0,0,0,0,0,1,0,1,0
car_f7a66d3b_jpg.rf.a4a57783abcbd3dd525bdfc6f91f0135.jpg,0,0,0,0,0,0,0,0,0,0,0,0,0,1,0,1,0,1,0,0,0,0,0,0,0,1,0,0,0,0
car_84d19b50_jpg.rf.67b27425ef78207e5a24851b9b2e6f85.jpg,0,0,0,0,0,0,0,0,0,0,0,0,1,0,0,1,1,1,0,0,0,0,0,0,0,0,0,0,0,0
car_752a3da2_jpg.rf.07c18aa4ecebae33f7bb3c816f257b49.jpg,0,0,0,0,0,0,0,0,0,0,0,0,0,0,0,1,0,1,0,0,0,0,0,0,0,0,1,0,1,0
car_dafb8aa3_jpg.rf.cf50313798fafb91c4b6fda87c83e670.jpg,0,0,0,0,0,0,0,0,0,0,0,0,1,0,0,1,0,1,0,0,0,1,0,0,0,0,0,0,0,0
car_953912b3_jpg.rf.c5a7b7f047e883c6fc094c43854e2984.jpg,0,0,0,0,0,0,0,0,0,0,0,0,0,0,0,1,0,1,0,0,0,0,0,0,0,0,1,0,1,0
car_7154e817_jpg.rf.99b47d291c1a91d759cf61dc76b0c36e.jpg,0,0,0,0,0,0,0,0,0,0,0,0,0,0,0,1,0,1,0,0,1,0,0,0,0,0,1,0,0,0
car_fc8548d9_jpg.rf.09c8ed1edc0e5940085613d197225e90.jpg,0,0,0,0,0,0,0,0,0,0,0,0,1,0,0,1,1,1,0,0,0,0,0,0,0,0,0,0,0,0
car_fab594f2_jpg.rf.8d8b5659e413baa1d761e32392b546a0.jpg,0,0,0,0,0,0,0,0,0,0,0,0,0,0,0,1,0,1,0,0,0,0,0,0,0,0,1,0,1,0
car_833bcfc0_jpg.rf.389385cfce607940332633f87623b7a5.jpg,0,0,0,0,0,0,0,0,0,0,0,0,1,0,0,1,0,1,0,0,0,0,0,0,1,0,0,0,0,0
car_6f1eed13_jpg.rf.d33fe8d2af941426654fcdc5a73168b4.jpg,0,1,0,0,0,0,0,0,0,0,0,0,1,0,0,1,0,1,0,0,0,0,0,0,0,0,0,0,0,0
car_ec4abe8b_jpg.rf.7112c35a9b9f2581e4258959e9533cd1.jpg,0,0,0,0,0,0,0,0,0,0,0,0,0,0,0,1,0,1,0,0,0,0,0,1,0,0,1,0,0,0
car_f4ead592_jpg.rf.9e1548d4a9c6f6d43c47e11ef0e4cdd0.jpg,0,0,0,0,0,0,0,0,0,0,0,0,0,1,0,1,1,1,0,0,0,0,0,0,0,0,0,0,0,0
car_f223754b_jpg.rf.dc64a396b74d2fd0ed322844c5b2fd17.jpg,0,0,0,0,0,0,0,0,0,0,0,0,0,1,0,1,0,1,0,0,0,0,0,0,0,0,1,0,0,0
car_7ef8d848_jpg.rf.9e7cb9aff6727b02dd322a17c342d554.jpg,0,0,0,0,0,0,0,0,0,0,0,1,1,0,0,1,0,1,0,0,0,0,0,0,0,0,0,0,0,0
car_6fb6cde8_jpg.rf.1a6709bd84fbd325da39bdcf42b18a8f.jpg,0,0,0,0,0,0,0,0,0,0,1,0,0,0,0,1,0,1,0,0,0,0,0,0,0,0,0,0,1,0
car_e8a0946b_jpg.rf.ef98365b7becea8016fd68cb2e3721cb.jpg,0,0,0,1,0,0,0,0,0,0,0,0,0,0,0,1,0,1,0,0,1,0,0,0,0,0,0,0,0,0
car_7e473fde_jpg.rf.db577d27aa9ad489b95357bb750f0256.jpg,0,0,0,0,0,0,0,0,0,0,1,0,1,0,0,1,0,1,0,0,0,0,0,0,0,0,0,0,0,0
car_fa393743_jpg.rf.c4db3211fbd3c267245a1fe29f1b9dfb.jpg,0,0,0,0,0,0,0,0,0,0,0,0,1,0,0,1,0,1,0,0,0,1,0,0,0,0,0,0,0,0
car_a8a01c8f_jpg.rf.bc808ba7a8743aafc26d05e24f4f9f96.jpg,0,0,0,0,0,0,0,0,0,0,0,0,0,0,1,1,0,1,0,0,0,0,0,0,0,0,1,0,0,0
car_a5c1a578_jpg.rf.c81b69f4d6633763d3c334354fc8f361.jpg,0,0,0,0,0,0,0,0,0,0,0,0,0,0,0,1,0,1,0,0,0,0,0,0,0,0,1,0,1,0
truck_1033994c_jpg.rf.ee0e2db5c572ef076446edfc06c7c865.jpg,0,0,0,0,0,0,0,0,0,1,0,0,0,0,0,1,0,1,0,1,0,0,0,0,0,0,0,0,0,0
truck_5e3276c4_jpg.rf.bd23f7ca5481398610969727e464eec8.jpg,0,0,0,0,0,0,0,1,0,0,0,0,0,0,0,1,0,0,0,0,0,0,1,0,0,0,0,0,1,0
car_95691dfa_jpg.rf.7660a4b82f72012996f2bb90a481dbba.jpg,0,0,0,0,0,0,0,0,0,0,0,0,0,0,0,1,0,1,0,0,1,0,0,0,1,0,0,0,0,0
car_fe586daf_jpg.rf.65e3ec1047fc699d93337672c9d3f2f1.jpg,0,0,0,0,0,0,0,0,0,0,1,0,0,0,0,1,0,1,0,0,1,0,0,0,0,0,0,0,0,0
car_e3f51f3e_jpg.rf.09ab089ffbc27d7220e08cc6ac03647f.jpg,0,0,0,0,0,0,0,0,0,0,0,0,0,0,0,1,0,1,0,0,0,0,0,0,1,0,0,0,1,0
car_aa33b843_jpg.rf.96ddafded28938e44b8123c48581e83d.jpg,0,0,0,0,0,0,0,0,0,0,0,0,0,0,0,1,0,1,0,0,1,1,0,0,0,0,0,0,0,0
car_f7d36978_jpg.rf.ecc81e2b35dd1aef8dece60d77efe5e5.jpg,0,0,0,0,0,0,0,0,0,0,0,0,0,0,0,1,0,1,0,0,0,0,0,0,0,0,1,0,1,0
car_b5690cbc_jpg.rf.a8e2f46a7713082d64aef2a1cddcbaa2.jpg,0,0,0,0,0,0,0,0,0,0,0,0,0,0,0,1,0,1,0,0,0,0,0,0,0,0,1,0,1,0
car_f78ad7bc_jpg.rf.ce7f03a17a49977f0d642c863af83037.jpg,0,0,0,0,0,0,0,0,0,0,0,0,1,0,0,1,0,1,0,0,0,0,0,0,1,0,0,0,0,0
car_f76c417e_jpg.rf.a0bba998d5892aeb147d9be31be35da4.jpg,0,0,0,0,0,0,0,0,0,0,0,0,0,0,0,1,0,0,0,0,0,0,1,0,1,0,0,0,1,0
car_71aa8436_jpg.rf.845ee5b37da577055b0749ac84657891.jpg,0,0,0,0,0,0,0,0,0,0,0,0,0,0,0,1,0,1,0,0,1,0,0,0,0,0,1,0,0,0
car_73befcf3_jpg.rf.d3458cbe498998149acf01f83c906da9.jpg,0,0,0,0,0,0,0,0,0,0,0,0,0,0,0,1,0,1,0,0,1,0,0,0,1,0,0,0,0,0
car_f6d10111_jpg.rf.1d65cf8fecbf55eee8e279d469338baf.jpg,0,0,0,0,0,0,0,0,0,0,0,0,0,1,0,1,0,0,0,0,0,0,1,0,1,0,0,0,0,0
car_9641b4f1_jpg.rf.e676f07ac258728ec0a31101de31c95f.jpg,0,0,0,0,0,0,0,0,0,0,0,0,1,0,0,1,0,1,0,0,0,0,0,0,1,0,0,0,0,0
car_ac14b21b_jpg.rf.7d2e4cc493fab50d9a301010a464b223.jpg,0,0,1,0,0,0,0,0,0,0,0,0,1,0,0,1,0,1,0,0,0,0,0,0,0,0,0,0,0,0
car_b41a7125_jpg.rf.b4f63b07975f85b4ed661b4efbf1b588.jpg,0,0,0,0,0,0,0,0,0,0,0,0,0,0,0,1,0,1,0,0,0,0,0,0,0,0,1,0,1,0
car_7d2b67cc_jpg.rf.38cb405f3b6e6995cbb2a57d18415957.jpg,0,0,0,0,0,0,0,0,0,0,0,0,0,0,0,1,0,1,0,0,1,0,0,0,0,0,1,0,0,0
car_72085a3e_jpg.rf.60d16a04bdcd6245b3cb3b9ae499f461.jpg,0,0,0,0,0,0,0,0,0,0,0,0,1,0,0,1,0,1,0,0,0,1,0,0,0,0,0,0,0,0
car_ab580599_jpg.rf.69fe703787b87cd4487c54959adcdd49.jpg,0,0,0,0,0,0,0,0,0,0,0,0,0,0,0,1,0,1,0,0,1,0,0,0,0,0,1,0,0,0
car_b37d24ec_jpg.rf.bf7f0aec85c3e818c2239edfbfc1ae11.jpg,0,0,0,0,0,0,0,0,0,0,0,0,1,0,0,1,0,1,0,0,0,0,0,0,1,0,0,0,0,0
car_e00ae6c4_jpg.rf.7dc1ab81e07d095232be9edeb427c39c.jpg,0,0,0,0,0,0,0,0,0,0,0,0,1,0,0,1,0,1,0,0,0,0,0,0,0,0,1,0,0,0
car_6fec203d_jpg.rf.818dfa71f6733276c1e9cff964efb545.jpg,0,0,0,0,0,0,0,1,0,0,0,0,0,0,0,1,0,1,0,0,1,0,0,0,0,0,0,0,0,0
car_f8c6d165_jpg.rf.e2a1bb7ca488437f744c075ac70ef55d.jpg,0,0,1,0,0,0,0,0,0,0,0,0,1,0,0,1,0,1,0,0,0,0,0,0,0,0,0,0,0,0
car_ec3c849f_jpg.rf.86bce6da1aafad94c479df84b89934f2.jpg,0,0,1,0,0,0,0,0,0,0,0,0,1,0,0,1,0,1,0,0,0,0,0,0,0,0,0,0,0,0
car_72139e36_jpg.rf.a7d1c8f240950987ee51f1e408b38afd.jpg,0,0,0,0,0,0,0,0,0,0,0,0,0,0,0,1,0,1,0,0,0,0,0,0,1,0,0,0,1,0
car_ed145448_jpg.rf.765cf6f65610869a92958aeb3e2385df.jpg,0,0,0,0,0,0,0,0,0,0,0,1,0,0,0,1,0,1,0,0,0,0,0,0,0,0,0,0,1,0
car_fc4a5ba4_jpg.rf.dc5ee79b859451a40c2a56bf76614655.jpg,0,0,0,0,0,0,0,0,0,0,0,0,1,0,0,1,0,1,0,0,0,0,0,0,1,0,0,0,0,0
car_71561f41_jpg.rf.85e162c491849e89cff9375b7f1ef934.jpg,0,0,0,0,0,0,0,0,0,0,0,1,0,0,0,1,0,1,0,0,0,0,0,0,0,0,0,0,1,0
car_b4be2f86_jpg.rf.cfdcb100b4925310b0d4355c3d188694.jpg,0,0,0,1,0,0,0,0,0,0,0,0,0,0,0,1,0,0,0,0,0,0,1,0,0,0,0,0,1,0
car_a529c32a_jpg.rf.cb2fd9f88bd208200005c6d79581c37e.jpg,0,0,0,0,0,0,0,0,0,0,0,0,0,1,0,1,0,1,0,0,0,0,0,0,0,0,1,0,0,0
car_a8a48569_jpg.rf.97272d6510c1f322e2df220ac59a1646.jpg,0,0,0,0,0,0,0,0,0,0,0,0,1,0,0,1,0,1,0,0,0,1,0,0,0,0,0,0,0,0
car_0d49ef1a_jpg.rf.c193a599505da0e56d9c956120ec8390.jpg,0,0,0,0,0,0,0,0,0,0,0,0,0,0,0,1,1,1,0,0,0,0,0,0,0,0,0,0,1,0
car_e2605b29_jpg.rf.0f17f449b385a455a45043ca2b6f9059.jpg,0,0,0,0,0,0,0,0,0,0,0,0,0,0,0,1,0,1,0,0,0,0,0,0,0,1,0,0,1,0
car_b81b8bc8_jpg.rf.edd10aefb4870602c2c44d9b0e52d998.jpg,0,0,0,0,0,0,0,0,0,0,0,0,0,0,0,1,1,1,0,0,0,0,0,0,0,0,0,0,1,0
car_94b2928d_jpg.rf.4d901a7d9b75e1b57c71e83b3f54ca27.jpg,0,0,0,0,0,0,0,0,0,0,0,0,1,0,0,1,1,0,0,0,0,0,1,0,0,0,0,0,0,0
car_b7acfed8_jpg.rf.17463c1644c3525e0d2bea803b504b84.jpg,0,0,0,1,0,0,0,0,0,0,0,0,0,0,0,1,0,1,0,0,1,0,0,0,0,0,0,0,0,0
car_e00dcc03_jpg.rf.3df34a09a17fed264100c82cdebf504b.jpg,0,0,0,0,0,0,0,0,0,0,0,0,0,0,0,1,1,1,0,0,0,0,0,0,0,0,0,0,1,0
car_ece19aa6_jpg.rf.19e582e0db95465e7fbb02cb0797800e.jpg,0,0,0,0,0,0,0,0,0,0,0,0,1,0,0,1,0,1,0,0,0,0,0,0,1,0,0,0,0,0
car_add3c5c8_jpg.rf.741cd464c1212ec82e2f1bcf0049e484.jpg,0,0,0,0,0,0,0,0,0,0,0,0,0,0,0,1,0,1,0,0,1,0,0,0,0,0,1,0,0,0
car_a5b4e5c2_jpg.rf.b07a4d89f3486f3d2af8fba853a0ea16.jpg,0,0,0,0,0,0,0,0,0,0,0,1,0,0,0,1,0,1,0,0,0,0,0,0,0,0,0,0,1,0
car_b864b245_jpg.rf.5a8ae4bb6f2da260a8af797ea911b568.jpg,0,0,0,0,0,0,0,0,0,0,1,0,1,0,0,1,0,1,0,0,0,0,0,0,0,0,0,0,0,0
car_b423bc92_jpg.rf.bd1829f8b92c50c8baf94177b3ff0be9.jpg,0,1,0,0,0,0,0,0,0,0,0,0,1,0,0,1,0,1,0,0,0,0,0,0,0,0,0,0,0,0
car_b0750aec_jpg.rf.6df597d08de5c695bea60a7eb8584841.jpg,0,0,0,0,0,0,0,0,0,0,0,0,0,0,0,1,0,1,0,0,1,0,0,0,1,0,0,0,0,0
car_bdb8f489_jpg.rf.bdbf583450d1c92c3b162e8608d7d63d.jpg,0,0,0,1,0,0,0,0,0,0,0,0,0,0,0,1,0,1,0,0,0,0,0,0,0,0,0,0,1,0
car_bfd551e9_jpg.rf.35ead1c6279ea7eae700b71f8e29f9df.jpg,0,0,0,0,0,0,0,0,0,0,0,0,0,0,0,1,0,1,0,0,1,0,0,0,1,0,0,0,0,0
car_ba91b9ab_jpg.rf.10d7458b0a036a3b80d6cb51553c32db.jpg,0,0,0,0,0,0,0,0,0,0,0,0,0,0,1,1,0,0,0,0,0,0,1,0,0,0,1,0,0,0
car_a366a438_jpg.rf.f9b24baedbe7c3f245a264bd1d9f9694.jpg,0,0,0,0,0,1,0,0,0,0,0,0,0,0,0,1,0,0,0,0,0,0,1,0,0,0,0,0,1,0
car_a22acf04_jpg.rf.3aae3eb95d70936b3e85c40f04134e63.jpg,0,0,0,0,0,0,0,0,0,0,0,0,0,0,0,1,0,1,0,0,0,0,0,0,0,0,1,0,1,0
car_bfa5cd29_jpg.rf.4e70d9c8f31f1ad5396a509bd618be94.jpg,0,0,0,0,0,0,0,0,0,0,0,0,0,0,0,1,0,1,0,0,1,0,0,0,1,0,0,0,0,0
car_aec501b4_jpg.rf.a7a2ecd6e16ed61ea41c73c064394a4f.jpg,0,0,0,0,0,0,0,0,0,0,0,0,0,0,0,1,0,1,0,0,0,0,0,0,1,0,0,0,1,0
car_be2237ef_jpg.rf.95057c7e1b2ef2f726868b185f4ec0f4.jpg,0,0,0,0,0,0,0,0,0,0,0,0,0,0,0,1,0,1,0,0,0,0,0,0,0,1,0,0,1,0
car_73cc7f19_jpg.rf.8c8f5abb6270e28f7c7055058c6ec831.jpg,0,0,0,0,0,0,0,0,0,0,0,0,1,0,0,1,0,1,0,0,0,0,0,0,0,0,1,0,0,0
car_a4fbdb46_jpg.rf.c60ef9f958c1a7091af3d2b10827020b.jpg,0,0,0,0,0,0,0,0,0,0,0,0,1,0,0,1,0,1,0,0,0,0,0,0,0,0,1,0,0,0
car_b49936dc_jpg.rf.515f3e1eadb52d9ecd23849da8c2e8b4.jpg,0,0,0,0,0,0,0,0,0,0,0,0,0,0,0,1,0,1,0,0,0,0,0,0,0,0,1,0,1,0
car_ed874da0_jpg.rf.beb84a0c78b853ef98801283c755b623.jpg,0,0,1,0,0,0,0,0,0,0,0,0,0,0,0,0,0,1,0,0,0,0,0,0,0,0,0,1,1,0
car_afe2ea9a_jpg.rf.23c7cd801607e43251b8d396a2748b33.jpg,0,0,0,0,0,0,0,0,0,0,1,0,1,0,0,1,0,1,0,0,0,0,0,0,0,0,0,0,0,0
car_cb1e8c45_jpg.rf.fca33e2d7093a0f914a5244c68fa5c06.jpg,0,0,0,0,0,0,0,0,0,0,0,0,0,0,0,1,1,1,0,0,0,0,0,0,0,0,0,0,1,0
car_794c7532_jpg.rf.f039c4ecd6db5552fa75201df131a7d2.jpg,0,0,0,0,0,0,0,0,0,0,0,0,0,1,0,1,0,1,0,0,0,0,0,0,0,0,1,0,0,0
car_e2ba99e4_jpg.rf.c0ea968ff9fea83177886bd13029b10d.jpg,0,0,0,0,0,0,0,0,0,0,0,0,0,0,0,1,0,1,0,0,0,0,0,1,0,0,1,0,0,0
car_b2166b92_jpg.rf.e49c18575eb3849a1389136f1afc35d6.jpg,0,0,1,0,0,0,0,0,0,0,0,0,1,0,0,1,0,1,0,0,0,0,0,0,0,0,0,0,0,0
car_add16b0d_jpg.rf.27f427ab362526d155cd878b6d1bc7e0.jpg,0,0,0,0,0,0,0,0,0,0,0,0,1,0,0,1,0,1,0,0,0,1,0,0,0,0,0,0,0,0
car_75e242d1_jpg.rf.b25abd3052ba2b741b05cfd57897be5e.jpg,0,0,0,0,0,0,0,0,0,0,0,0,0,0,0,1,0,1,0,0,0,0,0,1,1,0,0,0,0,0
car_7abc3823_jpg.rf.8048b4524b8f39096dcb66818f783c5d.jpg,0,0,0,0,0,0,0,0,0,0,0,0,0,0,0,1,0,1,0,0,0,0,0,0,1,0,0,0,1,0
car_a2cf274c_jpg.rf.6ae7b9de61a3aba2c983a5ccbf2acd0a.jpg,0,0,0,0,0,0,0,0,0,0,0,0,0,0,0,1,0,1,0,0,0,0,0,0,0,0,1,0,1,0
car_b19da516_jpg.rf.e3ed63d545accbc07cd112ebd60b2ffc.jpg,0,0,0,0,0,0,0,0,0,0,0,0,1,0,0,1,0,1,0,0,0,0,0,0,0,0,1,0,0,0
car_ab011ecf_jpg.rf.da345d216618f7e80c1fcfcf49826985.jpg,0,0,0,0,0,0,0,0,0,0,0,0,0,0,0,1,0,1,0,0,0,0,0,0,1,0,0,0,1,0
car_79db7cdc_jpg.rf.5f43a2ac9c99ab26580910fe72f65344.jpg,0,0,0,0,0,0,0,0,0,0,0,0,1,0,0,1,0,1,0,0,0,0,0,0,1,0,0,0,0,0
car_ecea4c88_jpg.rf.9d0fd82ca16372353e7337f5c1454b92.jpg,0,0,0,0,0,0,0,0,0,0,0,0,0,0,0,1,0,1,0,0,1,0,0,0,1,0,0,0,0,0
car_a41ed18f_jpg.rf.fc38f3322d1e3a8ea12f59e4ccbf5961.jpg,0,0,0,0,0,0,0,0,0,0,0,0,0,0,0,1,0,1,0,0,0,0,0,0,0,0,1,0,1,0
car_e01685d1_jpg.rf.a6928696f2e34f1c111bf10223392dea.jpg,0,0,0,0,0,0,0,0,0,0,0,0,0,0,0,1,0,0,0,0,0,0,1,0,0,0,1,0,1,0
car_4aa294cf_jpg.rf.f280463e96dda2d5fcd256fa7467b6dd.jpg,0,0,0,1,0,0,0,0,0,0,0,0,0,0,0,1,0,1,0,0,1,0,0,0,0,0,0,0,0,0
car_7c735aba_jpg.rf.bb7ad1653588b2423e20b85180f2ee6b.jpg,0,0,0,0,0,0,0,0,0,0,0,0,0,0,0,1,0,1,0,0,1,0,0,0,0,0,1,0,0,0
car_ae6393a7_jpg.rf.0ea97faf5c24351740af686e7ce9e6c9.jpg,0,0,0,0,0,0,0,1,0,0,0,0,1,0,0,1,0,1,0,0,0,0,0,0,0,0,0,0,0,0
car_719eeef8_jpg.rf.494609023e4898db89ad94b21ba1b687.jpg,0,0,0,0,0,0,0,0,0,0,0,0,1,0,0,1,0,1,0,0,0,1,0,0,0,0,0,0,0,0
car_cab3b37f_jpg.rf.17f4982221d8c17bb69df9c602001c90.jpg,0,0,0,1,0,0,0,0,0,0,0,0,0,0,0,1,0,1,0,0,1,0,0,0,0,0,0,0,0,0
car_cbaa6ef0_jpg.rf.e940656de1e00d1f827e6e0bb2f69d49.jpg,0,0,0,1,0,0,0,0,0,0,0,0,0,0,0,1,0,1,0,0,0,0,0,0,0,0,0,0,1,0
car_96bf76ca_jpg.rf.929475e221f19f6d1acf4195555ca04e.jpg,0,0,0,1,0,0,0,0,0,0,0,0,0,0,0,1,0,1,0,0,1,0,0,0,0,0,0,0,0,0
car_7056b53c_jpg.rf.a587c3043f8e1466e08e6ab37734a118.jpg,0,0,0,0,0,0,0,0,0,0,0,0,0,0,0,1,0,1,0,0,1,0,0,0,0,0,1,0,0,0
car_a2b0be67_jpg.rf.eea5ffe4ca4a29efd05ff3a25c76d9c0.jpg,0,0,0,0,0,0,0,0,0,0,0,0,0,0,0,1,1,1,0,0,0,0,0,0,0,0,0,0,1,0
car_965cc7d6_jpg.rf.27ff6457c7bc31fe2ffc560a7dc01357.jpg,0,0,0,0,0,0,0,0,0,0,0,0,0,0,0,1,0,1,0,0,1,0,0,0,0,0,1,0,0,0
car_796c6fd5_jpg.rf.e9bbb41de73cabda84a14e9103047abd.jpg,0,1,0,0,0,0,0,0,0,0,0,0,1,0,0,1,0,0,0,0,0,0,1,0,0,0,0,0,0,0
car_b2ababb1_jpg.rf.319ecbc115d066b7006d5820f94b5fb2.jpg,0,0,0,0,0,0,0,0,0,0,0,0,0,0,0,1,0,1,0,0,1,1,0,0,0,0,0,0,0,0
car_46932e50_jpg.rf.e10d004e1418fc9da607bad281c3b447.jpg,0,0,0,0,0,0,0,0,0,0,0,0,0,0,0,1,0,1,0,0,0,0,0,0,0,0,1,0,1,0
car_45daac10_jpg.rf.1c12a670dc4abd1a91175af1344420ae.jpg,0,0,0,0,0,0,0,0,0,0,0,0,1,0,0,1,0,1,0,0,0,0,0,0,1,0,0,0,0,0
car_f6c908bb_jpg.rf.4ae8783b4f6d82937f5d09cf909c2a30.jpg,0,0,1,0,0,0,0,0,0,0,0,0,1,0,0,1,0,1,0,0,0,0,0,0,0,0,0,0,0,0
car_ab163dba_jpg.rf.8d6773b44d7ad1c49ebba2c60cf6e31c.jpg,0,0,0,0,0,0,0,0,0,0,0,0,0,0,0,1,0,0,0,0,0,0,1,0,0,1,0,0,1,0
car_e9905523_jpg.rf.ef300f41155763d9435559b3be276822.jpg,0,0,0,0,0,0,0,0,0,0,0,0,0,0,0,1,0,1,0,0,0,0,0,0,1,0,0,0,1,0
car_a36f3c15_jpg.rf.bc4b4e87cfdb3e8b20ed00b2708edddb.jpg,0,0,0,0,0,0,0,0,0,0,0,0,1,0,0,1,0,1,0,0,0,1,0,0,0,0,0,0,0,0
car_62bca7bc_jpg.rf.ab2af0171523142ddf5923632f5b8957.jpg,0,0,0,0,0,0,0,0,0,0,1,0,1,0,0,1,0,1,0,0,0,0,0,0,0,0,0,0,0,0
car_75a14e7b_jpg.rf.931ad2869b03c8a16cc3a6ef72abaeb4.jpg,0,0,0,0,0,0,0,0,0,0,0,0,1,0,0,1,0,1,0,0,0,0,0,0,1,0,0,0,0,0
car_77b70286_jpg.rf.5751cddbefbcbc997ad7d658884c04d3.jpg,0,0,0,0,0,0,0,0,0,0,0,0,1,0,0,1,0,1,0,0,0,0,0,0,1,0,0,0,0,0
car_96de639b_jpg.rf.b8f208f35af26996d764a06f69c3c9b9.jpg,0,0,0,0,0,0,0,0,0,0,0,0,0,0,0,1,0,1,0,0,1,0,0,0,1,0,0,0,0,0
car_88745d07_jpg.rf.6b9ff790ce2fb1242a1a3a5a6ecd39d8.jpg,0,0,0,0,0,0,0,0,0,0,0,0,1,0,0,1,0,1,0,0,0,0,0,0,1,0,0,0,0,0
car_a563861b_jpg.rf.ae963b1287d4657470893b81ca083641.jpg,0,0,0,0,0,0,0,0,0,0,0,0,0,0,0,1,0,1,0,0,1,0,0,0,0,0,1,0,0,0
car_a2eb27e3_jpg.rf.ece76ace25fb9557b773036736a50d39.jpg,0,0,0,1,0,0,0,0,0,0,0,0,0,0,0,1,0,1,0,0,1,0,0,0,0,0,0,0,0,0
car_89524579_jpg.rf.e83d76d091109bb7810fba13fff7b2e4.jpg,0,1,0,0,0,0,0,0,0,0,0,0,1,0,0,1,0,1,0,0,0,0,0,0,0,0,0,0,0,0
car_571bb4f4_jpg.rf.0078a54e0336ceaa7d7ec0c3ca023de8.jpg,0,0,0,0,0,0,0,0,0,0,0,0,1,0,0,1,0,1,0,0,0,1,0,0,0,0,0,0,0,0
car_606bf273_jpg.rf.e19dcb7b384a531dc15c5163e6cc7e84.jpg,0,0,0,0,0,0,0,0,0,0,0,0,0,0,0,1,0,1,0,0,1,1,0,0,0,0,0,0,0,0
car_569a9b23_jpg.rf.0a8705f13b1140d6eb9fdb9843b8f3fc.jpg,0,0,0,0,0,0,0,0,0,0,0,0,1,0,0,1,0,1,0,0,0,1,0,0,0,0,0,0,0,0
car_c956d997_jpg.rf.3291af8ba3ea45a0d3b4c3fb4b1886ab.jpg,0,0,0,1,0,0,0,0,0,0,0,0,0,0,0,1,0,1,0,0,1,0,0,0,0,0,0,0,0,0
car_88d7d1e9_jpg.rf.cbcf9ea2b64381088d2c52e103ba4ba3.jpg,0,0,0,0,0,0,0,0,0,0,0,0,0,0,0,1,0,1,0,0,1,1,0,0,0,0,0,0,0,0
car_5925394b_jpg.rf.c9e5a8b350743404742b2d3c88aae751.jpg,0,0,0,0,0,0,0,0,0,0,0,0,0,1,0,1,0,1,0,0,0,0,0,0,0,0,1,0,0,0
car_cb69ddd1_jpg.rf.d0eb6e34e9729048d3f955736656e849.jpg,0,0,0,0,0,0,0,0,0,0,0,0,0,0,0,1,0,0,0,0,0,0,1,0,1,0,0,0,1,0
car_c69c4b31_jpg.rf.cb456058eaf8991bba85ae593cf393f0.jpg,0,0,0,0,0,0,0,0,0,0,0,0,0,0,0,1,0,1,0,0,1,0,0,0,0,1,0,0,0,0
car_c59e0227_jpg.rf.e6e19618f43762825dc9fe803ccbcb14.jpg,0,0,0,1,0,0,0,0,0,0,0,0,1,0,0,1,0,1,0,0,0,0,0,0,0,0,0,0,0,0
car_5817927a_jpg.rf.a3622843c7e16672387e04b0e7bbc46f.jpg,0,0,0,0,0,0,0,0,0,0,1,0,0,0,0,1,0,1,0,0,1,0,0,0,0,0,0,0,0,0
car_5702df13_jpg.rf.48a8f4776db3cb3c048d8367d95bc6e0.jpg,0,0,0,0,0,0,0,0,0,0,0,0,1,0,0,1,0,1,0,0,0,0,0,0,0,0,1,0,0,0
car_3b6fd9c8_jpg.rf.f3caedc48d03936b988c6911a851e026.jpg,0,0,0,0,0,0,0,0,0,0,0,0,0,0,0,1,0,1,0,0,0,0,0,0,0,0,1,0,1,0
car_891f4539_jpg.rf.1503852d8e60af2f0d0886c4639a331d.jpg,0,0,0,0,0,0,0,0,0,0,0,0,1,0,0,1,1,1,0,0,0,0,0,0,0,0,0,0,0,0
car_5b96e73d_jpg.rf.a0bf0fa79cd667a6190ceaa4a77b320b.jpg,0,0,0,0,0,0,0,0,0,0,0,0,1,0,0,1,0,1,0,0,0,1,0,0,0,0,0,0,0,0
car_5b0765bf_jpg.rf.ce2092692917b6e7ff59879da1f99201.jpg,0,0,0,0,0,0,0,0,0,0,0,0,0,0,0,1,0,1,0,0,0,0,0,0,0,0,1,0,1,0
car_b1c3c0b8_jpg.rf.9c8c6e4667c6c7572d16f7982925f6e5.jpg,0,0,0,0,0,0,0,0,0,0,1,0,1,0,0,1,0,1,0,0,0,0,0,0,0,0,0,0,0,0
car_498ba975_jpg.rf.3b39d1de292383dec388914630e9a1c0.jpg,0,0,0,0,0,0,0,0,0,0,0,0,1,0,0,1,0,0,0,0,0,1,1,0,0,0,0,0,0,0
car_c68fe9e8_jpg.rf.30dafc3e93563d7036e1f76185374f8a.jpg,0,0,0,0,0,0,0,0,0,0,0,0,1,0,0,1,0,1,0,0,0,0,0,0,0,1,0,0,0,0
car_56a6007b_jpg.rf.bb8916a8afe8fdf3d79cfe1b03ac3ead.jpg,0,0,0,0,0,0,0,0,0,0,0,0,0,0,0,1,0,1,0,0,0,0,0,0,1,0,0,0,1,0
car_c77ee616_jpg.rf.04027e5d9f0674dfa7125d6d9ad947cb.jpg,0,0,0,0,0,0,0,0,0,0,0,0,0,0,0,1,0,1,0,0,0,0,0,0,0,1,0,0,1,0
car_771131ef_jpg.rf.31b12f266e60b134327f6f6b6bb28a0d.jpg,0,0,0,0,0,0,0,0,0,0,0,0,1,0,0,1,1,1,0,0,0,0,0,0,0,0,0,0,0,0
car_4622b8ac_jpg.rf.7a0d46fe7c4a7186ad3ceb744e5a4fb8.jpg,1,0,0,0,0,0,0,0,0,0,0,0,1,0,0,1,0,1,0,0,0,0,0,0,0,0,0,0,0,0
car_8a796c9a_jpg.rf.f412580bba54310fc5c410a01f1606b9.jpg,0,0,0,0,0,0,0,0,0,0,0,0,0,0,0,1,0,1,0,0,1,0,0,0,0,0,1,0,0,0
car_5c5d7dbd_jpg.rf.a31b0e2c4d036526ca70dfb8f6ea7812.jpg,0,0,0,0,0,0,0,0,0,0,0,0,1,0,0,1,0,1,0,0,0,1,0,0,0,0,0,0,0,0
car_8ddf516f_jpg.rf.d8824824d593f85dd463c87b83db6b23.jpg,0,0,0,0,0,0,0,0,0,0,0,0,1,0,0,1,0,1,0,0,0,0,0,0,0,1,0,0,0,0
car_c1596cfa_jpg.rf.9b5f41e9c1aab64152720c4a470d6ae0.jpg,0,0,0,0,0,0,0,0,0,0,0,0,0,0,0,1,0,1,0,0,0,0,0,0,0,0,1,0,1,0
car_6779aa88_jpg.rf.376f6f4bdade74f8eb80c0fa59b361b0.jpg,0,0,0,0,0,0,0,1,0,0,0,0,0,0,0,1,0,0,0,0,0,0,1,0,0,0,0,0,1,0
car_48589162_jpg.rf.899c08c58138a93a5dc85db3d99e51a3.jpg,0,0,0,0,0,0,0,0,0,0,0,0,1,0,0,1,0,1,0,0,0,0,0,0,0,0,1,0,0,0
car_5f63c37a_jpg.rf.5298dea69d333f9173e4828ad03afc09.jpg,0,0,0,1,0,0,0,0,0,0,0,0,1,0,0,1,0,1,0,0,0,0,0,0,0,0,0,0,0,0
car_8f4cbe0f_jpg.rf.09a8dfe53e6b93f444392d116620ff7d.jpg,0,0,0,0,0,0,0,1,0,0,0,0,0,0,0,1,0,1,0,0,0,0,0,0,0,0,0,0,1,0
car_8e125589_jpg.rf.004524b7f297b2a0ead52959ff2d6d5b.jpg,0,0,0,0,0,0,0,0,0,0,0,0,0,0,0,1,0,1,0,0,0,0,0,0,0,0,1,0,1,0
car_cab4d0a3_jpg.rf.32dced79a380a60664bdcfcf9ea8ca54.jpg,0,0,0,0,0,0,0,1,0,0,0,0,0,0,0,1,0,1,0,0,0,0,0,0,0,0,0,0,1,0
car_8b70c712_jpg.rf.36ab3f8ff961d612de77ee63cb551718.jpg,0,0,0,0,0,0,0,0,0,0,0,0,0,0,0,1,0,1,0,0,0,0,0,1,0,0,1,0,0,0
car_5a3bf86f_jpg.rf.5f83d4dd336a48f1f63710bf7ab58282.jpg,0,0,0,0,0,0,0,0,0,0,0,0,0,0,0,1,0,1,0,0,1,0,0,0,0,0,1,0,0,0
car_8ea1dfe6_jpg.rf.8b6c534a344907755cf9a02603b352dc.jpg,0,0,0,0,0,0,0,0,0,0,0,0,0,0,0,1,0,1,0,0,1,1,0,0,0,0,0,0,0,0
car_353e5704_jpg.rf.7f7bbc66da4a25ea7303fe40e92e9645.jpg,0,0,0,0,0,0,0,0,0,0,0,0,0,0,0,1,0,1,0,0,1,0,0,0,0,1,0,0,0,0
car_774edd79_jpg.rf.d7b87d2a201b121f4f66de10248ed411.jpg,0,0,0,0,0,0,0,0,0,0,0,0,0,0,0,1,0,1,0,0,0,0,0,0,1,0,0,0,1,0
car_3de34241_jpg.rf.37155aa3f17cda2f9046c02e2a07ed51.jpg,0,0,1,0,0,0,0,0,0,0,0,0,1,0,0,1,0,1,0,0,0,0,0,0,0,0,0,0,0,0
car_5d200a9f_jpg.rf.6939b3e2da529e1623401a304d03abed.jpg,0,0,0,0,0,0,0,0,0,0,0,0,0,0,0,1,0,1,0,0,0,0,0,0,0,0,1,0,1,0
car_41ab6dc2_jpg.rf.0bbe5ba03759bf4f01e822b42dcb2c61.jpg,0,0,0,0,0,0,0,0,0,0,0,0,0,0,0,1,0,1,0,0,1,0,0,0,0,0,1,0,0,0
car_3f01b0dc_jpg.rf.4b93dfdb89f0fece95072447db123ef2.jpg,0,0,0,0,0,0,0,0,0,0,1,0,0,0,0,1,0,1,0,0,0,0,0,0,0,0,0,0,1,0
car_8fb33089_jpg.rf.aa155ed13040b749dd4208371d767e6a.jpg,0,0,0,0,0,0,0,0,0,0,0,0,0,0,0,1,0,1,0,0,0,0,0,0,0,0,1,0,1,0
car_6442aa63_jpg.rf.eac6e6429f231695f68c9aec04065890.jpg,0,0,0,0,0,0,0,0,0,0,0,0,1,0,0,1,0,1,0,0,0,0,0,0,0,0,1,0,0,0
car_452ccc32_jpg.rf.5efd8dfbc75b7de188bef0f706a277bc.jpg,0,0,0,0,0,0,0,0,0,0,0,0,0,0,0,1,0,1,0,0,0,0,0,0,0,0,1,0,1,0
car_5b93cf37_jpg.rf.f001f3a4063ae1e84836e21430996e12.jpg,0,0,0,0,0,0,0,0,0,0,0,0,0,0,0,1,0,1,0,0,1,0,0,0,0,0,1,0,0,0
car_3fc570e1_jpg.rf.22aab72e88372265d51c98ae676809c1.jpg,0,0,0,0,0,0,0,0,0,0,0,0,1,0,0,1,0,1,0,0,0,0,0,0,0,1,0,0,0,0
car_7b83e944_jpg.rf.73b81bdc80e3765baa083c5df835d2b5.jpg,0,0,0,1,0,0,0,0,0,0,0,0,0,0,0,1,0,1,0,0,1,0,0,0,0,0,0,0,0,0
car_5aef5cd1_jpg.rf.52df4123d49819617bc1de988079fc56.jpg,0,0,0,0,0,0,0,0,0,0,0,0,1,0,0,1,0,1,0,0,0,1,0,0,0,0,0,0,0,0
car_90b24584_jpg.rf.aa913841c4071680b757f417a2176057.jpg,0,0,0,0,0,0,0,0,0,0,0,0,0,0,0,1,0,1,0,0,0,0,0,0,0,0,1,0,1,0
car_5d24ee5c_jpg.rf.50c1065ae123ac65c26aa9e2e24a0b06.jpg,0,0,0,0,0,0,0,0,0,0,0,0,0,0,0,1,0,0,0,0,1,0,1,0,0,0,1,0,0,0
car_c15fe189_jpg.rf.2dcd0703dfa8c61c591864ab6c75b896.jpg,0,0,0,0,0,0,0,0,0,0,0,0,1,0,0,1,0,1,0,0,0,0,0,0,1,0,0,0,0,0
car_64a7e9e5_jpg.rf.6cedd2cab0e81cd5db703a7ea03bab2c.jpg,0,0,0,0,0,0,0,0,0,0,0,0,0,0,0,1,0,0,0,0,1,0,1,0,1,0,0,0,0,0
car_c7b79f15_jpg.rf.67d155b7cbd0ca535846678671b8efb0.jpg,0,0,1,0,0,0,0,0,0,0,0,0,1,0,0,1,0,1,0,0,0,0,0,0,0,0,0,0,0,0
car_435876bb_jpg.rf.87fc8a141147759e8c497f1e955f92ab.jpg,0,0,0,0,0,0,0,0,0,0,1,0,1,0,0,1,0,1,0,0,0,0,0,0,0,0,0,0,0,0
car_364227eb_jpg.rf.1ac635557838cff435b80c24d7b69da9.jpg,0,0,0,0,0,0,0,0,0,0,0,0,0,0,0,1,0,1,0,0,1,0,0,0,1,0,0,0,0,0
car_4bab96ba_jpg.rf.c462bd92d139cab55116e2e981499309.jpg,0,0,0,0,0,0,0,0,0,0,0,0,0,0,0,1,0,1,0,0,1,0,0,0,0,0,1,0,0,0
car_3d21fa2d_jpg.rf.471d840c83c21021a4f341c6a038d32d.jpg,0,0,0,0,0,0,0,0,0,0,0,0,1,0,0,1,0,1,0,0,0,0,0,0,1,0,0,0,0,0
car_c214b311_jpg.rf.1549308f9efb6f2a0a4e70bf1597c561.jpg,0,0,0,0,0,0,0,0,0,0,0,0,0,0,0,1,0,1,0,0,1,0,0,0,0,0,1,0,0,0
car_89ed77cc_jpg.rf.f1402558e21d0e60f04fb69744b0597f.jpg,0,0,0,0,0,0,0,0,0,0,0,0,1,0,0,1,0,1,0,0,0,0,0,0,1,0,0,0,0,0
car_2c54ca0c_jpg.rf.3f03efdd27a9852530c411a82a6dc863.jpg,0,0,0,1,0,0,0,0,0,0,0,0,1,0,0,1,0,1,0,0,0,0,0,0,0,0,0,0,0,0
car_c8e6de34_jpg.rf.c1fc5dd18d9e02f1235e638e5e1f7f5f.jpg,0,0,0,0,0,0,0,0,0,0,0,0,1,0,0,1,0,1,0,0,0,1,0,0,0,0,0,0,0,0
car_1c599c26_jpg.rf.7e840dc6c02ee1a2d05c3429bdfde444.jpg,0,0,0,0,0,0,0,0,0,0,0,0,0,0,0,1,0,1,0,0,1,0,0,0,1,0,0,0,0,0
car_1c8b83b0_jpg.rf.357a2f24997c512cdd0dc59ae4658ff4.jpg,0,0,0,0,0,0,0,0,0,0,0,0,1,0,0,1,0,1,0,0,0,1,0,0,0,0,0,0,0,0
car_3c2cc767_jpg.rf.7727894b9bd7a3426dc04a9799ea8477.jpg,0,0,0,0,0,0,0,0,0,0,0,0,0,0,0,1,0,1,0,0,0,0,0,0,0,0,1,0,1,0
car_37612fca_jpg.rf.45e9cb071363b96168f160f21ab44ba0.jpg,0,0,0,0,0,0,0,0,0,0,0,0,0,0,0,1,0,1,0,0,0,0,0,0,0,0,1,0,1,0
car_5d46b35f_jpg.rf.f7da306fac3d946f0adc9ddd23a2caea.jpg,0,0,0,0,0,0,0,0,0,0,0,0,1,0,0,1,0,1,0,0,0,0,0,0,0,1,0,0,0,0
car_39d94121_jpg.rf.c5ef4a738cb8e61117cf773f1c7c6db3.jpg,0,0,0,0,0,0,0,0,0,0,0,0,1,0,0,1,0,1,0,0,0,0,0,0,0,1,0,0,0,0
car_a1b6edca_jpg.rf.3848825329d3bf4f8bfd7b22444ffc7d.jpg,0,0,0,0,0,0,0,0,0,0,0,0,0,0,0,1,0,1,0,0,1,0,0,0,0,0,1,0,0,0
car_0392c0f5_jpg.rf.708eb56128705ee49becb0cc53cdeca9.jpg,0,0,0,0,0,0,0,0,0,0,0,0,0,0,0,1,0,1,0,0,1,0,0,0,0,0,1,0,0,0
car_3c046044_jpg.rf.34d1c8c9fce6f4c8eb6501aeecb87c55.jpg,0,0,0,0,0,0,0,0,0,0,0,0,0,0,0,1,0,1,0,0,1,0,0,0,1,0,0,0,0,0
car_921afab3_jpg.rf.b9777673b61d4f0354b50384bfab199f.jpg,0,0,1,0,0,0,0,0,0,0,0,0,1,0,0,1,0,1,0,0,0,0,0,0,0,0,0,0,0,0
car_4ca6ba88_jpg.rf.738006d037bb270431e17b6e57e903bd.jpg,0,0,0,0,0,0,0,0,0,0,0,0,0,0,0,1,0,1,0,0,0,0,0,0,0,0,1,0,1,0
car_3878986f_jpg.rf.dd84559db73ca4b3db5853c6956d3393.jpg,0,0,0,0,0,0,0,0,0,0,0,0,1,0,0,1,1,1,0,0,0,0,0,0,0,0,0,0,0,0
car_64b0e44e_jpg.rf.c5bf07ab6c459db00695d6f5a8dfba4f.jpg,0,0,0,0,0,0,0,0,0,0,0,0,1,0,0,1,0,1,0,0,0,0,0,0,0,0,1,0,0,0
car_035a274a_jpg.rf.faa59b0abe2ec51fc5c2188b21bbd9a8.jpg,0,0,0,0,0,0,0,0,0,0,0,0,1,0,0,1,0,1,0,0,0,0,0,0,0,0,1,0,0,0
car_3a73d7f7_jpg.rf.f78450abba64a22268842822ea928be6.jpg,0,0,0,0,0,0,0,0,0,0,0,0,1,0,0,1,1,1,0,0,0,0,0,0,0,0,0,0,0,0
car_911871d1_jpg.rf.933c0becb906dc3290638487f396f1a4.jpg,0,0,0,0,0,0,0,0,0,0,0,0,0,0,0,1,0,1,0,0,0,0,0,0,0,0,1,0,1,0
car_4c278005_jpg.rf.7e238aa3a40edcfcdc1eaad1349790d6.jpg,0,0,0,0,0,0,0,0,0,0,0,0,0,0,0,1,0,1,0,0,1,0,0,0,1,0,0,0,0,0
car_64bc5216_jpg.rf.003535c9d70daa79f8a74d1fdeefc75f.jpg,0,0,0,0,0,0,0,0,0,0,0,0,0,0,0,1,0,1,0,0,1,1,0,0,0,0,0,0,0,0
car_9c183a03_jpg.rf.72f92f1328ab97dd204f3a114a6baf9c.jpg,0,0,0,0,0,0,0,0,0,0,0,0,0,0,0,1,0,1,0,0,0,0,0,0,1,0,0,0,1,0
car_9c0f8f9f_jpg.rf.08c331785fe547e640623d79c7d6fece.jpg,0,0,0,0,0,0,0,0,0,0,0,1,0,0,0,1,0,1,0,0,0,0,0,0,0,0,0,0,1,0
car_036cc52a_jpg.rf.d191206980e041c96d024a501d1eec9c.jpg,0,0,0,0,0,0,0,0,0,0,0,0,1,0,0,1,0,1,0,0,0,0,0,0,1,0,0,0,0,0
car_2bb9b947_jpg.rf.704b4033155906251c01a315431605df.jpg,0,0,0,0,0,0,0,0,0,0,0,0,0,0,0,1,0,1,0,0,1,1,0,0,0,0,0,0,0,0
car_0d5824d2_jpg.rf.92517d6c52bd4da30b079f2bd4f19e92.jpg,0,0,0,0,0,0,0,0,0,0,0,0,1,0,0,1,0,1,0,0,0,0,0,0,0,1,0,0,0,0
car_9e2229f2_jpg.rf.5ec3f83202e5aefb0e6f8c296405aca9.jpg,0,0,0,0,0,0,0,0,0,0,0,0,1,0,0,1,0,1,0,0,0,1,0,0,0,0,0,0,0,0
car_9c78002e_jpg.rf.cbc2b72d5007a5eedb8010d79d311c5e.jpg,0,0,0,0,0,0,0,0,0,0,0,0,0,0,0,1,0,1,0,0,1,0,0,0,0,0,1,0,0,0
car_026c7495_jpg.rf.15c9af439822829ec8dd64746d89bf64.jpg,0,0,0,0,0,0,0,0,0,0,0,0,0,0,0,1,0,1,0,0,1,0,0,0,1,0,0,0,0,0
car_3a7702c2_jpg.rf.39a4f9c858df94425a7f8d56898280f3.jpg,0,0,0,0,0,0,0,0,0,0,1,0,1,0,0,1,0,1,0,0,0,0,0,0,0,0,0,0,0,0
car_6a35665f_jpg.rf.4f7f3acb66369ca8157368c34bf41e3f.jpg,0,0,0,0,0,0,0,0,0,0,0,0,0,1,0,1,0,1,0,0,0,0,0,0,0,0,1,0,0,0
car_4d404d26_jpg.rf.542b588d1e1caf6e7f684ee63e6a04e1.jpg,0,0,0,0,0,0,0,0,0,0,0,0,1,0,0,1,0,1,0,0,0,1,0,0,0,0,0,0,0,0
car_1d4ea261_jpg.rf.2d05aaec242ec7c5f239d44596948eef.jpg,0,0,0,0,0,0,0,0,0,0,0,0,0,0,0,1,0,1,0,0,0,0,0,0,0,0,1,0,1,0
car_9c8677c0_jpg.rf.4d66f88cc77121feadb980f9e1b20a04.jpg,0,0,0,0,0,0,0,0,0,0,0,0,0,0,0,1,0,1,0,0,0,0,0,1,0,0,1,0,0,0
car_c1ec7cb4_jpg.rf.91b6d032330a5ef395255f0549ff61ae.jpg,0,0,0,1,0,0,0,0,0,0,0,0,0,0,0,1,0,1,0,0,0,0,0,0,0,0,0,0,1,0
car_3064332f_jpg.rf.53a62c5a46b50564e2894b01308e9e57.jpg,0,0,0,0,0,0,0,0,0,0,0,0,0,0,0,1,0,1,0,0,1,0,0,0,1,0,0,0,0,0
car_5326a9b0_jpg.rf.a5c91c0907d9c78bbf0a02ec36dc2974.jpg,0,0,0,0,0,0,0,0,0,0,0,0,0,0,0,1,0,1,0,0,0,0,0,1,0,0,1,0,0,0
car_c47c2a76_jpg.rf.0d03bf4d345859f99fa831b2ac930356.jpg,0,0,0,0,0,0,0,0,0,0,1,0,1,0,0,1,0,1,0,0,0,0,0,0,0,0,0,0,0,0
car_665035bf_jpg.rf.d811f271656fa23b2b907d59dd286a02.jpg,0,0,0,0,0,0,0,0,0,0,0,0,0,0,0,1,0,1,0,0,1,0,0,0,0,0,1,0,0,0
car_37401aa7_jpg.rf.a154ac99b34a851b0bdbf2bda006161e.jpg,0,0,0,0,0,0,0,0,0,0,0,0,0,0,0,1,0,1,0,0,0,0,0,1,1,0,0,0,0,0
car_9e70ca18_jpg.rf.dd4c3343871fb75c53aa14a6cb6a18c0.jpg,0,0,0,0,0,0,0,0,0,0,0,0,1,0,0,1,1,1,0,0,0,0,0,0,0,0,0,0,0,0
car_c2546122_jpg.rf.e6686ebcdd78c79f49b66d6feb17f432.jpg,0,0,0,0,0,0,0,0,0,0,0,0,1,0,0,1,0,1,0,0,0,1,0,0,0,0,0,0,0,0
car_4aec040f_jpg.rf.4604dce414fd4958a389300627867b51.jpg,0,0,0,1,0,0,0,0,0,0,0,0,1,0,0,1,0,1,0,0,0,0,0,0,0,0,0,0,0,0
car_0f70c0e1_jpg.rf.de3de84ec3dd1042a4c7006f863baaff.jpg,0,0,0,0,0,0,0,0,0,0,0,0,0,0,0,1,0,1,0,0,1,0,0,0,0,0,1,0,0,0
car_6af1cf6d_jpg.rf.c31e387310d677fd00ff4bf00bd50c7a.jpg,0,0,0,0,0,0,0,0,0,0,0,0,0,0,0,1,0,1,0,0,0,0,0,0,0,0,1,0,1,0
car_6d8f5155_jpg.rf.f8eecfd834b857d344b9a063ac29dfe8.jpg,0,0,0,0,0,0,0,0,0,0,0,0,0,0,0,1,0,1,0,0,1,0,0,0,0,0,1,0,0,0
car_c51b829c_jpg.rf.78eae344eb6946b8d5e45a7f5e09e3be.jpg,0,0,0,1,0,0,0,0,0,0,0,0,0,0,0,1,0,0,0,0,0,0,1,0,0,0,0,0,1,0
car_36cb64e2_jpg.rf.1711a762dd60855c5e07b8daedece8c9.jpg,0,0,0,1,0,0,0,0,0,0,0,0,1,0,0,1,0,1,0,0,0,0,0,0,0,0,0,0,0,0
car_03682986_jpg.rf.854bfa4ca568b05b9fed49e9913a12ee.jpg,0,0,0,0,0,0,0,0,0,0,1,0,1,0,0,1,0,1,0,0,0,0,0,0,0,0,0,0,0,0
car_940ace19_jpg.rf.033d19328a9d3263e729a74bf6abfc54.jpg,0,0,0,0,0,0,0,0,0,0,0,0,1,0,0,1,0,1,0,0,0,0,0,0,0,0,1,0,0,0
car_6b9bc84b_jpg.rf.a7dbeeafc29d24d7e39c019fa028be74.jpg,0,0,0,0,0,0,0,0,0,0,0,0,0,0,0,1,1,1,0,0,0,0,0,0,0,0,0,0,1,0
car_3204b907_jpg.rf.44c88ec4465c1a4f12b681bce17360ce.jpg,0,0,0,0,0,0,0,0,0,0,1,0,1,0,0,1,0,1,0,0,0,0,0,0,0,0,0,0,0,0
car_4ebffa00_jpg.rf.df21d36c5903b84f89e351e12446f27b.jpg,0,0,0,1,0,0,0,0,0,0,0,0,0,0,0,1,0,1,0,0,1,0,0,0,0,0,0,0,0,0
car_94288024_jpg.rf.9258597265fa6e26b1b41bb34cce2e28.jpg,0,0,0,0,0,0,0,0,0,0,0,0,0,1,0,1,0,1,0,0,0,0,0,0,0,0,1,0,0,0
car_9e1c45a1_jpg.rf.636bab98c88b8480ab9b1178ea0f25f3.jpg,0,0,0,0,0,0,0,0,0,0,0,0,0,0,0,1,0,1,0,0,0,0,0,0,1,0,0,0,1,0
car_c5e680d0_jpg.rf.30c7dedb1d318904485e96213d1d6830.jpg,0,0,1,0,0,0,0,0,0,0,0,0,1,0,0,1,0,1,0,0,0,0,0,0,0,0,0,0,0,0
car_0d49ef1a_jpg.rf.1ef3ff4d15d92b53a6c44f35dc53047c.jpg,0,0,0,0,0,0,0,0,0,0,0,0,0,0,0,1,1,1,0,0,0,0,0,0,0,0,0,0,1,0
car_2d9559d2_jpg.rf.68edd0aad80ec76b9bdb163648eea069.jpg,0,0,0,0,0,0,0,0,0,0,0,0,1,0,0,1,0,1,0,0,0,0,0,0,1,0,0,0,0,0
car_c1fb035f_jpg.rf.0b981b395a4aa0380e3d76637925254f.jpg,0,0,0,0,0,0,0,0,0,0,0,0,0,0,0,1,0,1,0,0,1,0,0,0,0,0,1,0,0,0
car_9ec99249_jpg.rf.426febe5dc5bd94e1f72d624c8bff155.jpg,0,0,0,0,0,0,0,0,0,0,0,0,0,1,0,1,0,0,0,0,0,0,1,0,0,0,1,0,0,0
car_3121ed03_jpg.rf.cb1dcc37eae528e2c40c4bf54f2c0da5.jpg,0,0,0,0,0,0,0,0,0,0,0,0,0,1,0,1,0,0,0,0,0,0,1,0,1,0,0,0,0,0
car_4db58079_jpg.rf.5960a928de7e0d0f5d6635a778e358a3.jpg,0,0,0,0,0,0,0,0,0,0,0,0,1,0,0,1,1,1,0,0,0,0,0,0,0,0,0,0,0,0
car_67ad29c0_jpg.rf.921433d53f2433615a57a0447331adf7.jpg,0,0,0,0,0,0,0,0,0,0,0,0,0,0,0,1,0,1,0,0,0,0,0,0,1,0,0,0,1,0
car_2e7b68c0_jpg.rf.62ce6c620f497c871454098685ec6e6c.jpg,0,0,0,0,0,0,0,0,0,0,0,0,1,0,0,1,0,1,0,0,0,0,0,0,0,1,0,0,0,0
car_567d1963_jpg.rf.7681bd4c0a96c4d8d8da4c478b81cec9.jpg,0,0,0,0,0,0,0,0,0,0,0,0,0,0,0,1,0,1,0,0,0,0,0,0,1,0,0,0,1,0
car_ecea4c88_jpg.rf.22056185d9642c3412c53f259012c35f.jpg,0,0,0,0,0,0,0,0,0,0,0,0,0,0,0,1,0,1,0,0,1,0,0,0,1,0,0,0,0,0
car_52c0fbad_jpg.rf.e97d1b4be890b930b8f2553ca9b7e841.jpg,0,0,0,0,0,0,0,1,0,0,0,0,1,0,0,1,0,1,0,0,0,0,0,0,0,0,0,0,0,0
car_0cc34572_jpg.rf.dc939c26d008c270ff185d85e1b8705f.jpg,0,0,0,0,0,0,0,0,0,0,0,0,0,0,0,1,0,1,0,0,0,0,0,0,1,0,0,0,1,0
car_0daa884f_jpg.rf.914c37053ea2a8ddf26e44ca37e7f738.jpg,0,0,0,0,0,0,0,1,0,0,0,0,1,0,0,1,0,1,0,0,0,0,0,0,0,0,0,0,0,0
car_ece19aa6_jpg.rf.7abc6a6962da70f3382f842ff41b8660.jpg,0,0,0,0,0,0,0,0,0,0,0,0,1,0,0,1,0,1,0,0,0,0,0,0,1,0,0,0,0,0
car_2e392da4_jpg.rf.de185218f69640c8ea15485d4c89161b.jpg,0,0,0,0,0,0,0,0,0,0,0,1,1,0,0,1,0,1,0,0,0,0,0,0,0,0,0,0,0,0
car_0269392c_jpg.rf.06c9615b1589121cbed7dc429d4e3cb3.jpg,0,0,0,1,0,0,0,0,0,0,0,0,0,0,0,1,0,1,0,0,1,0,0,0,0,0,0,0,0,0
car_021c2b57_jpg.rf.ad239eb522ff2f0eb17caf39668c4491.jpg,0,0,0,1,0,0,0,0,0,0,0,0,1,0,0,1,0,1,0,0,0,0,0,0,0,0,0,0,0,0
car_9f6ba109_jpg.rf.31b3ab1b980b0af533db78b0d704882e.jpg,0,0,0,0,0,0,0,0,0,0,0,0,0,0,0,1,0,1,0,0,1,0,0,0,0,0,1,0,0,0
car_33f931bf_jpg.rf.75eb6bc29ba5d2faf82268bc609488f0.jpg,0,0,0,0,0,0,0,0,0,0,0,0,0,0,0,1,0,1,0,0,0,0,0,0,0,0,1,0,1,0
car_0d7d12bb_jpg.rf.e538353434c9b87a4a243fc2843a33e1.jpg,0,0,0,0,0,0,0,0,0,0,0,0,1,0,0,1,0,1,0,0,0,0,0,0,1,0,0,0,0,0
car_cda34b7b_jpg.rf.6e95ddace538d7ac4b0f1f888d626277.jpg,0,0,0,1,0,0,0,0,0,0,0,0,0,0,0,1,0,1,0,0,1,0,0,0,0,0,0,0,0,0
car_05318562_jpg.rf.83f7d814c6c2bebd1d37477a76e8f803.jpg,0,0,0,0,0,0,0,0,0,0,0,0,0,0,0,1,0,1,0,0,1,0,0,0,0,0,1,0,0,0
car_d814f554_jpg.rf.c811e8485ee95419414872b0a1903223.jpg,0,0,0,0,0,0,0,0,0,0,0,0,0,0,0,1,0,1,0,0,1,0,0,0,1,0,0,0,0,0
car_95691dfa_jpg.rf.1ae2b9af3fc47922ec9c5dfc8f16ef49.jpg,0,0,0,0,0,0,0,0,0,0,0,0,0,0,0,1,0,1,0,0,1,0,0,0,1,0,0,0,0,0
car_965cc7d6_jpg.rf.4015c1210cbb1f9a4c251e0f5ac06695.jpg,0,0,0,0,0,0,0,0,0,0,0,0,0,0,0,1,0,1,0,0,1,0,0,0,0,0,1,0,0,0
car_977b72f6_jpg.rf.4d06531e8dec98e62d3c841eb03f853d.jpg,0,0,0,0,0,0,0,0,0,0,0,0,1,0,0,1,0,1,0,0,0,0,0,0,1,0,0,0,0,0
car_05860335_jpg.rf.d055b31aca71dc60a33a47f6ec95da7d.jpg,0,0,0,0,0,0,0,0,0,0,0,0,1,0,0,1,0,1,0,0,0,0,0,0,0,0,1,0,0,0
car_d90c85ce_jpg.rf.ba5e289a879ba77702f56076a14898a3.jpg,0,0,0,0,0,0,0,0,0,0,0,0,1,0,0,1,0,1,0,0,0,1,0,0,0,0,0,0,0,0
car_953912b3_jpg.rf.800ed66dd1903e2290f6a0d1c4f78255.jpg,0,0,0,0,0,0,0,0,0,0,0,0,0,0,0,1,0,1,0,0,0,0,0,0,0,0,1,0,1,0
car_96bf76ca_jpg.rf.4d6ee1f0a1f7323f07af87502eaec8c7.jpg,0,0,0,1,0,0,0,0,0,0,0,0,0,0,0,1,0,1,0,0,1,0,0,0,0,0,0,0,0,0
car_fab594f2_jpg.rf.fc3625cdd6079715b77ff1805567bae1.jpg,0,0,0,0,0,0,0,0,0,0,0,0,0,0,0,1,0,1,0,0,0,0,0,0,0,0,1,0,1,0
car_96de639b_jpg.rf.e04478131f11a2f60ca54e9d2d723033.jpg,0,0,0,0,0,0,0,0,0,0,0,0,0,0,0,1,0,1,0,0,1,0,0,0,1,0,0,0,0,0
car_e4772156_jpg.rf.6d3ff6932d25a920ad0bef60fe5bb4fe.jpg,0,0,0,0,0,0,0,0,0,0,0,0,1,0,0,1,0,1,0,0,0,1,0,0,0,0,0,0,0,0
car_f223754b_jpg.rf.88321f69099dcdb3b7ce4ee2447fd85f.jpg,0,0,0,0,0,0,0,0,0,0,0,0,0,1,0,1,0,1,0,0,0,0,0,0,0,0,1,0,0,0
car_d427f81c_jpg.rf.c7c2ba87f45bde2333292b349d81e724.jpg,0,0,0,0,0,0,0,0,0,0,0,0,1,0,0,1,0,1,0,0,0,0,0,0,0,0,1,0,0,0
car_084909e8_jpg.rf.dd7dc5a3f9fd3f674b61fbc10ee141db.jpg,0,0,0,1,0,0,0,0,0,0,0,0,0,0,0,1,0,1,0,0,1,0,0,0,0,0,0,0,0,0
car_06e53747_jpg.rf.1e3fd4428eb2ea9b02f4329015ebc066.jpg,0,0,0,0,0,0,0,0,0,0,0,0,0,0,0,1,0,1,0,0,0,0,0,1,0,0,1,0,0,0
car_087c7bea_jpg.rf.b26c1c404f5d5dd5f7ca9fe59c479a4d.jpg,0,0,0,0,0,0,0,0,0,0,0,0,1,0,0,1,0,1,0,0,0,0,0,0,0,1,0,0,0,0
car_d2ea7d95_jpg.rf.3dd0de5dfab7f1f2b3e606fea26dbf77.jpg,0,0,0,0,0,0,0,0,0,0,1,0,1,0,0,1,0,1,0,0,0,0,0,0,0,0,0,0,0,0
car_05d7abfc_jpg.rf.f3fc57ac802ecec40e949125c13f58dd.jpg,0,0,0,0,0,0,0,0,0,0,0,0,1,0,0,1,0,1,0,0,0,0,0,0,0,1,0,0,0,0
car_11b7bff3_jpg.rf.69667406ed2e6eb6d1bcfeb77e3b5021.jpg,0,0,0,0,0,0,0,0,0,0,0,1,1,0,0,1,0,1,0,0,0,0,0,0,0,0,0,0,0,0
car_d32b76c3_jpg.rf.d7d7944a5b50574492555c7ddf09fb75.jpg,0,0,0,0,0,0,0,0,0,0,0,0,1,0,0,1,0,1,0,0,0,0,0,0,1,0,0,0,0,0
car_06b26754_jpg.rf.63656305795a9094641da4a7da7ff044.jpg,0,0,0,0,0,0,0,0,0,0,1,0,1,0,0,1,0,1,0,0,0,0,0,0,0,0,0,0,0,0
car_833bcfc0_jpg.rf.d1632b2160bd92462a0e27a555602b98.jpg,0,0,0,0,0,0,0,0,0,0,0,0,1,0,0,1,0,1,0,0,0,0,0,0,1,0,0,0,0,0
car_84d19b50_jpg.rf.7cfaaf97bf644e458f90ce5127e5e9fd.jpg,0,0,0,0,0,0,0,0,0,0,0,0,1,0,0,1,1,1,0,0,0,0,0,0,0,0,0,0,0,0
car_06d283c9_jpg.rf.bd982aca474b23c548fc79b8b1c0c099.jpg,0,0,0,0,0,0,0,1,0,0,0,0,0,0,0,1,0,1,0,0,0,0,0,0,0,0,0,0,1,0
car_d831b762_jpg.rf.f384873698d952c0166ab50ed1fcf753.jpg,0,0,0,0,0,0,0,0,0,0,0,0,1,0,0,1,0,1,0,0,0,1,0,0,0,0,0,0,0,0
car_973a8fd8_jpg.rf.09d5e0ecbffe012c13646200bff1dfa7.jpg,0,0,0,0,0,0,0,0,0,0,1,0,1,0,0,1,0,1,0,0,0,0,0,0,0,0,0,0,0,0
car_f6d10111_jpg.rf.5dbf39875007b6489d5e629984fea8eb.jpg,0,0,0,0,0,0,0,0,0,0,0,0,0,1,0,1,0,0,0,0,0,0,1,0,1,0,0,0,0,0
car_24ecc633_jpg.rf.7e730b3af2adcc28228626dba16f43e2.jpg,0,0,0,0,0,0,0,0,0,0,0,0,0,0,0,1,0,1,0,0,1,0,0,0,0,0,1,0,0,0
car_05d7abfc_jpg.rf.8f15fc6cac97eaa496d2d02521120c0b.jpg,0,0,0,0,0,0,0,0,0,0,0,0,1,0,0,1,0,1,0,0,0,0,0,0,0,1,0,0,0,0
car_2b692003_jpg.rf.cb7f54f869e4600659206c2239bb4614.jpg,0,0,0,0,0,0,0,0,0,0,1,0,1,0,0,1,0,1,0,0,0,0,0,0,0,0,0,0,0,0
car_f7a66d3b_jpg.rf.e91a27b3efc0c5bce21f13a17bba00cf.jpg,0,0,0,0,0,0,0,0,0,0,0,0,0,1,0,1,0,1,0,0,0,0,0,0,0,1,0,0,0,0
car_0392c0f5_jpg.rf.d91209addafdcbf6349806602995faf1.jpg,0,0,0,0,0,0,0,0,0,0,0,0,0,0,0,1,0,1,0,0,1,0,0,0,0,0,1,0,0,0
car_0715e18a_jpg.rf.0144407abf7243ba1c0e60bef36a500b.jpg,0,0,0,0,0,0,0,0,0,0,0,0,1,0,0,1,0,1,0,0,0,0,0,0,1,0,0,0,0,0
car_dc606a99_jpg.rf.764aac5a5fb7e1fb999b14594ed4bbd9.jpg,0,0,0,0,0,0,0,0,0,0,0,0,0,0,0,1,0,1,0,0,0,0,0,0,0,0,1,0,1,0
car_3064332f_jpg.rf.134512970713df705dd742ed63525127.jpg,0,0,0,0,0,0,0,0,0,0,0,0,0,0,0,1,0,1,0,0,1,0,0,0,1,0,0,0,0,0
car_d5b7cec0_jpg.rf.01be9ddf290fb239fa9bf2010744f351.jpg,0,0,0,0,0,0,0,0,0,0,0,0,0,0,0,1,0,1,0,0,1,0,0,0,0,0,1,0,0,0
car_d450b5b8_jpg.rf.a918b83624c2b9e881f49d63e1439892.jpg,1,0,0,0,0,0,0,0,0,0,0,0,0,1,0,1,0,0,0,0,0,0,0,0,0,0,0,0,0,0
car_94d5f09a_jpg.rf.cab4aea91babd70be78ef20a805d615b.jpg,0,0,0,0,0,1,0,0,0,0,0,0,0,0,0,1,0,1,0,0,1,0,0,0,0,0,0,0,0,0
car_fc4a5ba4_jpg.rf.8ac431a4c86e2a4d22eb0b0aa6c594d0.jpg,0,0,0,0,0,0,0,0,0,0,0,0,1,0,0,1,0,1,0,0,0,0,0,0,1,0,0,0,0,0
car_df877a01_jpg.rf.48258c9071089fce5295110cc1cc1ff9.jpg,0,0,0,0,0,0,0,0,0,0,0,0,0,0,0,1,0,1,0,0,0,0,0,0,0,0,1,0,1,0
car_29284998_jpg.rf.9c95e2bb6615acd7dba6227c3c941615.jpg,0,0,0,0,0,0,0,0,0,0,0,0,0,0,0,1,0,1,0,0,0,0,0,0,0,1,0,0,1,0
car_df70f02d_jpg.rf.8c18b9ad1e9aa2869c7baf2cbf1f4d8f.jpg,0,0,0,0,0,0,0,0,0,0,0,1,0,0,0,1,0,1,0,0,0,0,0,1,0,0,0,0,0,0
car_88745d07_jpg.rf.fc8ad26b45815d96ce87ae11bc09e2e4.jpg,0,0,0,0,0,0,0,0,0,0,0,0,1,0,0,1,0,1,0,0,0,0,0,0,1,0,0,0,0,0
car_2c54ca0c_jpg.rf.890733ea58fe72eaa4d1a88848e0abc0.jpg,0,0,0,1,0,0,0,0,0,0,0,0,1,0,0,1,0,1,0,0,0,0,0,0,0,0,0,0,0,0
car_0b64feb3_jpg.rf.4d7feb97a5dfa28dbb81bc9b7279418d.jpg,0,0,0,0,0,0,0,0,0,0,0,0,0,0,0,1,0,1,0,0,0,0,0,0,0,0,1,0,1,0
car_f7d36978_jpg.rf.7b07500d9a8edf98a630d2fdb5beed22.jpg,0,0,0,0,0,0,0,0,0,0,0,0,0,0,0,1,0,1,0,0,0,0,0,0,0,0,1,0,1,0
car_0b1c26d6_jpg.rf.6b2884e49b1641ca7b1a001d857d044a.jpg,0,0,0,0,0,0,0,0,0,0,0,0,0,0,0,1,0,1,0,0,0,0,0,0,1,0,0,0,1,0
car_da997070_jpg.rf.dce406a50dd9d5ee2778317e328d37b0.jpg,0,0,0,0,0,0,0,0,0,0,0,0,1,0,0,1,1,1,0,0,0,0,0,0,0,0,0,0,0,0
car_d8226025_jpg.rf.6cad41470c35ea1a446de2f55af5da1c.jpg,0,0,0,0,0,0,0,0,0,0,0,0,0,0,0,1,0,1,0,0,1,0,0,0,1,0,0,0,0,0
car_0a9e0ed6_jpg.rf.d545bff3bbb5fff2e88aa9e1f1fd4143.jpg,0,0,0,0,0,0,0,0,0,0,0,0,0,0,0,1,1,1,0,0,0,0,0,0,0,0,0,0,1,0
car_26778327_jpg.rf.315bdd09ef16857cbbdc791068ed3e83.jpg,0,0,0,0,0,0,0,0,0,0,0,0,1,0,0,1,0,1,0,0,0,0,0,0,0,1,0,0,0,0
car_2b016690_jpg.rf.7d2dfc01c32877dc4a221f874fe16ced.jpg,0,0,0,0,0,0,0,0,0,0,0,0,0,0,0,1,0,1,0,0,1,1,0,0,0,0,0,0,0,0
car_2e392da4_jpg.rf.5140afc74673c0c40fafd1b8c7f70241.jpg,0,0,0,0,0,0,0,0,0,0,0,1,1,0,0,1,0,1,0,0,0,0,0,0,0,0,0,0,0,0
car_2835fad5_jpg.rf.e61d921f34d62027595a63b9da1ded4a.jpg,0,0,0,0,0,0,0,0,0,0,1,0,1,0,0,1,0,1,0,0,0,0,0,0,0,0,0,0,0,0
car_86ce66fc_jpg.rf.00dbfd7d1f98202508feda3ffd42548c.jpg,0,0,0,0,0,0,0,0,0,0,0,0,0,0,0,1,0,1,0,0,1,0,0,0,0,0,1,0,0,0
car_9641b4f1_jpg.rf.670adca2b9c30c61221f4a7220800161.jpg,0,0,0,0,0,0,0,0,0,0,0,0,1,0,0,1,0,1,0,0,0,0,0,0,1,0,0,0,0,0
car_0bc101e6_jpg.rf.f3677b3a07d9f0ddc0652e934952cb5f.jpg,0,0,0,0,0,0,0,0,0,0,0,0,0,0,0,1,0,1,0,0,0,0,0,0,0,0,1,0,1,0
car_850a6e8e_jpg.rf.d076f082799d1a99a3d082fa31fc4568.jpg,0,0,0,0,0,0,0,0,0,0,0,0,1,0,0,1,0,1,0,0,0,0,0,0,1,0,0,0,0,0
car_2d9559d2_jpg.rf.e928c2c775b14e4deb736ff24697c93a.jpg,0,0,0,0,0,0,0,0,0,0,0,0,1,0,0,1,0,1,0,0,0,0,0,0,1,0,0,0,0,0
car_11fba8b8_jpg.rf.e4ec711d19f9441fc0720ccf288eba21.jpg,0,0,0,1,0,0,0,0,0,0,0,0,0,0,0,1,0,1,0,0,0,0,0,0,0,0,0,0,1,0
car_f8c6d165_jpg.rf.c0cd30dbe719d45a4f84c70161db1506.jpg,0,0,1,0,0,0,0,0,0,0,0,0,1,0,0,1,0,1,0,0,0,0,0,0,0,0,0,0,0,0
car_26a425cb_jpg.rf.4057b667a86f18451725d7e2387d7592.jpg,0,0,0,0,0,0,0,0,0,0,0,0,0,0,0,1,0,1,0,0,1,0,0,0,1,0,0,0,0,0
car_11fe22ed_jpg.rf.08c1aa60f459dc8212064648a97c1e00.jpg,0,0,0,0,0,0,0,1,0,0,0,0,0,0,0,1,0,1,0,0,0,0,0,0,0,0,0,0,1,0
car_de95307e_jpg.rf.29e8e6bb8317842d78da70cdff7aa822.jpg,0,0,0,0,0,0,0,0,0,0,0,0,0,1,0,1,0,0,0,0,0,0,1,0,0,0,1,0,0,0
car_2bb9b947_jpg.rf.bab2b7f99dd0ea99fe8bc2b4eef7cbbc.jpg,0,0,0,0,0,0,0,0,0,0,0,0,0,0,0,1,0,1,0,0,1,1,0,0,0,0,0,0,0,0
car_010b903f_jpg.rf.9397c441680ad1fb1c34111b54f05d46.jpg,0,0,0,0,0,1,0,0,0,0,0,0,1,0,0,1,0,1,0,0,0,0,0,0,0,0,0,0,0,0
car_fa393743_jpg.rf.a2f90e9df18182041636e3f6ed264a3b.jpg,0,0,0,0,0,0,0,0,0,0,0,0,1,0,0,1,0,1,0,0,0,1,0,0,0,0,0,0,0,0
car_0cc34572_jpg.rf.c11855716843d1ac8997b8f614d6bc67.jpg,0,0,0,0,0,0,0,0,0,0,0,0,0,0,0,1,0,1,0,0,0,0,0,0,1,0,0,0,1,0
car_048631f3_jpg.rf.96e832c3284979f8451828bde85024e5.jpg,0,0,0,1,0,0,0,0,0,0,0,0,1,0,0,1,0,1,0,0,0,0,0,0,0,0,0,0,0,0
car_d2a20d56_jpg.rf.a3ab9541919782c55d4f760cec024f0a.jpg,0,0,0,0,0,0,0,0,0,0,0,0,0,0,0,1,0,1,0,0,0,0,0,0,1,0,0,0,1,0
car_1999e36d_jpg.rf.e42c2f2f6ef1550da66d5e21a14a55ce.jpg,0,0,0,0,0,0,0,1,0,0,0,0,0,0,0,1,0,1,0,0,1,0,0,0,0,0,0,0,0,0
car_0b7a03cc_jpg.rf.fc70ecee2c072d5363c59d435af45cd9.jpg,0,0,0,0,0,0,0,0,0,0,0,0,0,0,0,1,0,1,0,0,0,0,0,1,0,0,1,0,0,0
car_da684872_jpg.rf.de861792d6e9bf44d60c0a62fc92427e.jpg,0,0,0,0,0,0,0,0,0,0,0,1,0,0,0,1,0,1,0,0,0,0,0,0,0,0,0,0,1,0
car_26f1ba44_jpg.rf.9cfc289f772163cff0b63c760d49c5d4.jpg,1,0,0,0,0,0,0,0,0,0,0,0,1,0,0,1,0,1,0,0,0,0,0,0,0,0,0,0,0,0
car_1a7e6908_jpg.rf.316e70f6527d74f63f3f3625da887f08.jpg,0,0,0,0,0,0,0,0,0,0,0,0,1,0,0,1,0,1,0,0,0,1,0,0,0,0,0,0,0,0
car_d4284619_jpg.rf.970ebbab847367d15fe2561a2065ebda.jpg,0,0,0,1,0,0,0,0,0,0,0,0,0,0,0,1,0,1,0,0,1,0,0,0,0,0,0,0,0,0
car_336b9d4e_jpg.rf.8b2a626b465536acf0c94c0a31abdc41.jpg,0,0,0,0,0,0,0,0,0,0,0,0,0,0,0,1,0,1,0,0,1,0,0,0,0,0,1,0,0,0
car_891f4539_jpg.rf.89cc406d2ea27ffc3c82a9017f2637ec.jpg,0,0,0,0,0,0,0,0,0,0,0,0,1,0,0,1,1,1,0,0,0,0,0,0,0,0,0,0,0,0
car_8515880d_jpg.rf.aaeff464a16f47482be053759ee03d0d.jpg,0,0,0,0,0,0,0,0,0,0,0,0,0,0,0,1,0,1,0,0,0,0,0,0,1,0,0,0,1,0
car_25a123d5_jpg.rf.283a3ba19c2cf84cfa54447cfa968faf.jpg,0,0,1,0,0,0,0,0,0,0,0,0,1,0,0,1,0,1,0,0,0,0,0,0,0,0,0,0,0,0
car_036cc52a_jpg.rf.9a53a69d6f69e82c27d3de4650243de5.jpg,0,0,0,0,0,0,0,0,0,0,0,0,1,0,0,1,0,1,0,0,0,0,0,0,1,0,0,0,0,0
car_26492075_jpg.rf.57295cb07117426a404561b18cdf5a3d.jpg,0,0,0,0,0,0,0,0,0,0,0,0,0,0,0,1,0,1,0,0,0,0,0,0,0,0,1,0,1,0
car_888bdf32_jpg.rf.d14da8b1a6cdd2725f57dad3a2d8336c.jpg,0,0,0,0,0,0,0,0,0,0,0,0,0,0,0,1,0,1,0,0,0,0,0,0,0,0,1,0,1,0
car_fc8548d9_jpg.rf.61f808a1ba596e62a0638a9b7051875b.jpg,0,0,0,0,0,0,0,0,0,0,0,0,1,0,0,1,1,1,0,0,0,0,0,0,0,0,0,0,0,0
car_85200c4c_jpg.rf.e20262ed5b96ffd0df05df92d05128cc.jpg,0,0,0,0,0,0,0,0,0,0,1,0,1,0,0,1,0,1,0,0,0,0,0,0,0,0,0,0,0,0
car_db4d1345_jpg.rf.2d71217fdef31ca482932c43bd6e2fd8.jpg,0,0,0,0,0,0,0,0,0,0,0,0,0,0,0,1,0,1,0,0,1,0,0,0,1,0,0,0,0,0
car_f4ead592_jpg.rf.b4a6c5cae68326075806cd3cb7082c48.jpg,0,0,0,0,0,0,0,0,0,0,0,0,0,1,0,1,1,1,0,0,0,0,0,0,0,0,0,0,0,0
car_33f931bf_jpg.rf.2c5443bf169e3f34b33a3e2109e01804.jpg,0,0,0,0,0,0,0,0,0,0,0,0,0,0,0,1,0,1,0,0,0,0,0,0,0,0,1,0,1,0
car_f78ad7bc_jpg.rf.05684fcaf761b5b7c0916b4c9c97c474.jpg,0,0,0,0,0,0,0,0,0,0,0,0,1,0,0,1,0,1,0,0,0,0,0,0,1,0,0,0,0,0
car_18cb9e17_jpg.rf.ca1bfa7066f4dd01681dd71496ee378f.jpg,0,0,0,0,0,0,0,0,0,0,0,0,0,0,0,1,0,1,0,0,0,0,0,0,0,0,1,0,1,0
car_f6c908bb_jpg.rf.8f300234553e26d6b97f185cb3677cdd.jpg,0,0,1,0,0,0,0,0,0,0,0,0,1,0,0,1,0,1,0,0,0,0,0,0,0,0,0,0,0,0
car_3204b907_jpg.rf.527c04ee531b3ffcc9b25822b007bdba.jpg,0,0,0,0,0,0,0,0,0,0,1,0,1,0,0,1,0,1,0,0,0,0,0,0,0,0,0,0,0,0
car_88d7d1e9_jpg.rf.859256994b95bb26f27d7949dec843b6.jpg,0,0,0,0,0,0,0,0,0,0,0,0,0,0,0,1,0,1,0,0,1,1,0,0,0,0,0,0,0,0
car_0d49ef1a_jpg.rf.ecab7c9c766d205bec72ecf7f7939080.jpg,0,0,0,0,0,0,0,0,0,0,0,0,0,0,0,1,1,1,0,0,0,0,0,0,0,0,0,0,1,0
car_1c4abfd4_jpg.rf.997ee2ee8a2bd5bfafb29f56cae7eee0.jpg,0,0,0,0,0,0,0,0,0,0,0,0,0,0,0,1,0,1,0,0,1,0,0,0,1,0,0,0,0,0
car_0499a860_jpg.rf.fac0547fcb7182a27e69f78108a2c629.jpg,0,0,0,0,0,0,0,0,0,0,0,0,0,0,0,1,0,1,0,0,1,0,0,0,0,0,1,0,0,0
car_0d7d12bb_jpg.rf.3cb0bd16ef44a8671506112a1416bff5.jpg,0,0,0,0,0,0,0,0,0,0,0,0,1,0,0,1,0,1,0,0,0,0,0,0,1,0,0,0,0,0
car_12214502_jpg.rf.a146d9c65d36a94a740bebb373a5528f.jpg,0,0,0,0,0,0,0,0,0,0,0,0,0,0,0,1,0,1,0,0,1,1,0,0,0,0,0,0,0,0
car_dafb8aa3_jpg.rf.0ed901db8473d81845b823cfd6f72c5f.jpg,0,0,0,0,0,0,0,0,0,0,0,0,1,0,0,1,0,1,0,0,0,1,0,0,0,0,0,0,0,0
car_3121ed03_jpg.rf.037443ac15e5b145dfd40ee086b8e2f8.jpg,0,0,0,0,0,0,0,0,0,0,0,0,0,1,0,1,0,0,0,0,0,0,1,0,1,0,0,0,0,0
car_0d5824d2_jpg.rf.46087c2e73daefd4f6e00828896c1b18.jpg,0,0,0,0,0,0,0,0,0,0,0,0,1,0,0,1,0,1,0,0,0,0,0,0,0,1,0,0,0,0
car_89ed77cc_jpg.rf.2e7180effe8dbe4f6cde057f59645388.jpg,0,0,0,0,0,0,0,0,0,0,0,0,1,0,0,1,0,1,0,0,0,0,0,0,1,0,0,0,0,0
car_1b922880_jpg.rf.97df1977b1b038e2a9013db5c76c742c.jpg,0,0,0,0,0,0,0,0,0,0,0,0,0,0,0,1,0,1,0,0,1,0,0,0,0,0,1,0,0,0
car_3064332f_jpg.rf.3ed89f6ed82279ecb079dcc2c721a38f.jpg,0,0,0,0,0,0,0,0,0,0,0,0,0,0,0,1,0,1,0,0,1,0,0,0,1,0,0,0,0,0
car_021c2b57_jpg.rf.28730fc3610782f9c217aa1706f3b67f.jpg,0,0,0,1,0,0,0,0,0,0,0,0,1,0,0,1,0,1,0,0,0,0,0,0,0,0,0,0,0,0
car_1b19c5dc_jpg.rf.96341649682004f7be8f1fc8fc1059a9.jpg,0,0,0,0,0,0,0,0,0,0,0,0,1,0,0,1,0,1,0,0,0,0,0,0,1,0,0,0,0,0
car_1d4ea261_jpg.rf.8a70ebdb274be0f56a7caecf3bc867fc.jpg,0,0,0,0,0,0,0,0,0,0,0,0,0,0,0,1,0,1,0,0,0,0,0,0,0,0,1,0,1,0
truck_5e3276c4_jpg.rf.3218425a9e8c636478fb6e48e0612532.jpg,0,0,0,0,0,0,0,1,0,0,0,0,0,0,0,1,0,0,0,0,0,0,1,0,0,0,0,0,1,0
car_0eac5278_jpg.rf.d0b6de0b8b92765a4a654bc4340daa29.jpg,0,0,0,0,0,0,0,0,0,0,0,0,0,0,0,1,0,1,0,0,1,1,0,0,0,0,0,0,0,0
car_d6999dd8_jpg.rf.21b2341599f7a9966ba19b0d635756f1.jpg,0,0,0,0,0,0,0,0,0,0,0,0,0,1,0,1,0,1,0,0,0,0,0,0,1,0,0,0,0,0
car_89524579_jpg.rf.db343f1e1b1c45952b13c3334a02fd84.jpg,0,1,0,0,0,0,0,0,0,0,0,0,1,0,0,1,0,1,0,0,0,0,0,0,0,0,0,0,0,0
car_cde417f3_jpg.rf.76c2dab517793c7d1e3d3ab80c4bd8e7.jpg,0,0,0,0,0,0,0,0,0,0,0,0,1,0,0,1,1,1,0,0,0,0,0,0,0,0,0,0,0,0
car_20011094_jpg.rf.9b1462b98e982b82128eb1cff8711215.jpg,0,0,0,0,0,0,0,0,0,0,0,0,1,0,0,1,1,1,0,0,0,0,0,0,0,0,0,0,0,0
car_231cf5ee_jpg.rf.5b7dac95e5e38f5aa8758011bd879c52.jpg,0,0,0,0,0,0,0,0,0,0,0,0,1,0,0,1,0,1,0,0,0,0,0,0,0,0,1,0,0,0
car_0fa27b85_jpg.rf.e2f147f6b707c9506b660da22a0a81df.jpg,0,0,0,0,0,0,0,0,0,0,0,0,0,1,0,1,0,1,0,0,0,0,0,0,1,0,0,0,0,0
car_208373b3_jpg.rf.73d84a2c879894f887328aa89e7ac0a4.jpg,0,0,0,0,0,0,0,0,0,0,0,0,0,1,0,1,0,1,0,0,0,0,0,0,0,0,1,0,0,0
car_1c8b83b0_jpg.rf.de4b9f7fccfc24b831743feefeb2d6f4.jpg,0,0,0,0,0,0,0,0,0,0,0,0,1,0,0,1,0,1,0,0,0,1,0,0,0,0,0,0,0,0
car_cda34b7b_jpg.rf.ddb30b77465db50cb6536709dff8ae5a.jpg,0,0,0,1,0,0,0,0,0,0,0,0,0,0,0,1,0,1,0,0,1,0,0,0,0,0,0,0,0,0
car_0f70c0e1_jpg.rf.768b6963d6f4ab9e4e3e9eb516679aef.jpg,0,0,0,0,0,0,0,0,0,0,0,0,0,0,0,1,0,1,0,0,1,0,0,0,0,0,1,0,0,0
car_1c599c26_jpg.rf.7ab3fc310a8d336b9e5e6a1113e135ea.jpg,0,0,0,0,0,0,0,0,0,0,0,0,0,0,0,1,0,1,0,0,1,0,0,0,1,0,0,0,0,0
car_1d85aada_jpg.rf.f4c880f7eb108d940a0df123b1a1f9d8.jpg,0,0,0,0,0,0,0,0,0,0,0,0,1,0,0,1,1,1,0,0,0,0,0,0,0,0,0,0,0,0
car_fe586daf_jpg.rf.9608e2776d7b972ecf2a017db30cf7dc.jpg,0,0,0,0,0,0,0,0,0,0,1,0,0,0,0,1,0,1,0,0,1,0,0,0,0,0,0,0,0,0
truck_1033994c_jpg.rf.289756fe7cd05806e3b6e583a576268e.jpg,0,0,0,0,0,0,0,0,0,1,0,0,0,0,0,1,0,1,0,1,0,0,0,0,0,0,0,0,0,0
car_ed145448_jpg.rf.0bfe303805ce2ea5cc0b27d14d1dfaef.jpg,0,0,0,0,0,0,0,0,0,0,0,1,0,0,0,1,0,1,0,0,0,0,0,0,0,0,0,0,1,0
car_d5b7cec0_jpg.rf.bae89201e179174b6c1a868d498145f3.jpg,0,0,0,0,0,0,0,0,0,0,0,0,0,0,0,1,0,1,0,0,1,0,0,0,0,0,1,0,0,0
car_1c337a8b_jpg.rf.a1291b363f5887f536b06d2b2b322291.jpg,0,0,0,0,0,0,0,0,0,0,0,0,0,0,0,1,0,1,0,0,0,0,0,0,0,0,1,0,1,0
car_138f3cf7_jpg.rf.dec8f3479934bb19bfcc6e2e3cd6c34c.jpg,0,0,0,0,0,0,0,0,0,0,0,0,0,1,0,1,0,1,0,0,0,0,0,0,0,0,1,0,0,0
car_20302a2e_jpg.rf.3b00d192792f650bd5cf14f147251fef.jpg,0,0,0,0,0,0,0,0,0,0,0,0,1,0,0,1,0,1,0,0,0,0,0,0,0,1,0,0,0,0
car_e9905523_jpg.rf.c3e0c14acee5bfb3ed7bcbe65904f462.jpg,0,0,0,0,0,0,0,0,0,0,0,0,0,0,0,1,0,1,0,0,0,0,0,0,1,0,0,0,1,0
car_d5d3517d_jpg.rf.9902918c27b8e7b09e5f04d249805b7c.jpg,0,0,0,0,0,0,0,0,0,0,0,0,0,0,0,1,0,1,0,0,0,0,0,0,0,0,1,0,1,0
car_021c2b57_jpg.rf.d4d22dc883cfe1d02033e9dd12b3c27a.jpg,0,0,0,1,0,0,0,0,0,0,0,0,1,0,0,1,0,1,0,0,0,0,0,0,0,0,0,0,0,0
car_014d3a50_jpg.rf.2a222d05c12c0594c74cfba6cecaae76.jpg,0,0,0,0,0,0,0,0,0,0,0,0,0,1,0,1,0,1,0,0,0,0,0,0,0,0,1,0,0,0
car_100affc4_jpg.rf.baf9063327044e169137773659eedcf4.jpg,0,0,0,0,0,0,0,0,0,0,0,0,1,0,0,1,0,1,0,0,0,1,0,0,0,0,0,0,0,0
car_d4284619_jpg.rf.3546a5d4ea1abb8cc9f9e2bb3849a2b9.jpg,0,0,0,1,0,0,0,0,0,0,0,0,0,0,0,1,0,1,0,0,1,0,0,0,0,0,0,0,0,0
car_d814f554_jpg.rf.169ccab38b2788aef938628a057bf0a0.jpg,0,0,0,0,0,0,0,0,0,0,0,0,0,0,0,1,0,1,0,0,1,0,0,0,1,0,0,0,0,0
car_141ddae3_jpg.rf.4a04c6900953c6859a980a475b63f9d2.jpg,0,0,0,0,0,0,0,1,0,0,0,0,0,0,0,1,0,1,0,0,1,0,0,0,0,0,0,0,0,0
car_d8226025_jpg.rf.0514fc077683e09e9809a11b43d10e44.jpg,0,0,0,0,0,0,0,0,0,0,0,0,0,0,0,1,0,1,0,0,1,0,0,0,1,0,0,0,0,0
car_cfd3c76c_jpg.rf.d357fcdea5fd4fc046b753a631819cbd.jpg,0,0,0,0,0,0,0,1,0,0,0,0,0,0,0,1,0,1,0,0,0,0,0,0,0,0,0,0,1,0
car_f6c908bb_jpg.rf.985903dc89bd2d90f873d4baa72613d1.jpg,0,0,1,0,0,0,0,0,0,0,0,0,1,0,0,1,0,1,0,0,0,0,0,0,0,0,0,0,0,0
car_d90c85ce_jpg.rf.112cfbcd588e57364d5fbc8627221f0e.jpg,0,0,0,0,0,0,0,0,0,0,0,0,1,0,0,1,0,1,0,0,0,1,0,0,0,0,0,0,0,0
car_d450b5b8_jpg.rf.e0166cc0bbff881ffdc1e7e74261d0c9.jpg,1,0,0,0,0,0,0,0,0,0,0,0,0,1,0,1,0,0,0,0,0,0,0,0,0,0,0,0,0,0
car_da684872_jpg.rf.4d3e2d305b37c8c3be1bb73e0ae069f7.jpg,0,0,0,0,0,0,0,0,0,0,0,1,0,0,0,1,0,1,0,0,0,0,0,0,0,0,0,0,1,0
car_752a3da2_jpg.rf.b2a80257e82ca567eac552ad8cefcb87.jpg,0,0,0,0,0,0,0,0,0,0,0,0,0,0,0,1,0,1,0,0,0,0,0,0,0,0,1,0,1,0
car_109fbce1_jpg.rf.7634621f627117e8f8184e80fb9f9c48.jpg,0,0,0,0,0,0,0,0,0,0,0,0,0,0,0,1,0,1,0,0,0,0,0,0,0,0,1,0,1,0
car_db4d1345_jpg.rf.a0ec93fe7cb22d1d85b84b9e071bee7f.jpg,0,0,0,0,0,0,0,0,0,0,0,0,0,0,0,1,0,1,0,0,1,0,0,0,1,0,0,0,0,0
car_2e7b68c0_jpg.rf.9a9b9cc89e5e9d68c1af8cf85f5cca13.jpg,0,0,0,0,0,0,0,0,0,0,0,0,1,0,0,1,0,1,0,0,0,0,0,0,0,1,0,0,0,0
car_cf3999ec_jpg.rf.b90408399726c8dc77d15e054ba708e6.jpg,0,0,0,0,0,0,0,0,0,0,0,0,0,0,0,1,1,1,0,0,0,0,0,0,0,0,0,0,1,0
car_122b66da_jpg.rf.33bc6594f7f2cc93d4b676daba30eb7e.jpg,0,0,0,0,0,0,0,0,0,0,0,0,0,0,0,1,0,1,0,0,1,0,0,0,0,0,1,0,0,0
car_dafb8aa3_jpg.rf.b8ea2a566bb2d24432756b4666279e7b.jpg,0,0,0,0,0,0,0,0,0,0,0,0,1,0,0,1,0,1,0,0,0,1,0,0,0,0,0,0,0,0
car_1263c5d1_jpg.rf.0e701c356b0098c9d0fb17727a95620b.jpg,0,0,0,0,0,0,0,0,0,0,0,0,0,0,0,1,0,1,0,0,0,0,0,1,0,0,1,0,0,0
car_f4ead592_jpg.rf.2e00ca2b4317f8cedf4a2b98fc772622.jpg,0,0,0,0,0,0,0,0,0,0,0,0,0,1,0,1,1,1,0,0,0,0,0,0,0,0,0,0,0,0
car_18923855_jpg.rf.ef8e54f8877bfaff6474e50596a5f561.jpg,0,0,0,0,0,0,0,0,0,0,0,0,0,0,0,1,0,1,0,0,0,0,0,0,1,0,0,0,1,0
car_ed874da0_jpg.rf.bd1f3e86b530bc86d4ac6c1c9fa20f54.jpg,0,0,1,0,0,0,0,0,0,0,0,0,0,0,0,0,0,1,0,0,0,0,0,0,0,0,0,1,1,0
car_d831b762_jpg.rf.e3cbd8ba871c214d6ba56ed506f8334f.jpg,0,0,0,0,0,0,0,0,0,0,0,0,1,0,0,1,0,1,0,0,0,1,0,0,0,0,0,0,0,0
car_ece19aa6_jpg.rf.6cd59c63638e15c7b210c05ba77e47e4.jpg,0,0,0,0,0,0,0,0,0,0,0,0,1,0,0,1,0,1,0,0,0,0,0,0,1,0,0,0,0,0
car_dc606a99_jpg.rf.c26058019926d5a5790adf128d659ea0.jpg,0,0,0,0,0,0,0,0,0,0,0,0,0,0,0,1,0,1,0,0,0,0,0,0,0,0,1,0,1,0
car_15d8e80c_jpg.rf.c4f78a9d97fe954a7154f7d654d09eff.jpg,0,0,0,0,0,0,0,0,0,0,0,0,0,0,1,1,0,1,0,0,0,0,0,0,1,0,0,0,0,0
car_d2a20d56_jpg.rf.ea673e5b5dfed0daece7933dded11ca2.jpg,0,0,0,0,0,0,0,0,0,0,0,0,0,0,0,1,0,1,0,0,0,0,0,0,1,0,0,0,1,0
car_ecea4c88_jpg.rf.d6dc4005a90f23924cfbc2531bd9d095.jpg,0,0,0,0,0,0,0,0,0,0,0,0,0,0,0,1,0,1,0,0,1,0,0,0,1,0,0,0,0,0
car_0269392c_jpg.rf.63ce9d1ed479565e3219a5bdd1f77fb4.jpg,0,0,0,1,0,0,0,0,0,0,0,0,0,0,0,1,0,1,0,0,1,0,0,0,0,0,0,0,0,0
car_01933681_jpg.rf.fb1e7b20acdd5d6b49f5ef8591894c64.jpg,0,0,0,0,0,0,0,0,0,0,0,0,1,0,0,1,0,1,0,0,0,0,0,0,0,1,0,0,0,0
car_d2ea7d95_jpg.rf.f1c0543dc375fe620e2f56f19b22c76c.jpg,0,0,0,0,0,0,0,0,0,0,1,0,1,0,0,1,0,1,0,0,0,0,0,0,0,0,0,0,0,0
car_73cc7f19_jpg.rf.72b4b36b420dbb3ec3c2a73dba3d803a.jpg,0,0,0,0,0,0,0,0,0,0,0,0,1,0,0,1,0,1,0,0,0,0,0,0,0,0,1,0,0,0
car_115373fc_jpg.rf.08967cd96be9116d3cab33ecd2911ffe.jpg,0,0,0,0,0,0,0,0,0,0,0,0,0,0,0,1,0,1,0,0,1,0,0,0,1,0,0,0,0,0
car_ec4abe8b_jpg.rf.816921515b455326eae0b0b2e293b359.jpg,0,0,0,0,0,0,0,0,0,0,0,0,0,0,0,1,0,1,0,0,0,0,0,1,0,0,1,0,0,0
truck_73b6797a_jpg.rf.81867b25c0b4292e83fea452085f5c6f.jpg,0,0,0,0,0,1,0,0,0,0,0,0,0,0,0,1,0,1,0,0,1,0,0,0,0,0,0,0,0,0
car_f6d10111_jpg.rf.fa38740988aab95e5f3bc491290f64b1.jpg,0,0,0,0,0,0,0,0,0,0,0,0,0,1,0,1,0,0,0,0,0,0,1,0,1,0,0,0,0,0
car_026c7495_jpg.rf.18a80d79171750e5e158b00c0c19aa98.jpg,0,0,0,0,0,0,0,0,0,0,0,0,0,0,0,1,0,1,0,0,1,0,0,0,1,0,0,0,0,0
car_03682986_jpg.rf.396ba753f499db64fe741179a6902537.jpg,0,0,0,0,0,0,0,0,0,0,1,0,1,0,0,1,0,1,0,0,0,0,0,0,0,0,0,0,0,0
car_d32b76c3_jpg.rf.a64265ceb5689adcec3acfc9ffbdff26.jpg,0,0,0,0,0,0,0,0,0,0,0,0,1,0,0,1,0,1,0,0,0,0,0,0,1,0,0,0,0,0
car_71aa8436_jpg.rf.5d0e480a263351b3fd5eb2fd59cad38e.jpg,0,0,0,0,0,0,0,0,0,0,0,0,0,0,0,1,0,1,0,0,1,0,0,0,0,0,1,0,0,0
car_89ed77cc_jpg.rf.f0a28edddb6cfe20ab57049ee350449d.jpg,0,0,0,0,0,0,0,0,0,0,0,0,1,0,0,1,0,1,0,0,0,0,0,0,1,0,0,0,0,0
truck_628e3b0a_jpg.rf.b36c28420f2419079b9eba7d748344ea.jpg,0,0,0,0,0,0,0,0,0,0,1,0,1,0,0,1,0,1,0,0,0,0,0,0,0,0,0,0,0,0
car_da997070_jpg.rf.9e59149e2fadb7552cdc84baece519cf.jpg,0,0,0,0,0,0,0,0,0,0,0,0,1,0,0,1,1,1,0,0,0,0,0,0,0,0,0,0,0,0
car_d6999dd8_jpg.rf.b704c997d67ec2daf025192d6aa83e80.jpg,0,0,0,0,0,0,0,0,0,0,0,0,0,1,0,1,0,1,0,0,0,0,0,0,1,0,0,0,0,0
car_ea5366b0_jpg.rf.0a89d073b1c0b6e31924b130d077802e.jpg,0,0,0,0,0,0,0,0,0,0,0,0,1,0,0,1,0,1,0,0,0,0,0,0,1,0,0,0,0,0
truck_628e3b0a_jpg.rf.844d838d70fe53a222244eab0874b22b.jpg,0,0,0,0,0,0,0,0,0,0,1,0,1,0,0,1,0,1,0,0,0,0,0,0,0,0,0,0,0,0
car_ce893d7c_jpg.rf.96cb27f914cc6a654c639e9d94391351.jpg,0,0,1,0,0,0,0,0,0,0,0,0,1,0,0,1,0,1,0,0,0,0,0,0,0,0,0,0,0,0
car_e4237230_jpg.rf.b7ebe456403f5c95d21d0e4aa78b1aed.jpg,0,0,0,0,0,0,0,0,0,0,0,0,0,0,0,1,1,1,0,0,0,0,0,0,0,0,0,0,1,0
car_fe586daf_jpg.rf.eb9d5d61971a53d4d6c7081962275ecf.jpg,0,0,0,0,0,0,0,0,0,0,1,0,0,0,0,1,0,1,0,0,1,0,0,0,0,0,0,0,0,0
truck_1033994c_jpg.rf.413587d50806befb658f720bff92229f.jpg,0,0,0,0,0,0,0,0,0,1,0,0,0,0,0,1,0,1,0,1,0,0,0,0,0,0,0,0,0,0
car_dfccb4c3_jpg.rf.ea0cbd0d269bf42f6fe70afc3103962c.jpg,0,0,0,0,0,0,0,0,0,0,0,0,0,0,0,1,0,1,0,0,0,0,0,0,0,0,1,0,1,0
car_fc7cb0cf_jpg.rf.ea358a898727fd2ada9b8d6628c0a19a.jpg,0,0,0,0,0,0,0,0,0,0,0,0,0,0,0,1,0,1,0,0,0,0,0,0,0,0,1,0,1,0
car_72139e36_jpg.rf.655c05f020f75d9b890ecc69cd959338.jpg,0,0,0,0,0,0,0,0,0,0,0,0,0,0,0,1,0,1,0,0,0,0,0,0,1,0,0,0,1,0
car_ce2eab2b_jpg.rf.2ad33396084035531821394a2943a0fc.jpg,0,0,0,0,0,0,0,0,0,0,0,0,1,0,0,1,0,1,0,0,0,0,0,0,0,1,0,0,0,0
car_f78ad7bc_jpg.rf.1519d38d3d342681ff4856abfb63b54d.jpg,0,0,0,0,0,0,0,0,0,0,0,0,1,0,0,1,0,1,0,0,0,0,0,0,1,0,0,0,0,0
car_e4772156_jpg.rf.2b7d7a6806c42d7be7e5a00e56a5968e.jpg,0,0,0,0,0,0,0,0,0,0,0,0,1,0,0,1,0,1,0,0,0,1,0,0,0,0,0,0,0,0
car_de95307e_jpg.rf.a22a5c9354f65373446b0a68b20ae695.jpg,0,0,0,0,0,0,0,0,0,0,0,0,0,1,0,1,0,0,0,0,0,0,1,0,0,0,1,0,0,0
car_d427f81c_jpg.rf.309f620694b115dcca189985d7874382.jpg,0,0,0,0,0,0,0,0,0,0,0,0,1,0,0,1,0,1,0,0,0,0,0,0,0,0,1,0,0,0
truck_5e3276c4_jpg.rf.503037a7d3379a4314b5cc9fc5055032.jpg,0,0,0,0,0,0,0,1,0,0,0,0,0,0,0,1,0,0,0,0,0,0,1,0,0,0,0,0,1,0
car_73befcf3_jpg.rf.dede0e675cf1a263e8f4ecc5bf473228.jpg,0,0,0,0,0,0,0,0,0,0,0,0,0,0,0,1,0,1,0,0,1,0,0,0,1,0,0,0,0,0
car_ec3c849f_jpg.rf.625c7a066a867bad239ef21762dc3e2d.jpg,0,0,1,0,0,0,0,0,0,0,0,0,1,0,0,1,0,1,0,0,0,0,0,0,0,0,0,0,0,0
car_df877a01_jpg.rf.298c3ed6196bdc069e130372c12b369e.jpg,0,0,0,0,0,0,0,0,0,0,0,0,0,0,0,1,0,1,0,0,0,0,0,0,0,0,1,0,1,0
car_2d9559d2_jpg.rf.2fa58c3bef615e1fabf32573d4880ac3.jpg,0,0,0,0,0,0,0,0,0,0,0,0,1,0,0,1,0,1,0,0,0,0,0,0,1,0,0,0,0,0
car_f76c417e_jpg.rf.db4987d603eda2708aaf5ec9e641cf8d.jpg,0,0,0,0,0,0,0,0,0,0,0,0,0,0,0,1,0,0,0,0,0,0,1,0,1,0,0,0,1,0
car_e3f51f3e_jpg.rf.c110ed8556d87c7ff86570341cbb4c2a.jpg,0,0,0,0,0,0,0,0,0,0,0,0,0,0,0,1,0,1,0,0,0,0,0,0,1,0,0,0,1,0
car_88745d07_jpg.rf.13d13004e64e545131189a4d3a993e43.jpg,0,0,0,0,0,0,0,0,0,0,0,0,1,0,0,1,0,1,0,0,0,0,0,0,1,0,0,0,0,0
car_e8a0946b_jpg.rf.0f034eb0784cd39917436f4de946e4e9.jpg,0,0,0,1,0,0,0,0,0,0,0,0,0,0,0,1,0,1,0,0,1,0,0,0,0,0,0,0,0,0
car_ddab8af7_jpg.rf.e7de521804dca9bf6b3155fa3e09a6b3.jpg,0,0,0,0,0,0,0,0,0,0,0,0,0,1,0,1,1,1,0,0,0,0,0,0,0,0,0,0,0,0
car_f7d36978_jpg.rf.d3a10a0a8f37707b051cc9d148287d0e.jpg,0,0,0,0,0,0,0,0,0,0,0,0,0,0,0,1,0,1,0,0,0,0,0,0,0,0,1,0,1,0
car_0392c0f5_jpg.rf.bf1d3d21f6430718165d4ab8e483613b.jpg,0,0,0,0,0,0,0,0,0,0,0,0,0,0,0,1,0,1,0,0,1,0,0,0,0,0,1,0,0,0
car_15ec122b_jpg.rf.1a7528448e6c05b202e0bd74da6e25a1.jpg,0,0,0,0,0,0,0,0,0,0,0,0,0,0,0,1,0,1,0,0,0,0,0,0,0,1,0,0,1,0
car_e2ba99e4_jpg.rf.c90cce0d96cc921257f834ada5b6aa1c.jpg,0,0,0,0,0,0,0,0,0,0,0,0,0,0,0,1,0,1,0,0,0,0,0,1,0,0,1,0,0,0
car_010b903f_jpg.rf.5e454938ed702083654ddeb7a82b3b2c.jpg,0,0,0,0,0,1,0,0,0,0,0,0,1,0,0,1,0,1,0,0,0,0,0,0,0,0,0,0,0,0
car_e01685d1_jpg.rf.05481fa928952cf7e33be5f5e3a4b6db.jpg,0,0,0,0,0,0,0,0,0,0,0,0,0,0,0,1,0,0,0,0,0,0,1,0,0,0,1,0,1,0
car_e2605b29_jpg.rf.1fc388ee112fc66a3a8a2fb288d33d59.jpg,0,0,0,0,0,0,0,0,0,0,0,0,0,0,0,1,0,1,0,0,0,0,0,0,0,1,0,0,1,0
car_88d7d1e9_jpg.rf.ed29306311951752456dbf3267f62b9f.jpg,0,0,0,0,0,0,0,0,0,0,0,0,0,0,0,1,0,1,0,0,1,1,0,0,0,0,0,0,0,0
car_e00dcc03_jpg.rf.b6ed1f246c83c6c4344877b060f1e0e9.jpg,0,0,0,0,0,0,0,0,0,0,0,0,0,0,0,1,1,1,0,0,0,0,0,0,0,0,0,0,1,0
car_f8c6d165_jpg.rf.e7dd650510db1621998141e2fedc64d0.jpg,0,0,1,0,0,0,0,0,0,0,0,0,1,0,0,1,0,1,0,0,0,0,0,0,0,0,0,0,0,0
car_d28e29db_jpg.rf.b68c017bc36d623a551db27b9ed2873a.jpg,0,0,0,0,0,0,0,0,0,0,0,0,0,0,0,1,0,0,0,0,0,0,1,0,1,0,0,0,1,0
car_888bdf32_jpg.rf.e782921d1e00ec88ec57c969d09e0b16.jpg,0,0,0,0,0,0,0,0,0,0,0,0,0,0,0,1,0,1,0,0,0,0,0,0,0,0,1,0,1,0
car_035a274a_jpg.rf.d3f333a89204e36e2fd23c6630a1b4fd.jpg,0,0,0,0,0,0,0,0,0,0,0,0,1,0,0,1,0,1,0,0,0,0,0,0,0,0,1,0,0,0
car_fab594f2_jpg.rf.6d3b6c96527c9c51819ead16ce6354f1.jpg,0,0,0,0,0,0,0,0,0,0,0,0,0,0,0,1,0,1,0,0,0,0,0,0,0,0,1,0,1,0
car_ee747b81_jpg.rf.f94c4223cfdd27af863ddd8446ce08c9.jpg,0,0,0,0,0,0,0,0,0,0,0,0,0,0,0,1,0,1,0,0,0,0,0,0,0,0,1,0,1,0
car_fc8548d9_jpg.rf.3739c8a3f025c222d3e0a27d302a1a5d.jpg,0,0,0,0,0,0,0,0,0,0,0,0,1,0,0,1,1,1,0,0,0,0,0,0,0,0,0,0,0,0
car_71561f41_jpg.rf.2b5c702e8564fe10a48ced0a30b6fa4b.jpg,0,0,0,0,0,0,0,0,0,0,0,1,0,0,0,1,0,1,0,0,0,0,0,0,0,0,0,0,1,0
car_ede722ca_jpg.rf.77f40730a1c557397e5aad174f75341a.jpg,0,0,0,0,0,0,0,0,0,0,0,0,0,1,0,1,0,1,0,0,0,0,0,0,1,0,0,0,0,0
car_e00ae6c4_jpg.rf.40229be9ae1ae399f1c06896279681ec.jpg,0,0,0,0,0,0,0,0,0,0,0,0,1,0,0,1,0,1,0,0,0,0,0,0,0,0,1,0,0,0
car_ee491b3b_jpg.rf.5accf4785859d346a4504ccf3a506a24.jpg,0,0,0,0,0,0,0,0,0,0,0,0,0,0,0,1,0,1,0,0,0,0,0,0,0,0,1,0,1,0
car_72085a3e_jpg.rf.7df7198c066a2f8b0049e673dfa30845.jpg,0,0,0,0,0,0,0,0,0,0,0,0,1,0,0,1,0,1,0,0,0,1,0,0,0,0,0,0,0,0
car_7154e817_jpg.rf.05dbcb6213c3249f5b01beb5ab59dc35.jpg,0,0,0,0,0,0,0,0,0,0,0,0,0,0,0,1,0,1,0,0,1,0,0,0,0,0,1,0,0,0
car_774edd79_jpg.rf.e9cbbdbff2421193cf9e5e6603ece227.jpg,0,0,0,0,0,0,0,0,0,0,0,0,0,0,0,1,0,1,0,0,0,0,0,0,1,0,0,0,1,0
truck_8541de59_jpg.rf.8ee9041ac747f49acf22b8f05c4fa546.jpg,0,0,0,0,0,0,0,0,0,0,0,0,0,1,0,1,0,0,0,0,0,0,1,0,1,0,0,0,0,0
car_77b70286_jpg.rf.c08300b577896724725ffe12d1e8aedf.jpg,0,0,0,0,0,0,0,0,0,0,0,0,1,0,0,1,0,1,0,0,0,0,0,0,1,0,0,0,0,0
car_86ce66fc_jpg.rf.8862d2b505c2300eedcadea33e338c41.jpg,0,0,0,0,0,0,0,0,0,0,0,0,0,0,0,1,0,1,0,0,1,0,0,0,0,0,1,0,0,0
car_e64a59f6_jpg.rf.f82af1c79d68ea542ecb21ec71d7e843.jpg,0,0,0,1,0,0,0,0,0,0,0,0,0,0,0,1,0,1,0,0,0,0,0,0,0,0,0,0,0,1
car_fc4a5ba4_jpg.rf.bc482fedd40cba6904131b0977d33b77.jpg,0,0,0,0,0,0,0,0,0,0,0,0,1,0,0,1,0,1,0,0,0,0,0,0,1,0,0,0,0,0
car_891f4539_jpg.rf.f07ce381449b89d17421533c9459988d.jpg,0,0,0,0,0,0,0,0,0,0,0,0,1,0,0,1,1,1,0,0,0,0,0,0,0,0,0,0,0,0
car_df70f02d_jpg.rf.3c1e2c3a327cd4d1c097faf9760dc963.jpg,0,0,0,0,0,0,0,0,0,0,0,1,0,0,0,1,0,1,0,0,0,0,0,1,0,0,0,0,0,0
truck_a3a608e2_jpg.rf.3a8e467c17e43c52d3cdd4b8574dbe46.jpg,0,0,0,0,0,1,0,0,0,0,0,0,0,0,0,1,0,1,0,0,1,0,0,0,0,0,0,0,0,0
car_3204b907_jpg.rf.93c5c6b4d9d47dd72446374ef287cb6d.jpg,0,0,0,0,0,0,0,0,0,0,1,0,1,0,0,1,0,1,0,0,0,0,0,0,0,0,0,0,0,0
car_2e392da4_jpg.rf.cca287666da7f0c6b40fdf38568470e1.jpg,0,0,0,0,0,0,0,0,0,0,0,1,1,0,0,1,0,1,0,0,0,0,0,0,0,0,0,0,0,0
car_8b70c712_jpg.rf.ac75b623d3a2ee5cef05c40692f72893.jpg,0,0,0,0,0,0,0,0,0,0,0,0,0,0,0,1,0,1,0,0,0,0,0,1,0,0,1,0,0,0
car_8515880d_jpg.rf.710caab0189ac6db7e1d6d7fbeba3fd1.jpg,0,0,0,0,0,0,0,0,0,0,0,0,0,0,0,1,0,1,0,0,0,0,0,0,1,0,0,0,1,0
car_e7091d90_jpg.rf.d860f5bb5edb733560a6fa0b83eac45c.jpg,0,0,0,0,0,0,0,0,0,0,0,0,0,0,0,1,0,1,0,0,0,0,0,1,0,0,1,0,0,0
car_e35fdba1_jpg.rf.73e9d759e330e98683445c373401f7d2.jpg,0,0,0,0,0,0,0,0,0,0,0,1,1,0,0,1,0,1,0,0,0,0,0,0,0,0,0,0,0,0
car_7c735aba_jpg.rf.d7490a53eb594e424d4c1cd0a9df7988.jpg,0,0,0,0,0,0,0,0,0,0,0,0,0,0,0,1,0,1,0,0,1,0,0,0,0,0,1,0,0,0
car_f7a66d3b_jpg.rf.7267b659742ed3c141aeda31bdff358f.jpg,0,0,0,0,0,0,0,0,0,0,0,0,0,1,0,1,0,1,0,0,0,0,0,0,0,1,0,0,0,0
car_d5d3517d_jpg.rf.ea003664af33343d40864cab21083770.jpg,0,0,0,0,0,0,0,0,0,0,0,0,0,0,0,1,0,1,0,0,0,0,0,0,0,0,1,0,1,0
car_ee82faa7_jpg.rf.8543f85d2fb156f9a926de6d8bd8914d.jpg,0,0,0,0,0,0,0,0,0,0,0,0,0,0,0,1,0,1,0,0,1,0,0,0,1,0,0,0,0,0
car_3064332f_jpg.rf.6f2b1516cd4f34e9794a698342488396.jpg,0,0,0,0,0,0,0,0,0,0,0,0,0,0,0,1,0,1,0,0,1,0,0,0,1,0,0,0,0,0
car_2e7b68c0_jpg.rf.d39425596a5b474ead523735f588c369.jpg,0,0,0,0,0,0,0,0,0,0,0,0,1,0,0,1,0,1,0,0,0,0,0,0,0,1,0,0,0,0
car_cf3999ec_jpg.rf.8fb1478c3d0863f7c872698847eec235.jpg,0,0,0,0,0,0,0,0,0,0,0,0,0,0,0,1,1,1,0,0,0,0,0,0,0,0,0,0,1,0
car_dea43e23_jpg.rf.1f89ea66c3232972c05d1333549ceb54.jpg,0,0,0,0,0,0,0,0,0,0,0,0,1,0,0,1,0,1,0,0,0,0,0,0,0,1,0,0,0,0
car_6f1eed13_jpg.rf.3a6c06f3c13d8ca417aa928871c3225b.jpg,0,1,0,0,0,0,0,0,0,0,0,0,1,0,0,1,0,1,0,0,0,0,0,0,0,0,0,0,0,0
car_75e242d1_jpg.rf.63fdae744b7cee2772b87b4c6a99249b.jpg,0,0,0,0,0,0,0,0,0,0,0,0,0,0,0,1,0,1,0,0,0,0,0,1,1,0,0,0,0,0
car_ce893d7c_jpg.rf.7ac2aba5843febfb0328be2cfaeee337.jpg,0,0,1,0,0,0,0,0,0,0,0,0,1,0,0,1,0,1,0,0,0,0,0,0,0,0,0,0,0,0
car_f1b4a907_jpg.rf.dc420795531b6c6e8d4e46b690f7302f.jpg,0,0,0,0,0,0,0,0,0,0,1,0,0,0,0,1,0,1,0,0,0,0,0,0,0,0,0,0,1,0
car_fc7cb0cf_jpg.rf.e4d5f39e4848828c56a7cbca70aae200.jpg,0,0,0,0,0,0,0,0,0,0,0,0,0,0,0,1,0,1,0,0,0,0,0,0,0,0,1,0,1,0
car_0daa884f_jpg.rf.acd7a26f86e2f241ba022c2d559e21ba.jpg,0,0,0,0,0,0,0,1,0,0,0,0,1,0,0,1,0,1,0,0,0,0,0,0,0,0,0,0,0,0
car_f09434a5_jpg.rf.6385a1821bc1e8f44ba2bd7ef5c89a6a.jpg,0,0,0,0,0,0,0,0,0,0,0,0,0,0,0,1,0,1,0,0,0,0,0,0,0,0,1,0,1,0
car_036cc52a_jpg.rf.4a58022c0040d9ec324bd48eac62f866.jpg,0,0,0,0,0,0,0,0,0,0,0,0,1,0,0,1,0,1,0,0,0,0,0,0,1,0,0,0,0,0
car_7e886e7b_jpg.rf.063ddac4fb6f0858f298e1ea1d7d35c1.jpg,0,0,0,0,0,0,0,0,0,0,0,0,1,0,0,1,0,0,0,0,0,0,1,0,1,0,0,0,0,0
car_ef7aad9f_jpg.rf.3ed0e1aebec429306e2f59e3a8bb6c3a.jpg,0,0,0,0,0,0,0,0,0,0,0,0,1,0,0,1,0,1,0,0,0,0,0,0,0,1,0,0,0,0
car_8a796c9a_jpg.rf.1de1265565ab324dac0f2b5b31afbc8a.jpg,0,0,0,0,0,0,0,0,0,0,0,0,0,0,0,1,0,1,0,0,1,0,0,0,0,0,1,0,0,0
car_ee491b3b_jpg.rf.898b1d6414816f40c1fb4b179ebae04e.jpg,0,0,0,0,0,0,0,0,0,0,0,0,0,0,0,1,0,1,0,0,0,0,0,0,0,0,1,0,1,0
car_7d2b67cc_jpg.rf.683f4bf6f967b8be355ed5ad203af990.jpg,0,0,0,0,0,0,0,0,0,0,0,0,0,0,0,1,0,1,0,0,1,0,0,0,0,0,1,0,0,0
truck_c61c1576_jpg.rf.c4d9e46cafa644ac58c8a8d9f9353041.jpg,0,0,0,0,0,0,0,0,0,0,1,0,1,0,0,1,0,1,0,0,0,0,0,0,0,0,0,0,0,0
car_7ef8d848_jpg.rf.d15679f139d4c471877fe5c7c7f45f96.jpg,0,0,0,0,0,0,0,0,0,0,0,1,1,0,0,1,0,1,0,0,0,0,0,0,0,0,0,0,0,0
car_833bcfc0_jpg.rf.6b7a9d9abeb11a8e17bf9ebfe037d4aa.jpg,0,0,0,0,0,0,0,0,0,0,0,0,1,0,0,1,0,1,0,0,0,0,0,0,1,0,0,0,0,0
car_79db7cdc_jpg.rf.35ba45987b8d51783b1e2e2d10c9a4e8.jpg,0,0,0,0,0,0,0,0,0,0,0,0,1,0,0,1,0,1,0,0,0,0,0,0,1,0,0,0,0,0
car_ed145448_jpg.rf.9ba3c0cd34e7916ccbc0aefe1d5c7862.jpg,0,0,0,0,0,0,0,0,0,0,0,1,0,0,0,1,0,1,0,0,0,0,0,0,0,0,0,0,1,0
car_7abc3823_jpg.rf.683bbc4df363a19d3e7fd29a6a8dba7c.jpg,0,0,0,0,0,0,0,0,0,0,0,0,0,0,0,1,0,1,0,0,0,0,0,0,1,0,0,0,1,0
car_fa393743_jpg.rf.32424ff36ee896884d752ba2fb4388f8.jpg,0,0,0,0,0,0,0,0,0,0,0,0,1,0,0,1,0,1,0,0,0,1,0,0,0,0,0,0,0,0
car_6fb6cde8_jpg.rf.7c8db48fb544e5f4d8dea476fc15177a.jpg,0,0,0,0,0,0,0,0,0,0,1,0,0,0,0,1,0,1,0,0,0,0,0,0,0,0,0,0,1,0
car_ede722ca_jpg.rf.0994f8d29bc9a8619b09f549543f9774.jpg,0,0,0,0,0,0,0,0,0,0,0,0,0,1,0,1,0,1,0,0,0,0,0,0,1,0,0,0,0,0
car_75a14e7b_jpg.rf.ff4145faa54446b9cbcf00d9e083f029.jpg,0,0,0,0,0,0,0,0,0,0,0,0,1,0,0,1,0,1,0,0,0,0,0,0,1,0,0,0,0,0
car_efd1c4a3_jpg.rf.b618b4bde2a49edda5ee1a349c123ed0.jpg,0,0,0,0,0,0,0,0,0,0,0,0,1,0,0,1,0,1,0,0,0,0,0,0,0,1,0,0,0,0
car_f223754b_jpg.rf.ba99b7cbcf686ede57de159ac7f6ecd1.jpg,0,0,0,0,0,0,0,0,0,0,0,0,0,1,0,1,0,1,0,0,0,0,0,0,0,0,1,0,0,0
car_719eeef8_jpg.rf.df4cd53466ca16d9d0b5559b6422b042.jpg,0,0,0,0,0,0,0,0,0,0,0,0,1,0,0,1,0,1,0,0,0,1,0,0,0,0,0,0,0,0
car_ed874da0_jpg.rf.b7d0a009db66f55666dce854125e22ea.jpg,0,0,1,0,0,0,0,0,0,0,0,0,0,0,0,0,0,1,0,0,0,0,0,0,0,0,0,1,1,0
car_df877a01_jpg.rf.5658d52f288db9ce29052f6739cb6f15.jpg,0,0,0,0,0,0,0,0,0,0,0,0,0,0,0,1,0,1,0,0,0,0,0,0,0,0,1,0,1,0
car_ef6ac1f8_jpg.rf.710a1161841480a2d73daae9f4bb8423.jpg,0,0,0,0,0,0,0,0,0,0,0,0,0,0,0,1,0,1,0,0,1,0,0,0,0,0,1,0,0,0
car_84d19b50_jpg.rf.bf294dde68a04ee99adc6dfa7c393395.jpg,0,0,0,0,0,0,0,0,0,0,0,0,1,0,0,1,1,1,0,0,0,0,0,0,0,0,0,0,0,0
car_ee747b81_jpg.rf.80bb3d3d0b9891ea01f37ac62b93eed5.jpg,0,0,0,0,0,0,0,0,0,0,0,0,0,0,0,1,0,1,0,0,0,0,0,0,0,0,1,0,1,0
car_7e473fde_jpg.rf.5ad9a3f8223d59fa7615b8ef33d2a078.jpg,0,0,0,0,0,0,0,0,0,0,1,0,1,0,0,1,0,1,0,0,0,0,0,0,0,0,0,0,0,0
car_85200c4c_jpg.rf.a17e4721af1d31e31bbc001ddc6db0a8.jpg,0,0,0,0,0,0,0,0,0,0,1,0,1,0,0,1,0,1,0,0,0,0,0,0,0,0,0,0,0,0
car_3121ed03_jpg.rf.38dc65701464387a4802cc2854da0d8b.jpg,0,0,0,0,0,0,0,0,0,0,0,0,0,1,0,1,0,0,0,0,0,0,1,0,1,0,0,0,0,0
car_7056b53c_jpg.rf.864014dcd29fbcb935fc5c38f662806c.jpg,0,0,0,0,0,0,0,0,0,0,0,0,0,0,0,1,0,1,0,0,1,0,0,0,0,0,1,0,0,0
car_7b83e944_jpg.rf.da47b98c80b65b9aa865c0b2efb3ca2c.jpg,0,0,0,1,0,0,0,0,0,0,0,0,0,0,0,1,0,1,0,0,1,0,0,0,0,0,0,0,0,0
car_ee82faa7_jpg.rf.cf13c9e4ac8d6cf56c3bc3fe4d55d230.jpg,0,0,0,0,0,0,0,0,0,0,0,0,0,0,0,1,0,1,0,0,1,0,0,0,1,0,0,0,0,0
car_796c6fd5_jpg.rf.bfb86e8e08c6ffc3f8f8cd4a337c88a4.jpg,0,1,0,0,0,0,0,0,0,0,0,0,1,0,0,1,0,0,0,0,0,0,1,0,0,0,0,0,0,0
car_771131ef_jpg.rf.5cb945ab62853ecb5c92e35271d059d2.jpg,0,0,0,0,0,0,0,0,0,0,0,0,1,0,0,1,1,1,0,0,0,0,0,0,0,0,0,0,0,0
car_d8226025_jpg.rf.cedb8210aa41d634c7836fa2b7238cf2.jpg,0,0,0,0,0,0,0,0,0,0,0,0,0,0,0,1,0,1,0,0,1,0,0,0,1,0,0,0,0,0
car_8fb33089_jpg.rf.3c7f6b9d0c16182b6193bcc1bb9b8645.jpg,0,0,0,0,0,0,0,0,0,0,0,0,0,0,0,1,0,1,0,0,0,0,0,0,0,0,1,0,1,0
car_940ace19_jpg.rf.84f321c9ef24d9a535c02021d99a08b4.jpg,0,0,0,0,0,0,0,0,0,0,0,0,1,0,0,1,0,1,0,0,0,0,0,0,0,0,1,0,0,0
car_010b903f_jpg.rf.7b425816ba7cc0985e42b3ec5a6e8006.jpg,0,0,0,0,0,1,0,0,0,0,0,0,1,0,0,1,0,1,0,0,0,0,0,0,0,0,0,0,0,0
car_794c7532_jpg.rf.69a0dff30b963960c58b1bec7700c619.jpg,0,0,0,0,0,0,0,0,0,0,0,0,0,1,0,1,0,1,0,0,0,0,0,0,0,0,1,0,0,0
car_6fec203d_jpg.rf.5be70e7906fea494025aeeccaa80cfb5.jpg,0,0,0,0,0,0,0,1,0,0,0,0,0,0,0,1,0,1,0,0,1,0,0,0,0,0,0,0,0,0
car_90b24584_jpg.rf.2a4f650f7d4d6358f0793cd28a835c23.jpg,0,0,0,0,0,0,0,0,0,0,0,0,0,0,0,1,0,1,0,0,0,0,0,0,0,0,1,0,1,0
car_9411fc38_jpg.rf.1efa503ec738da135758fe82ed07c03b.jpg,0,0,0,0,0,0,0,1,0,0,0,0,1,0,0,1,0,1,0,0,0,0,0,0,0,0,0,0,0,0
car_8e125589_jpg.rf.ff84ea6135034e1cf4d482847d9fa1d1.jpg,0,0,0,0,0,0,0,0,0,0,0,0,0,0,0,1,0,1,0,0,0,0,0,0,0,0,1,0,1,0
car_8ddf516f_jpg.rf.2b22c0f4704192e4902e72813e54c9d6.jpg,0,0,0,0,0,0,0,0,0,0,0,0,1,0,0,1,0,1,0,0,0,0,0,0,0,1,0,0,0,0
car_953912b3_jpg.rf.3ec635641fc09f5ec4e085aaf84b8bfe.jpg,0,0,0,0,0,0,0,0,0,0,0,0,0,0,0,1,0,1,0,0,0,0,0,0,0,0,1,0,1,0
car_e7091d90_jpg.rf.a2ac920cceb8e6fce5a1bc19d91344a0.jpg,0,0,0,0,0,0,0,0,0,0,0,0,0,0,0,1,0,1,0,0,0,0,0,1,0,0,1,0,0,0
car_e9905523_jpg.rf.bfedc7d5ed4f1c7a21a5c14ed08b89cf.jpg,0,0,0,0,0,0,0,0,0,0,0,0,0,0,0,1,0,1,0,0,0,0,0,0,1,0,0,0,1,0
car_8f4cbe0f_jpg.rf.5910d25082a0b6ec5050c4eef4da1ca8.jpg,0,0,0,0,0,0,0,1,0,0,0,0,0,0,0,1,0,1,0,0,0,0,0,0,0,0,0,0,1,0
car_014d3a50_jpg.rf.3a6d895dfe785740e6a403de580145cd.jpg,0,0,0,0,0,0,0,0,0,0,0,0,0,1,0,1,0,1,0,0,0,0,0,0,0,0,1,0,0,0
car_96de639b_jpg.rf.a605166aeef8de0c6d1472d9a624e6c6.jpg,0,0,0,0,0,0,0,0,0,0,0,0,0,0,0,1,0,1,0,0,1,0,0,0,1,0,0,0,0,0
car_94288024_jpg.rf.e5de65850ecda2fdea125de06324e825.jpg,0,0,0,0,0,0,0,0,0,0,0,0,0,1,0,1,0,1,0,0,0,0,0,0,0,0,1,0,0,0
car_de95307e_jpg.rf.4cdafc1ab5695c8443e449c64651d589.jpg,0,0,0,0,0,0,0,0,0,0,0,0,0,1,0,1,0,0,0,0,0,0,1,0,0,0,1,0,0,0
car_ec3c849f_jpg.rf.bbcc4919027e06667e645c6e7f8bb006.jpg,0,0,1,0,0,0,0,0,0,0,0,0,1,0,0,1,0,1,0,0,0,0,0,0,0,0,0,0,0,0
car_dfccb4c3_jpg.rf.3d121c4428cfd50c74fff3c0a480ff67.jpg,0,0,0,0,0,0,0,0,0,0,0,0,0,0,0,1,0,1,0,0,0,0,0,0,0,0,1,0,1,0
car_dea43e23_jpg.rf.6f1e8c0324041911a96207dac4ad7313.jpg,0,0,0,0,0,0,0,0,0,0,0,0,1,0,0,1,0,1,0,0,0,0,0,0,0,1,0,0,0,0
car_dc606a99_jpg.rf.2eb83df40e711981676ea44435817732.jpg,0,0,0,0,0,0,0,0,0,0,0,0,0,0,0,1,0,1,0,0,0,0,0,0,0,0,1,0,1,0
car_e8a0946b_jpg.rf.b52a2ef1f9f00ef52027919d7df13385.jpg,0,0,0,1,0,0,0,0,0,0,0,0,0,0,0,1,0,1,0,0,1,0,0,0,0,0,0,0,0,0
car_ddab8af7_jpg.rf.3103e188c27386cec4e1b6c197dcdf7c.jpg,0,0,0,0,0,0,0,0,0,0,0,0,0,1,0,1,1,1,0,0,0,0,0,0,0,0,0,0,0,0
car_9641b4f1_jpg.rf.9f1561baac32706f3d00791bb907428b.jpg,0,0,0,0,0,0,0,0,0,0,0,0,1,0,0,1,0,1,0,0,0,0,0,0,1,0,0,0,0,0
car_ef11e929_jpg.rf.32014dce24b168a228521c27585d84e1.jpg,0,0,0,0,0,0,0,0,0,0,0,0,1,0,0,1,0,1,0,0,0,0,0,0,0,1,0,0,0,0
car_ec4abe8b_jpg.rf.870c992d73860f703fd19355b747d8d8.jpg,0,0,0,0,0,0,0,0,0,0,0,0,0,0,0,1,0,1,0,0,0,0,0,1,0,0,1,0,0,0
car_d90c85ce_jpg.rf.3a8d72dec820a549d64ba1b77ba26a42.jpg,0,0,0,0,0,0,0,0,0,0,0,0,1,0,0,1,0,1,0,0,0,1,0,0,0,0,0,0,0,0
car_965cc7d6_jpg.rf.a556e0c97c5f5d180f859ff4c5c1cf47.jpg,0,0,0,0,0,0,0,0,0,0,0,0,0,0,0,1,0,1,0,0,1,0,0,0,0,0,1,0,0,0
car_048631f3_jpg.rf.9f56b7f072459dc13154d829797e63a9.jpg,0,0,0,1,0,0,0,0,0,0,0,0,1,0,0,1,0,1,0,0,0,0,0,0,0,0,0,0,0,0
car_8ea1dfe6_jpg.rf.e07fa73b3b22dbaa929f46f291183ef7.jpg,0,0,0,0,0,0,0,0,0,0,0,0,0,0,0,1,0,1,0,0,1,1,0,0,0,0,0,0,0,0
car_de95307e_jpg.rf.dad3240f56eaf02e6e7384ce694eac58.jpg,0,0,0,0,0,0,0,0,0,0,0,0,0,1,0,1,0,0,0,0,0,0,1,0,0,0,1,0,0,0
car_96bf76ca_jpg.rf.6770d4ab55ea0e1ab2e26c9696b03338.jpg,0,0,0,1,0,0,0,0,0,0,0,0,0,0,0,1,0,1,0,0,1,0,0,0,0,0,0,0,0,0
car_ddab8af7_jpg.rf.6823e81f9e55c3606699e59b396f8169.jpg,0,0,0,0,0,0,0,0,0,0,0,0,0,1,0,1,1,1,0,0,0,0,0,0,0,0,0,0,0,0
car_da684872_jpg.rf.7a2a3a1ef02bceae1972d1072a1d81e3.jpg,0,0,0,0,0,0,0,0,0,0,0,1,0,0,0,1,0,1,0,0,0,0,0,0,0,0,0,0,1,0
car_df70f02d_jpg.rf.e5fbba7c11aa9b3efabb02c88bc89310.jpg,0,0,0,0,0,0,0,0,0,0,0,1,0,0,0,1,0,1,0,0,0,0,0,1,0,0,0,0,0,0
car_ea5366b0_jpg.rf.43e85c2f4a3a17f9ab2665ecfe514d51.jpg,0,0,0,0,0,0,0,0,0,0,0,0,1,0,0,1,0,1,0,0,0,0,0,0,1,0,0,0,0,0
car_e01685d1_jpg.rf.85ca7c8a7d457d70dfc442c471a52fa1.jpg,0,0,0,0,0,0,0,0,0,0,0,0,0,0,0,1,0,0,0,0,0,0,1,0,0,0,1,0,1,0
car_e00dcc03_jpg.rf.cc62bed244ea429219b9a52047805fe6.jpg,0,0,0,0,0,0,0,0,0,0,0,0,0,0,0,1,1,1,0,0,0,0,0,0,0,0,0,0,1,0
car_ece19aa6_jpg.rf.72265d477c2b1ab8f0802c680a3562b7.jpg,0,0,0,0,0,0,0,0,0,0,0,0,1,0,0,1,0,1,0,0,0,0,0,0,1,0,0,0,0,0
car_9641b4f1_jpg.rf.3b54ba62e00fe7509716fd42977fe9ea.jpg,0,0,0,0,0,0,0,0,0,0,0,0,1,0,0,1,0,1,0,0,0,0,0,0,1,0,0,0,0,0
car_0b1c26d6_jpg.rf.a72e6b57fb1b4c967cfe26f25c60e442.jpg,0,0,0,0,0,0,0,0,0,0,0,0,0,0,0,1,0,1,0,0,0,0,0,0,1,0,0,0,1,0
car_94b2928d_jpg.rf.82aa6c60185dda6419809e8ccfaf7907.jpg,0,0,0,0,0,0,0,0,0,0,0,0,1,0,0,1,1,0,0,0,0,0,1,0,0,0,0,0,0,0
car_d831b762_jpg.rf.84c02a618ac4cae00ef19e1d2b9a5a68.jpg,0,0,0,0,0,0,0,0,0,0,0,0,1,0,0,1,0,1,0,0,0,1,0,0,0,0,0,0,0,0
car_cda34b7b_jpg.rf.15fdf9ac5f02910653b8844266a2d612.jpg,0,0,0,1,0,0,0,0,0,0,0,0,0,0,0,1,0,1,0,0,1,0,0,0,0,0,0,0,0,0
car_89524579_jpg.rf.de0ab9393e2d3c1b0c73577758aa2d98.jpg,0,1,0,0,0,0,0,0,0,0,0,0,1,0,0,1,0,1,0,0,0,0,0,0,0,0,0,0,0,0
car_e4237230_jpg.rf.f79df19df610e0205270739f4aa7a3a0.jpg,0,0,0,0,0,0,0,0,0,0,0,0,0,0,0,1,1,1,0,0,0,0,0,0,0,0,0,0,1,0
car_d28e29db_jpg.rf.7875a8a7e0449698fb79a85bf26fedc9.jpg,0,0,0,0,0,0,0,0,0,0,0,0,0,0,0,1,0,0,0,0,0,0,1,0,1,0,0,0,1,0
car_ecea4c88_jpg.rf.5fd6117559f1e185a7b5c45f97eaddf3.jpg,0,0,0,0,0,0,0,0,0,0,0,0,0,0,0,1,0,1,0,0,1,0,0,0,1,0,0,0,0,0
car_cde417f3_jpg.rf.0853037db7179f083f0a0c3d4effcd33.jpg,0,0,0,0,0,0,0,0,0,0,0,0,1,0,0,1,1,1,0,0,0,0,0,0,0,0,0,0,0,0
car_99ea5e60_jpg.rf.fb261d426cae7ccf29fb24107ed180f0.jpg,0,0,0,0,0,0,0,0,0,0,0,1,0,0,0,1,0,1,0,0,0,0,0,0,0,0,0,0,1,0
car_0499a860_jpg.rf.854a9ecd36d510546dfa776f1303543a.jpg,0,0,0,0,0,0,0,0,0,0,0,0,0,0,0,1,0,1,0,0,1,0,0,0,0,0,1,0,0,0
car_e2ba99e4_jpg.rf.9df21bf2e2a1ab755f1d87991820de0a.jpg,0,0,0,0,0,0,0,0,0,0,0,0,0,0,0,1,0,1,0,0,0,0,0,1,0,0,1,0,0,0
car_e35fdba1_jpg.rf.0aafc8fc30d9f4b0d71943e514bb5a96.jpg,0,0,0,0,0,0,0,0,0,0,0,1,1,0,0,1,0,1,0,0,0,0,0,0,0,0,0,0,0,0
car_e3f51f3e_jpg.rf.188cea11bd4c3e8e7dfa35d286882b98.jpg,0,0,0,0,0,0,0,0,0,0,0,0,0,0,0,1,0,1,0,0,0,0,0,0,1,0,0,0,1,0
car_dea43e23_jpg.rf.ff3a237121e11c983134ad69c3f269e9.jpg,0,0,0,0,0,0,0,0,0,0,0,0,1,0,0,1,0,1,0,0,0,0,0,0,0,1,0,0,0,0
car_e2605b29_jpg.rf.fb5194f70c39e639dbd85c8f6ed63f9e.jpg,0,0,0,0,0,0,0,0,0,0,0,0,0,0,0,1,0,1,0,0,0,0,0,0,0,1,0,0,1,0
car_d2a20d56_jpg.rf.3461ce127715440f285f157fb486e0dc.jpg,0,0,0,0,0,0,0,0,0,0,0,0,0,0,0,1,0,1,0,0,0,0,0,0,1,0,0,0,1,0
car_0bc101e6_jpg.rf.49fc2d852b2bb571a14149b43907d471.jpg,0,0,0,0,0,0,0,0,0,0,0,0,0,0,0,1,0,1,0,0,0,0,0,0,0,0,1,0,1,0
car_048015be_jpg.rf.2baf9507c5e00cb60bafdfb81c5ce417.jpg,0,0,0,0,0,0,0,0,0,0,0,0,0,0,0,1,0,1,0,0,0,0,0,0,0,0,1,0,0,1
car_026c7495_jpg.rf.e85dd9a4a2817478e58870b6e219828b.jpg,0,0,0,0,0,0,0,0,0,0,0,0,0,0,0,1,0,1,0,0,1,0,0,0,1,0,0,0,0,0
car_d2ea7d95_jpg.rf.6a39216670fb474de1007668a25baad6.jpg,0,0,0,0,0,0,0,0,0,0,1,0,1,0,0,1,0,1,0,0,0,0,0,0,0,0,0,0,0,0
car_d5b7cec0_jpg.rf.7c41b0702175396d9fd3c35c84f5d05d.jpg,0,0,0,0,0,0,0,0,0,0,0,0,0,0,0,1,0,1,0,0,1,0,0,0,0,0,1,0,0,0
car_95691dfa_jpg.rf.3ac555b6d33adae6659628c3a0ab36ac.jpg,0,0,0,0,0,0,0,0,0,0,0,0,0,0,0,1,0,1,0,0,1,0,0,0,1,0,0,0,0,0
car_e64a59f6_jpg.rf.dd60ddcfc268271f0eb520f78686f6f2.jpg,0,0,0,1,0,0,0,0,0,0,0,0,0,0,0,1,0,1,0,0,0,0,0,0,0,0,0,0,0,1
car_d32b76c3_jpg.rf.c71b635df3b7b8f716a9fba915b5fbfa.jpg,0,0,0,0,0,0,0,0,0,0,0,0,1,0,0,1,0,1,0,0,0,0,0,0,1,0,0,0,0,0
car_0daa884f_jpg.rf.ef6e6d3e651f3c60ceac349d4b0676b1.jpg,0,0,0,0,0,0,0,1,0,0,0,0,1,0,0,1,0,1,0,0,0,0,0,0,0,0,0,0,0,0
car_96bf76ca_jpg.rf.08134fb9b8dd0537d39a9bd927066928.jpg,0,0,0,1,0,0,0,0,0,0,0,0,0,0,0,1,0,1,0,0,1,0,0,0,0,0,0,0,0,0
car_df877a01_jpg.rf.e4cd4ec32315ca9c2194df44540f5c5d.jpg,0,0,0,0,0,0,0,0,0,0,0,0,0,0,0,1,0,1,0,0,0,0,0,0,0,0,1,0,1,0
car_94d5f09a_jpg.rf.f5e4de065ed0051270d3c1a769f89268.jpg,0,0,0,0,0,1,0,0,0,0,0,0,0,0,0,1,0,1,0,0,1,0,0,0,0,0,0,0,0,0
car_d427f81c_jpg.rf.6e82a64dd41d244002afc1c934876a80.jpg,0,0,0,0,0,0,0,0,0,0,0,0,1,0,0,1,0,1,0,0,0,0,0,0,0,0,1,0,0,0
car_cfd3c76c_jpg.rf.d0bb8688850323aedaab1b73e46b96a1.jpg,0,0,0,0,0,0,0,1,0,0,0,0,0,0,0,1,0,1,0,0,0,0,0,0,0,0,0,0,1,0
car_084909e8_jpg.rf.2157e5e188a0aebde881091a260a11fa.jpg,0,0,0,1,0,0,0,0,0,0,0,0,0,0,0,1,0,1,0,0,1,0,0,0,0,0,0,0,0,0
car_1c8b83b0_jpg.rf.9144197d7c265db97d6c9af4d01f11a4.jpg,0,0,0,0,0,0,0,0,0,0,0,0,1,0,0,1,0,1,0,0,0,1,0,0,0,0,0,0,0,0
car_96de639b_jpg.rf.f4004c283e19fa84c4d50044f39b6419.jpg,0,0,0,0,0,0,0,0,0,0,0,0,0,0,0,1,0,1,0,0,1,0,0,0,1,0,0,0,0,0
car_db4d1345_jpg.rf.71dcc111b97c7e3a66575b55de439998.jpg,0,0,0,0,0,0,0,0,0,0,0,0,0,0,0,1,0,1,0,0,1,0,0,0,1,0,0,0,0,0
car_977b72f6_jpg.rf.e591e9211f50bc3d7a9e67882cb79305.jpg,0,0,0,0,0,0,0,0,0,0,0,0,1,0,0,1,0,1,0,0,0,0,0,0,1,0,0,0,0,0
car_035a274a_jpg.rf.6eddbae3bf970e51c310b418352a6094.jpg,0,0,0,0,0,0,0,0,0,0,0,0,1,0,0,1,0,1,0,0,0,0,0,0,0,0,1,0,0,0
car_e00ae6c4_jpg.rf.72061fe7faa3c144905e1b32e25c3d1e.jpg,0,0,0,0,0,0,0,0,0,0,0,0,1,0,0,1,0,1,0,0,0,0,0,0,0,0,1,0,0,0
car_0392c0f5_jpg.rf.8070f4fd2290fd9cf3163f5ff21baec4.jpg,0,0,0,0,0,0,0,0,0,0,0,0,0,0,0,1,0,1,0,0,1,0,0,0,0,0,1,0,0,0
car_973a8fd8_jpg.rf.4d7eeaaeb773c6192600f8a5ebcd5647.jpg,0,0,0,0,0,0,0,0,0,0,1,0,1,0,0,1,0,1,0,0,0,0,0,0,0,0,0,0,0,0
car_0d5824d2_jpg.rf.a0d71f01181adcb660300a12f09b1c5f.jpg,0,0,0,0,0,0,0,0,0,0,0,0,1,0,0,1,0,1,0,0,0,0,0,0,0,1,0,0,0,0
car_921afab3_jpg.rf.1c72b8a9955d02367264cc78fae9cb11.jpg,0,0,1,0,0,0,0,0,0,0,0,0,1,0,0,1,0,1,0,0,0,0,0,0,0,0,0,0,0,0
car_850a6e8e_jpg.rf.3a90fdbff32d883e0e5f6dbba6c85b3b.jpg,0,0,0,0,0,0,0,0,0,0,0,0,1,0,0,1,0,1,0,0,0,0,0,0,1,0,0,0,0,0
car_e4772156_jpg.rf.1876f7276b3fd5d7b0b081918a186e77.jpg,0,0,0,0,0,0,0,0,0,0,0,0,1,0,0,1,0,1,0,0,0,1,0,0,0,0,0,0,0,0
car_9859c826_jpg.rf.d5cc3f53d41ebe50f7d12908cd500941.jpg,0,0,0,0,0,0,0,0,0,0,0,0,0,0,0,1,0,1,0,0,0,0,0,0,0,0,1,0,1,0
car_0d7d12bb_jpg.rf.769cefc804329e984438abf486c2ec88.jpg,0,0,0,0,0,0,0,0,0,0,0,0,1,0,0,1,0,1,0,0,0,0,0,0,1,0,0,0,0,0
car_0b64feb3_jpg.rf.b40e30cb84a0ddf01f8500c78257afa7.jpg,0,0,0,0,0,0,0,0,0,0,0,0,0,0,0,1,0,1,0,0,0,0,0,0,0,0,1,0,1,0
car_05d7abfc_jpg.rf.1c0479ce9e7ce70203b6cc24dbc6a97c.jpg,0,0,0,0,0,0,0,0,0,0,0,0,1,0,0,1,0,1,0,0,0,0,0,0,0,1,0,0,0,0
car_0b7a03cc_jpg.rf.9974f53f438df4980e2eb60eccdcc2ee.jpg,0,0,0,0,0,0,0,0,0,0,0,0,0,0,0,1,0,1,0,0,0,0,0,1,0,0,1,0,0,0
car_965cc7d6_jpg.rf.41c2c8110c7680157b999cb7b33fe1e2.jpg,0,0,0,0,0,0,0,0,0,0,0,0,0,0,0,1,0,1,0,0,1,0,0,0,0,0,1,0,0,0
car_dc606a99_jpg.rf.5f29eae8f185869c790ecdc7d8a423b2.jpg,0,0,0,0,0,0,0,0,0,0,0,0,0,0,0,1,0,1,0,0,0,0,0,0,0,0,1,0,1,0
car_01933681_jpg.rf.a02cf3164419d2d3ee09ef76980e1a99.jpg,0,0,0,0,0,0,0,0,0,0,0,0,1,0,0,1,0,1,0,0,0,0,0,0,0,1,0,0,0,0
car_036cc52a_jpg.rf.accef421b26ff593fe0d8ef34e1d4f72.jpg,0,0,0,0,0,0,0,0,0,0,0,0,1,0,0,1,0,1,0,0,0,0,0,0,1,0,0,0,0,0
car_d4284619_jpg.rf.7edde1ce364ca4236a5811e0a9fcf076.jpg,0,0,0,1,0,0,0,0,0,0,0,0,0,0,0,1,0,1,0,0,1,0,0,0,0,0,0,0,0,0
car_05318562_jpg.rf.664c6964c7002dd239edf0b416577c04.jpg,0,0,0,0,0,0,0,0,0,0,0,0,0,0,0,1,0,1,0,0,1,0,0,0,0,0,1,0,0,0
car_f8c6d165_jpg.rf.de8bd0e4711bee3a39fe489d3e7ec18f.jpg,0,0,1,0,0,0,0,0,0,0,0,0,1,0,0,1,0,1,0,0,0,0,0,0,0,0,0,0,0,0
car_1d4ea261_jpg.rf.c627e39c56d8a40f4ff17594ef386f3d.jpg,0,0,0,0,0,0,0,0,0,0,0,0,0,0,0,1,0,1,0,0,0,0,0,0,0,0,1,0,1,0
car_087c7bea_jpg.rf.4f45769d47346134f9ff827d2b563eff.jpg,0,0,0,0,0,0,0,0,0,0,0,0,1,0,0,1,0,1,0,0,0,0,0,0,0,1,0,0,0,0
car_fa393743_jpg.rf.53c050ba8ff0755438c1824f9361d8f1.jpg,0,0,0,0,0,0,0,0,0,0,0,0,1,0,0,1,0,1,0,0,0,1,0,0,0,0,0,0,0,0
car_04459170_jpg.rf.88e68adf860df0aaa3dd53dca2b67671.jpg,0,0,0,0,0,0,0,0,0,0,0,1,0,1,0,1,0,1,0,0,0,0,0,0,0,0,0,0,0,0
car_11b7bff3_jpg.rf.8bb262dbcaa0ca9bdb3d8b74edeb6fce.jpg,0,0,0,0,0,0,0,0,0,0,0,1,1,0,0,1,0,1,0,0,0,0,0,0,0,0,0,0,0,0
car_f7a66d3b_jpg.rf.8c27ab4d15b63de1d6dc4b8225e69bde.jpg,0,0,0,0,0,0,0,0,0,0,0,0,0,1,0,1,0,1,0,0,0,0,0,0,0,1,0,0,0,0
car_0cc34572_jpg.rf.5c88b276a947d6c39a0105eb1e996d83.jpg,0,0,0,0,0,0,0,0,0,0,0,0,0,0,0,1,0,1,0,0,0,0,0,0,1,0,0,0,1,0
car_9a07bfc4_jpg.rf.c49968b36eaeef47e1686a8b00ba80dc.jpg,0,0,0,0,0,0,0,0,0,0,0,0,0,0,0,1,0,0,0,0,0,0,1,0,0,1,0,0,1,0
car_1d85aada_jpg.rf.f3adf5cb5efb0f5e88fb8abf3f208b6c.jpg,0,0,0,0,0,0,0,0,0,0,0,0,1,0,0,1,1,1,0,0,0,0,0,0,0,0,0,0,0,0
car_0eac5278_jpg.rf.ba79ccef650eaeadbe9df9e83a868cb9.jpg,0,0,0,0,0,0,0,0,0,0,0,0,0,0,0,1,0,1,0,0,1,1,0,0,0,0,0,0,0,0
car_997cfe62_jpg.rf.8c2dd798d0ab30a2a54f7be56095045a.jpg,0,0,0,0,0,0,0,0,0,0,0,0,0,0,0,1,0,1,0,0,1,1,0,0,0,0,0,0,0,0
car_1a7e6908_jpg.rf.3d15ae80f3bca9f8024290a6c739c242.jpg,0,0,0,0,0,0,0,0,0,0,0,0,1,0,0,1,0,1,0,0,0,1,0,0,0,0,0,0,0,0
car_911871d1_jpg.rf.bece98e5c3808f9911944857f080fb9c.jpg,0,0,0,0,0,0,0,0,0,0,0,0,0,0,0,1,0,1,0,0,0,0,0,0,0,0,1,0,1,0
car_f76c417e_jpg.rf.6f19bc71a41dd2ddd59167103b8d55e8.jpg,0,0,0,0,0,0,0,0,0,0,0,0,0,0,0,1,0,0,0,0,0,0,1,0,1,0,0,0,1,0
car_1999e36d_jpg.rf.41d9657c72728ba3d1d2871c25d6fdda.jpg,0,0,0,0,0,0,0,1,0,0,0,0,0,0,0,1,0,1,0,0,1,0,0,0,0,0,0,0,0,0
car_f7d36978_jpg.rf.b67a2df28eff3a6268d98f13aea4f552.jpg,0,0,0,0,0,0,0,0,0,0,0,0,0,0,0,1,0,1,0,0,0,0,0,0,0,0,1,0,1,0
car_115373fc_jpg.rf.cb1736fd39beb74ac485886ae5f02689.jpg,0,0,0,0,0,0,0,0,0,0,0,0,0,0,0,1,0,1,0,0,1,0,0,0,1,0,0,0,0,0
car_0fa27b85_jpg.rf.081ca87d8533cd670b421324ba1d1f1f.jpg,0,0,0,0,0,0,0,0,0,0,0,0,0,1,0,1,0,1,0,0,0,0,0,0,1,0,0,0,0,0
car_06b26754_jpg.rf.548eb27aa799da9bd740ae67a23b3b77.jpg,0,0,0,0,0,0,0,0,0,0,1,0,1,0,0,1,0,1,0,0,0,0,0,0,0,0,0,0,0,0
car_03682986_jpg.rf.ed0d97935828508711605f01f5d75065.jpg,0,0,0,0,0,0,0,0,0,0,1,0,1,0,0,1,0,1,0,0,0,0,0,0,0,0,0,0,0,0
car_11fe22ed_jpg.rf.be33e1116d82facfa3e197797860c0ff.jpg,0,0,0,0,0,0,0,1,0,0,0,0,0,0,0,1,0,1,0,0,0,0,0,0,0,0,0,0,1,0
car_dafb8aa3_jpg.rf.c7ccb0d2e430b333e467b1fdc12d61ff.jpg,0,0,0,0,0,0,0,0,0,0,0,0,1,0,0,1,0,1,0,0,0,1,0,0,0,0,0,0,0,0
car_06d283c9_jpg.rf.8293a82dfb0b5da6e530342869cee7d8.jpg,0,0,0,0,0,0,0,1,0,0,0,0,0,0,0,1,0,1,0,0,0,0,0,0,0,0,0,0,1,0
car_98bfb24a_jpg.rf.e9aeb05b921db5ad7b060cbe1193fdbe.jpg,0,0,0,0,0,0,0,0,0,0,0,0,0,0,0,1,0,1,0,0,1,0,0,0,0,0,1,0,0,0
car_122b66da_jpg.rf.d36ab5ddd79f8878ffdd413e58a75199.jpg,0,0,0,0,0,0,0,0,0,0,0,0,0,0,0,1,0,1,0,0,1,0,0,0,0,0,1,0,0,0
car_0715e18a_jpg.rf.c4b9de4a9e7e4bfd215e7648a26f6cfc.jpg,0,0,0,0,0,0,0,0,0,0,0,0,1,0,0,1,0,1,0,0,0,0,0,0,1,0,0,0,0,0
car_109fbce1_jpg.rf.cff56dee4f90205052a16a32b6ead940.jpg,0,0,0,0,0,0,0,0,0,0,0,0,0,0,0,1,0,1,0,0,0,0,0,0,0,0,1,0,1,0
car_122b66da_jpg.rf.fd1f796f365d7c34fb87102beb0a3a29.jpg,0,0,0,0,0,0,0,0,0,0,0,0,0,0,0,1,0,1,0,0,1,0,0,0,0,0,1,0,0,0
car_11fe22ed_jpg.rf.ff38b8cdb5faf902e3b5a0f4da3b22c8.jpg,0,0,0,0,0,0,0,1,0,0,0,0,0,0,0,1,0,1,0,0,0,0,0,0,0,0,0,0,1,0
car_db4d1345_jpg.rf.c7694b23f717400a64b8301b7e8e85d5.jpg,0,0,0,0,0,0,0,0,0,0,0,0,0,0,0,1,0,1,0,0,1,0,0,0,1,0,0,0,0,0
car_75a14e7b_jpg.rf.3d8f9949ba86b86af8cba76a712aa71b.jpg,0,0,0,0,0,0,0,0,0,0,0,0,1,0,0,1,0,1,0,0,0,0,0,0,1,0,0,0,0,0
car_943bd500_jpg.rf.6a40f4d054294de0518b69bba63475a9.jpg,0,0,0,0,0,0,0,0,0,0,0,0,0,0,0,1,0,1,0,0,0,0,0,0,0,0,1,0,1,0
car_1c4abfd4_jpg.rf.52a3773312ea627c7228a06ad18127f9.jpg,0,0,0,0,0,0,0,0,0,0,0,0,0,0,0,1,0,1,0,0,1,0,0,0,1,0,0,0,0,0
car_0f70c0e1_jpg.rf.e670d322d815ef8088a6bc7a2947252c.jpg,0,0,0,0,0,0,0,0,0,0,0,0,0,0,0,1,0,1,0,0,1,0,0,0,0,0,1,0,0,0
car_da997070_jpg.rf.0a0d4f91465623175a2745ee5bc51981.jpg,0,0,0,0,0,0,0,0,0,0,0,0,1,0,0,1,1,1,0,0,0,0,0,0,0,0,0,0,0,0
car_fc8548d9_jpg.rf.6a91a5fb7347f2ad19b6e08940db0749.jpg,0,0,0,0,0,0,0,0,0,0,0,0,1,0,0,1,1,1,0,0,0,0,0,0,0,0,0,0,0,0
car_fe586daf_jpg.rf.3e20c4252b8a6e36960380879475766e.jpg,0,0,0,0,0,0,0,0,0,0,1,0,0,0,0,1,0,1,0,0,1,0,0,0,0,0,0,0,0,0
car_dafb8aa3_jpg.rf.b973947a802f95c4259c034eb64fd3d5.jpg,0,0,0,0,0,0,0,0,0,0,0,0,1,0,0,1,0,1,0,0,0,1,0,0,0,0,0,0,0,0
car_05860335_jpg.rf.00d41b4016511ba5d47dbe8cf349eb1b.jpg,0,0,0,0,0,0,0,0,0,0,0,0,1,0,0,1,0,1,0,0,0,0,0,0,0,0,1,0,0,0
car_06e53747_jpg.rf.bac50aacc4d6af5c03451b868d55ea24.jpg,0,0,0,0,0,0,0,0,0,0,0,0,0,0,0,1,0,1,0,0,0,0,0,1,0,0,1,0,0,0
car_df70f02d_jpg.rf.95fa06799b643e352c9cc09de263b2dd.jpg,0,0,0,0,0,0,0,0,0,0,0,1,0,0,0,1,0,1,0,0,0,0,0,1,0,0,0,0,0,0
car_973a8fd8_jpg.rf.9ee72b4c7725cb5b21f6ce51a9ff4aa7.jpg,0,0,0,0,0,0,0,0,0,0,1,0,1,0,0,1,0,1,0,0,0,0,0,0,0,0,0,0,0,0
car_ce2eab2b_jpg.rf.ea117b5299e0d3f06a56243d92b6e1c6.jpg,0,0,0,0,0,0,0,0,0,0,0,0,1,0,0,1,0,1,0,0,0,0,0,0,0,1,0,0,0,0
car_20011094_jpg.rf.147c6a11e450b2874d258edb78d967bd.jpg,0,0,0,0,0,0,0,0,0,0,0,0,1,0,0,1,1,1,0,0,0,0,0,0,0,0,0,0,0,0
car_f78ad7bc_jpg.rf.4f030b07eee7ce0a4278656189dc6a98.jpg,0,0,0,0,0,0,0,0,0,0,0,0,1,0,0,1,0,1,0,0,0,0,0,0,1,0,0,0,0,0
car_12214502_jpg.rf.e23886e218b7d8850f8b6ec899b39b7e.jpg,0,0,0,0,0,0,0,0,0,0,0,0,0,0,0,1,0,1,0,0,1,1,0,0,0,0,0,0,0,0
car_1b922880_jpg.rf.f11ccfc3e1847be12addbd791e3e32de.jpg,0,0,0,0,0,0,0,0,0,0,0,0,0,0,0,1,0,1,0,0,1,0,0,0,0,0,1,0,0,0
car_977b72f6_jpg.rf.c40007765cd04bd500d4b29aaa453fa7.jpg,0,0,0,0,0,0,0,0,0,0,0,0,1,0,0,1,0,1,0,0,0,0,0,0,1,0,0,0,0,0
car_fab594f2_jpg.rf.353efe612805053b13b95c52d976c2b4.jpg,0,0,0,0,0,0,0,0,0,0,0,0,0,0,0,1,0,1,0,0,0,0,0,0,0,0,1,0,1,0
car_771131ef_jpg.rf.7f6dd43c9436cdc7fb695568b3b38b75.jpg,0,0,0,0,0,0,0,0,0,0,0,0,1,0,0,1,1,1,0,0,0,0,0,0,0,0,0,0,0,0
truck_1033994c_jpg.rf.ec48b6afb281402558e5df3de7ec2447.jpg,0,0,0,0,0,0,0,0,0,1,0,0,0,0,0,1,0,1,0,1,0,0,0,0,0,0,0,0,0,0
car_d450b5b8_jpg.rf.77d4ba96cbe1734e23e20c49d0c6d632.jpg,1,0,0,0,0,0,0,0,0,0,0,0,0,1,0,1,0,0,0,0,0,0,0,0,0,0,0,0,0,0
car_774edd79_jpg.rf.1c8fb98622d41ff9eb90b5c0ca5b5b15.jpg,0,0,0,0,0,0,0,0,0,0,0,0,0,0,0,1,0,1,0,0,0,0,0,0,1,0,0,0,1,0
car_100affc4_jpg.rf.081309977c3bfd8f0f30bea4c4935789.jpg,0,0,0,0,0,0,0,0,0,0,0,0,1,0,0,1,0,1,0,0,0,1,0,0,0,0,0,0,0,0
car_1b19c5dc_jpg.rf.72c512f5d854667bfa688efadeec3ba8.jpg,0,0,0,0,0,0,0,0,0,0,0,0,1,0,0,1,0,1,0,0,0,0,0,0,1,0,0,0,0,0
car_f6c908bb_jpg.rf.5a7d22e927f4594205f1ac9f2d128b50.jpg,0,0,1,0,0,0,0,0,0,0,0,0,1,0,0,1,0,1,0,0,0,0,0,0,0,0,0,0,0,0
car_208373b3_jpg.rf.d5255459944cf6a385ae8cac9005fcf5.jpg,0,0,0,0,0,0,0,0,0,0,0,0,0,1,0,1,0,1,0,0,0,0,0,0,0,0,1,0,0,0
car_1c599c26_jpg.rf.f3e01e4abf109469c7595d5eb0686fe4.jpg,0,0,0,0,0,0,0,0,0,0,0,0,0,0,0,1,0,1,0,0,1,0,0,0,1,0,0,0,0,0
car_997cfe62_jpg.rf.e19ca79fdb2a448b1cd0c2af3bc4e898.jpg,0,0,0,0,0,0,0,0,0,0,0,0,0,0,0,1,0,1,0,0,1,1,0,0,0,0,0,0,0,0
car_231cf5ee_jpg.rf.95b93586579a662b8b2a5620ee83b128.jpg,0,0,0,0,0,0,0,0,0,0,0,0,1,0,0,1,0,1,0,0,0,0,0,0,0,0,1,0,0,0
car_75e242d1_jpg.rf.9590e90e9a7114d7bd82d07a49de5549.jpg,0,0,0,0,0,0,0,0,0,0,0,0,0,0,0,1,0,1,0,0,0,0,0,1,1,0,0,0,0,0
car_138f3cf7_jpg.rf.f851a745a5e8c8d12cffc7431b0e0c6b.jpg,0,0,0,0,0,0,0,0,0,0,0,0,0,1,0,1,0,1,0,0,0,0,0,0,0,0,1,0,0,0
car_77b70286_jpg.rf.6406fe452154adb3b00d5ab76549e9c8.jpg,0,0,0,0,0,0,0,0,0,0,0,0,1,0,0,1,0,1,0,0,0,0,0,0,1,0,0,0,0,0
car_12214502_jpg.rf.6124477b76195be983349a9a44b8bb8a.jpg,0,0,0,0,0,0,0,0,0,0,0,0,0,0,0,1,0,1,0,0,1,1,0,0,0,0,0,0,0,0
car_20302a2e_jpg.rf.710cbe6b00aaa02a3e26c6bbd124610d.jpg,0,0,0,0,0,0,0,0,0,0,0,0,1,0,0,1,0,1,0,0,0,0,0,0,0,1,0,0,0,0
car_11fba8b8_jpg.rf.2c5b33506e060e6fac5af6ad98dd6d31.jpg,0,0,0,1,0,0,0,0,0,0,0,0,0,0,0,1,0,1,0,0,0,0,0,0,0,0,0,0,1,0
car_98bfb24a_jpg.rf.a47aad7bf2b53b9695e9da4d3e906823.jpg,0,0,0,0,0,0,0,0,0,0,0,0,0,0,0,1,0,1,0,0,1,0,0,0,0,0,1,0,0,0
car_f6d10111_jpg.rf.d7a9037f602f97c4eb92af0c1dda937e.jpg,0,0,0,0,0,0,0,0,0,0,0,0,0,1,0,1,0,0,0,0,0,0,1,0,1,0,0,0,0,0
car_1c337a8b_jpg.rf.743ff75d8098a26c57770ff495e8add4.jpg,0,0,0,0,0,0,0,0,0,0,0,0,0,0,0,1,0,1,0,0,0,0,0,0,0,0,1,0,1,0
car_0a9e0ed6_jpg.rf.fe5aef07d49634aca2563c0b17960287.jpg,0,0,0,0,0,0,0,0,0,0,0,0,0,0,0,1,1,1,0,0,0,0,0,0,0,0,0,0,1,0
car_79db7cdc_jpg.rf.8f035f0d6e5acf48ab2c6d02af3c5451.jpg,0,0,0,0,0,0,0,0,0,0,0,0,1,0,0,1,0,1,0,0,0,0,0,0,1,0,0,0,0,0
car_99ea5e60_jpg.rf.abc5c008800a640edf963fbf7d063688.jpg,0,0,0,0,0,0,0,0,0,0,0,1,0,0,0,1,0,1,0,0,0,0,0,0,0,0,0,0,1,0
car_1263c5d1_jpg.rf.f4d408edcb7b6c2cd9dc9b83f9532cad.jpg,0,0,0,0,0,0,0,0,0,0,0,0,0,0,0,1,0,1,0,0,0,0,0,1,0,0,1,0,0,0
car_15d8e80c_jpg.rf.44b57e5fd86d9611aea8bf920c849977.jpg,0,0,0,0,0,0,0,0,0,0,0,0,0,0,1,1,0,1,0,0,0,0,0,0,1,0,0,0,0,0
truck_5e3276c4_jpg.rf.029b758b421b68c51174b165adcc92fd.jpg,0,0,0,0,0,0,0,1,0,0,0,0,0,0,0,1,0,0,0,0,0,0,1,0,0,0,0,0,1,0
car_fc7cb0cf_jpg.rf.b4c13598e3fca365ebe04d7747d3b066.jpg,0,0,0,0,0,0,0,0,0,0,0,0,0,0,0,1,0,1,0,0,0,0,0,0,0,0,1,0,1,0
car_18cb9e17_jpg.rf.cf6ea8c37fc4d8eba1c3ae8e84402635.jpg,0,0,0,0,0,0,0,0,0,0,0,0,0,0,0,1,0,1,0,0,0,0,0,0,0,0,1,0,1,0
truck_73b6797a_jpg.rf.08d907f799c04d0b0279dc90cedbd920.jpg,0,0,0,0,0,1,0,0,0,0,0,0,0,0,0,1,0,1,0,0,1,0,0,0,0,0,0,0,0,0
car_3121ed03_jpg.rf.5bd48bbb5a7ef65ecaa2d9f583dd2d6c.jpg,0,0,0,0,0,0,0,0,0,0,0,0,0,1,0,1,0,0,0,0,0,0,1,0,1,0,0,0,0,0
car_73cc7f19_jpg.rf.a8bce5bf6d254630f1e17e0a498d98bc.jpg,0,0,0,0,0,0,0,0,0,0,0,0,1,0,0,1,0,1,0,0,0,0,0,0,0,0,1,0,0,0
car_15ec122b_jpg.rf.63952c1cff1bd6eefedc3da4befe39bd.jpg,0,0,0,0,0,0,0,0,0,0,0,0,0,0,0,1,0,1,0,0,0,0,0,0,0,1,0,0,1,0
car_fc4a5ba4_jpg.rf.f98cca195b2269940e5ab26cfeae40d0.jpg,0,0,0,0,0,0,0,0,0,0,0,0,1,0,0,1,0,1,0,0,0,0,0,0,1,0,0,0,0,0
car_2e7b68c0_jpg.rf.b9793a0f306422fb9577daa31de781a5.jpg,0,0,0,0,0,0,0,0,0,0,0,0,1,0,0,1,0,1,0,0,0,0,0,0,0,1,0,0,0,0
car_9a07bfc4_jpg.rf.e6d91baccf2bedf92720ba8448d718b5.jpg,0,0,0,0,0,0,0,0,0,0,0,0,0,0,0,1,0,0,0,0,0,0,1,0,0,1,0,0,1,0
car_1263c5d1_jpg.rf.9ac0ce1c6fd152083effedef3f2d84b5.jpg,0,0,0,0,0,0,0,0,0,0,0,0,0,0,0,1,0,1,0,0,0,0,0,1,0,0,1,0,0,0
car_26778327_jpg.rf.d88c510f0375b6f023a0b944074d557f.jpg,0,0,0,0,0,0,0,0,0,0,0,0,1,0,0,1,0,1,0,0,0,0,0,0,0,1,0,0,0,0
truck_628e3b0a_jpg.rf.d77e871c9368b41dbfe567f4b0022cb4.jpg,0,0,0,0,0,0,0,0,0,0,1,0,1,0,0,1,0,1,0,0,0,0,0,0,0,0,0,0,0,0
car_021c2b57_jpg.rf.40753eac5a5813739cb79382a4fce32d.jpg,0,0,0,1,0,0,0,0,0,0,0,0,1,0,0,1,0,1,0,0,0,0,0,0,0,0,0,0,0,0
car_26a425cb_jpg.rf.520d02366386d96db7fd28e0d7ead0f4.jpg,0,0,0,0,0,0,0,0,0,0,0,0,0,0,0,1,0,1,0,0,1,0,0,0,1,0,0,0,0,0
car_9859c826_jpg.rf.ff3f81c9b4c9fcfb7fcf47004a52249f.jpg,0,0,0,0,0,0,0,0,0,0,0,0,0,0,0,1,0,1,0,0,0,0,0,0,0,0,1,0,1,0
car_794c7532_jpg.rf.9d09ed48dd02d66ea6e0fcf2b52f40bd.jpg,0,0,0,0,0,0,0,0,0,0,0,0,0,1,0,1,0,1,0,0,0,0,0,0,0,0,1,0,0,0
car_25a123d5_jpg.rf.405585a095dc57f982011d20b9fb274a.jpg,0,0,1,0,0,0,0,0,0,0,0,0,1,0,0,1,0,1,0,0,0,0,0,0,0,0,0,0,0,0
truck_8541de59_jpg.rf.c8e5bd9414e30a1240d4050f3c489a68.jpg,0,0,0,0,0,0,0,0,0,0,0,0,0,1,0,1,0,0,0,0,0,0,1,0,1,0,0,0,0,0
car_2b016690_jpg.rf.d7de301af01ef4a02ba274b2d9d0e30e.jpg,0,0,0,0,0,0,0,0,0,0,0,0,0,0,0,1,0,1,0,0,1,1,0,0,0,0,0,0,0,0
car_0d49ef1a_jpg.rf.1a47f9d198d10d4223c79feb2fac1cc5.jpg,0,0,0,0,0,0,0,0,0,0,0,0,0,0,0,1,1,1,0,0,0,0,0,0,0,0,0,0,1,0
car_24ecc633_jpg.rf.6865a3fdacda53ff723d96cab9b8ec5c.jpg,0,0,0,0,0,0,0,0,0,0,0,0,0,0,0,1,0,1,0,0,1,0,0,0,0,0,1,0,0,0
car_26f1ba44_jpg.rf.e8e2aa2901f7858ce12d5585fef1bc0b.jpg,1,0,0,0,0,0,0,0,0,0,0,0,1,0,0,1,0,1,0,0,0,0,0,0,0,0,0,0,0,0
car_940ace19_jpg.rf.7a5a0520ed306a344823338357c6c251.jpg,0,0,0,0,0,0,0,0,0,0,0,0,1,0,0,1,0,1,0,0,0,0,0,0,0,0,1,0,0,0
car_33f931bf_jpg.rf.2eb30a7b33de7b2f3dd9b584cd3f0614.jpg,0,0,0,0,0,0,0,0,0,0,0,0,0,0,0,1,0,1,0,0,0,0,0,0,0,0,1,0,1,0
car_3204b907_jpg.rf.5e735decbf55cb3ed0c014a6d66377d7.jpg,0,0,0,0,0,0,0,0,0,0,1,0,1,0,0,1,0,1,0,0,0,0,0,0,0,0,0,0,0,0
car_71aa8436_jpg.rf.cefb56a7d1cf5e3c101f7a38ac72fe72.jpg,0,0,0,0,0,0,0,0,0,0,0,0,0,0,0,1,0,1,0,0,1,0,0,0,0,0,1,0,0,0
car_0269392c_jpg.rf.29904748c1aaf8be79e320e65f629bab.jpg,0,0,0,1,0,0,0,0,0,0,0,0,0,0,0,1,0,1,0,0,1,0,0,0,0,0,0,0,0,0
car_141ddae3_jpg.rf.e13579bd91706e32f30ca98d589c04cb.jpg,0,0,0,0,0,0,0,1,0,0,0,0,0,0,0,1,0,1,0,0,1,0,0,0,0,0,0,0,0,0
car_138f3cf7_jpg.rf.aaa331bbc66456074137cbd67814403d.jpg,0,0,0,0,0,0,0,0,0,0,0,0,0,1,0,1,0,1,0,0,0,0,0,0,0,0,1,0,0,0
car_9bce7484_jpg.rf.f60852c7d8d291f262ee57e291ee19d1.jpg,0,0,0,0,0,0,0,0,0,0,0,0,0,0,0,1,0,1,0,0,1,1,0,0,0,0,0,0,0,0
car_7d2b67cc_jpg.rf.94bad17abc3177beff75825ff67a1283.jpg,0,0,0,0,0,0,0,0,0,0,0,0,0,0,0,1,0,1,0,0,1,0,0,0,0,0,1,0,0,0
car_752a3da2_jpg.rf.da7e4f0197e7587e720bfcfb6c35cd4d.jpg,0,0,0,0,0,0,0,0,0,0,0,0,0,0,0,1,0,1,0,0,0,0,0,0,0,0,1,0,1,0
car_18923855_jpg.rf.4cf32f6b3eb791261dc56c561cc71b45.jpg,0,0,0,0,0,0,0,0,0,0,0,0,0,0,0,1,0,1,0,0,0,0,0,0,1,0,0,0,1,0
car_9bed77d6_jpg.rf.72292ca21e2d13c52eba2c4432988bb9.jpg,0,0,0,0,0,0,0,0,0,0,0,0,0,0,0,1,0,1,0,0,1,0,0,0,0,0,1,0,0,0
car_9af21070_jpg.rf.6d39ad3ed657a42948665436f96b5022.jpg,0,0,0,0,0,0,0,0,0,0,0,0,1,0,0,1,0,1,0,0,0,1,0,0,0,0,0,0,0,0
car_9e1c45a1_jpg.rf.f95604dc1c19e97395920cdfe6575d9a.jpg,0,0,0,0,0,0,0,0,0,0,0,0,0,0,0,1,0,1,0,0,0,0,0,0,1,0,0,0,1,0
car_9b85bf51_jpg.rf.dd4dc73ed73a52396f55b9b03abbb00f.jpg,0,0,0,0,0,0,0,0,0,0,0,0,1,0,0,1,0,1,0,0,0,1,0,0,0,0,0,0,0,0
car_7b83e944_jpg.rf.6e10bb96854e732093a5ceccd475d17b.jpg,0,0,0,1,0,0,0,0,0,0,0,0,0,0,0,1,0,1,0,0,1,0,0,0,0,0,0,0,0,0
car_2d9559d2_jpg.rf.0399a3e4edb2a686fab10a521e8f88a1.jpg,0,0,0,0,0,0,0,0,0,0,0,0,1,0,0,1,0,1,0,0,0,0,0,0,1,0,0,0,0,0
car_9e1c45a1_jpg.rf.33f39811942e38ad65669d926f519120.jpg,0,0,0,0,0,0,0,0,0,0,0,0,0,0,0,1,0,1,0,0,0,0,0,0,1,0,0,0,1,0
car_9af21070_jpg.rf.a501649b520775535b7920f9e4b58ca7.jpg,0,0,0,0,0,0,0,0,0,0,0,0,1,0,0,1,0,1,0,0,0,1,0,0,0,0,0,0,0,0
car_84d19b50_jpg.rf.43f44acaaf5ad17484deb750c1dc33f8.jpg,0,0,0,0,0,0,0,0,0,0,0,0,1,0,0,1,1,1,0,0,0,0,0,0,0,0,0,0,0,0
car_8515880d_jpg.rf.93e77ca6cb83642af9977c821ddbf162.jpg,0,0,0,0,0,0,0,0,0,0,0,0,0,0,0,1,0,1,0,0,0,0,0,0,1,0,0,0,1,0
car_7c735aba_jpg.rf.89afaa8a2874d544c8925a12497ca2cf.jpg,0,0,0,0,0,0,0,0,0,0,0,0,0,0,0,1,0,1,0,0,1,0,0,0,0,0,1,0,0,0
car_9b85bf51_jpg.rf.fb321684785cb6a197b122d359fef3f5.jpg,0,0,0,0,0,0,0,0,0,0,0,0,1,0,0,1,0,1,0,0,0,1,0,0,0,0,0,0,0,0
car_9bce7484_jpg.rf.58f9dd254547de7e45d986bbc90d3649.jpg,0,0,0,0,0,0,0,0,0,0,0,0,0,0,0,1,0,1,0,0,1,1,0,0,0,0,0,0,0,0
car_796c6fd5_jpg.rf.fe79b54668aaadc007fad38d7abd476b.jpg,0,1,0,0,0,0,0,0,0,0,0,0,1,0,0,1,0,0,0,0,0,0,1,0,0,0,0,0,0,0
truck_a3a608e2_jpg.rf.e668e833691dceabbb27b0957b5061bb.jpg,0,0,0,0,0,1,0,0,0,0,0,0,0,0,0,1,0,1,0,0,1,0,0,0,0,0,0,0,0,0
car_7e473fde_jpg.rf.846c8a598fa26dbb2797b839948323ff.jpg,0,0,0,0,0,0,0,0,0,0,1,0,1,0,0,1,0,1,0,0,0,0,0,0,0,0,0,0,0,0
car_9bed77d6_jpg.rf.27c8feb75903e706a60336e68a8fb508.jpg,0,0,0,0,0,0,0,0,0,0,0,0,0,0,0,1,0,1,0,0,1,0,0,0,0,0,1,0,0,0
car_ef7aad9f_jpg.rf.03f1584ff78ac952cf16188eb56c9b63.jpg,0,0,0,0,0,0,0,0,0,0,0,0,1,0,0,1,0,1,0,0,0,0,0,0,0,1,0,0,0,0
truck_c61c1576_jpg.rf.3deae386ff3dc6527a9c7afe954dd5f8.jpg,0,0,0,0,0,0,0,0,0,0,1,0,1,0,0,1,0,1,0,0,0,0,0,0,0,0,0,0,0,0
car_26492075_jpg.rf.657e4c72b81326edec1a1b465729c2fd.jpg,0,0,0,0,0,0,0,0,0,0,0,0,0,0,0,1,0,1,0,0,0,0,0,0,0,0,1,0,1,0
car_719eeef8_jpg.rf.a6826350d99735d0f86c90a43fa1a8ca.jpg,0,0,0,0,0,0,0,0,0,0,0,0,1,0,0,1,0,1,0,0,0,1,0,0,0,0,0,0,0,0
car_833bcfc0_jpg.rf.b14b7ba16b3b5971c834ef1eff44e4c6.jpg,0,0,0,0,0,0,0,0,0,0,0,0,1,0,0,1,0,1,0,0,0,0,0,0,1,0,0,0,0,0
car_9c183a03_jpg.rf.3db8eaa56a293de0e575f8c141a28f30.jpg,0,0,0,0,0,0,0,0,0,0,0,0,0,0,0,1,0,1,0,0,0,0,0,0,1,0,0,0,1,0
car_336b9d4e_jpg.rf.bdc741b0913a203710d25037806cb531.jpg,0,0,0,0,0,0,0,0,0,0,0,0,0,0,0,1,0,1,0,0,1,0,0,0,0,0,1,0,0,0
car_2bb9b947_jpg.rf.a4bf4aed8251612524e26fe4ac17f645.jpg,0,0,0,0,0,0,0,0,0,0,0,0,0,0,0,1,0,1,0,0,1,1,0,0,0,0,0,0,0,0
car_850a6e8e_jpg.rf.59dff8adf2b429b1988ea6b782ee2c2a.jpg,0,0,0,0,0,0,0,0,0,0,0,0,1,0,0,1,0,1,0,0,0,0,0,0,1,0,0,0,0,0
car_ab580599_jpg.rf.3dd5ff982a9c678ed8fe3b3f4ec98dd0.jpg,0,0,0,0,0,0,0,0,0,0,0,0,0,0,0,1,0,1,0,0,1,0,0,0,0,0,1,0,0,0
car_a8a01c8f_jpg.rf.6b1d130d3e9309153dfff973292b1a1d.jpg,0,0,0,0,0,0,0,0,0,0,0,0,0,0,1,1,0,1,0,0,0,0,0,0,0,0,1,0,0,0
car_6d8f5155_jpg.rf.350752c986d12f3d9f726ea51d908028.jpg,0,0,0,0,0,0,0,0,0,0,0,0,0,0,0,1,0,1,0,0,1,0,0,0,0,0,1,0,0,0
car_aa33b843_jpg.rf.43e57608047c4287a300cf84b04fa203.jpg,0,0,0,0,0,0,0,0,0,0,0,0,0,0,0,1,0,1,0,0,1,1,0,0,0,0,0,0,0,0
car_6bc11afd_jpg.rf.741cb0d8a061ed99e708e655ec2c913e.jpg,0,0,0,0,0,0,0,0,0,0,0,0,0,0,1,1,0,1,0,0,0,0,0,0,1,0,0,0,0,0
car_64b0e44e_jpg.rf.82b6dc86dc825c52d0c82f3a92f4bd84.jpg,0,0,0,0,0,0,0,0,0,0,0,0,1,0,0,1,0,1,0,0,0,0,0,0,0,0,1,0,0,0
car_a8a48569_jpg.rf.64a2d232e9004edf174f582124d0d241.jpg,0,0,0,0,0,0,0,0,0,0,0,0,1,0,0,1,0,1,0,0,0,1,0,0,0,0,0,0,0,0
car_ab011ecf_jpg.rf.d072b23c65c017ddf3f0e59434ef1997.jpg,0,0,0,0,0,0,0,0,0,0,0,0,0,0,0,1,0,1,0,0,0,0,0,0,1,0,0,0,1,0
car_4622b8ac_jpg.rf.2ceba34904d36faa8c93fb8029f646ae.jpg,1,0,0,0,0,0,0,0,0,0,0,0,1,0,0,1,0,1,0,0,0,0,0,0,0,0,0,0,0,0
car_6af1cf6d_jpg.rf.7263c8c456c55b8416414d0fb7c98a62.jpg,0,0,0,0,0,0,0,0,0,0,0,0,0,0,0,1,0,1,0,0,0,0,0,0,0,0,1,0,1,0
car_5925394b_jpg.rf.ebb9f0400534b956d82b9e05d8af69f4.jpg,0,0,0,0,0,0,0,0,0,0,0,0,0,1,0,1,0,1,0,0,0,0,0,0,0,0,1,0,0,0
car_a5c1a578_jpg.rf.8abf9511b0543ec5adcf9104bc46025b.jpg,0,0,0,0,0,0,0,0,0,0,0,0,0,0,0,1,0,1,0,0,0,0,0,0,0,0,1,0,1,0
car_4c278005_jpg.rf.66c1f0fb0765f04ced8c491e169a9ddb.jpg,0,0,0,0,0,0,0,0,0,0,0,0,0,0,0,1,0,1,0,0,1,0,0,0,1,0,0,0,0,0
car_c51b829c_jpg.rf.2b9d62dfb0afdb354c0184f0e845b2b2.jpg,0,0,0,1,0,0,0,0,0,0,0,0,0,0,0,1,0,0,0,0,0,0,1,0,0,0,0,0,1,0
car_5b0765bf_jpg.rf.159ddaed556f06d8cfc6ffa7aa1b2269.jpg,0,0,0,0,0,0,0,0,0,0,0,0,0,0,0,1,0,1,0,0,0,0,0,0,0,0,1,0,1,0
car_679f6dd6_jpg.rf.a791d4d1071e9ba75e67cd16352a7ad7.jpg,0,0,0,0,0,0,0,0,0,0,0,0,0,0,0,1,0,1,0,0,0,0,0,0,0,0,1,0,1,0
car_6b9bc84b_jpg.rf.78ca745a9fbfdf1297d9c3a95254cfe0.jpg,0,0,0,0,0,0,0,0,0,0,0,0,0,0,0,1,1,1,0,0,0,0,0,0,0,0,0,0,1,0
car_b41a7125_jpg.rf.f70bee605b5cbeb272b2c208a31a91ee.jpg,0,0,0,0,0,0,0,0,0,0,0,0,0,0,0,1,0,1,0,0,0,0,0,0,0,0,1,0,1,0
car_cbaa6ef0_jpg.rf.7541a6d69c168217e99eed6d7e61bd58.jpg,0,0,0,1,0,0,0,0,0,0,0,0,0,0,0,1,0,1,0,0,0,0,0,0,0,0,0,0,1,0
car_a5b4e5c2_jpg.rf.d334aa6a0d72a9a780926a6b63ef17e9.jpg,0,0,0,0,0,0,0,0,0,0,0,1,0,0,0,1,0,1,0,0,0,0,0,0,0,0,0,0,1,0
car_6bc11afd_jpg.rf.10d211bee475166cf7a8ad127ccc288d.jpg,0,0,0,0,0,0,0,0,0,0,0,0,0,0,1,1,0,1,0,0,0,0,0,0,1,0,0,0,0,0
car_cab4d0a3_jpg.rf.5c3637cb23464e378845df0f50d44fb0.jpg,0,0,0,0,0,0,0,1,0,0,0,0,0,0,0,1,0,1,0,0,0,0,0,0,0,0,0,0,1,0
car_6a35665f_jpg.rf.971dd02e842c8f7f856bbfbfae7a1816.jpg,0,0,0,0,0,0,0,0,0,0,0,0,0,1,0,1,0,1,0,0,0,0,0,0,0,0,1,0,0,0
car_9f6ba109_jpg.rf.cdd7bfd532e0d0104d0c8a8e0e19727f.jpg,0,0,0,0,0,0,0,0,0,0,0,0,0,0,0,1,0,1,0,0,1,0,0,0,0,0,1,0,0,0
car_665035bf_jpg.rf.358ecbec6a52b2571a33c26e489ae790.jpg,0,0,0,0,0,0,0,0,0,0,0,0,0,0,0,1,0,1,0,0,1,0,0,0,0,0,1,0,0,0
car_3fc570e1_jpg.rf.d294014f93d0b571f828efbd5bd9cce4.jpg,0,0,0,0,0,0,0,0,0,0,0,0,1,0,0,1,0,1,0,0,0,0,0,0,0,1,0,0,0,0
car_ab580599_jpg.rf.2d8ceb9be108ffbd78ba5f64b11147e7.jpg,0,0,0,0,0,0,0,0,0,0,0,0,0,0,0,1,0,1,0,0,1,0,0,0,0,0,1,0,0,0
car_62bca7bc_jpg.rf.22fcc0c5828b72515685488e5b075ced.jpg,0,0,0,0,0,0,0,0,0,0,1,0,1,0,0,1,0,1,0,0,0,0,0,0,0,0,0,0,0,0
car_41ab6dc2_jpg.rf.dc99211596555f00098daf1b0c54a886.jpg,0,0,0,0,0,0,0,0,0,0,0,0,0,0,0,1,0,1,0,0,1,0,0,0,0,0,1,0,0,0
car_3de34241_jpg.rf.059ad8827a9b37077299762b3bfab324.jpg,0,0,1,0,0,0,0,0,0,0,0,0,1,0,0,1,0,1,0,0,0,0,0,0,0,0,0,0,0,0
car_6b9bc84b_jpg.rf.60617a4dae9cad5ad690898416994a7f.jpg,0,0,0,0,0,0,0,0,0,0,0,0,0,0,0,1,1,1,0,0,0,0,0,0,0,0,0,0,1,0
car_41ab6dc2_jpg.rf.d218df531c51680f6c7f6bcb61dacbb9.jpg,0,0,0,0,0,0,0,0,0,0,0,0,0,0,0,1,0,1,0,0,1,0,0,0,0,0,1,0,0,0
car_c69c4b31_jpg.rf.c148d8b1eb295cacc36dd00812f44288.jpg,0,0,0,0,0,0,0,0,0,0,0,0,0,0,0,1,0,1,0,0,1,0,0,0,0,1,0,0,0,0
car_c77ee616_jpg.rf.0bf4b0b0dd1ea3c517455f639e5d6eaa.jpg,0,0,0,0,0,0,0,0,0,0,0,0,0,0,0,1,0,1,0,0,0,0,0,0,0,1,0,0,1,0
car_c2546122_jpg.rf.beb732f8af54e9c1a14b1f46751722db.jpg,0,0,0,0,0,0,0,0,0,0,0,0,1,0,0,1,0,1,0,0,0,1,0,0,0,0,0,0,0,0
car_c956d997_jpg.rf.a548c054dd500be9c01883df3798f09c.jpg,0,0,0,1,0,0,0,0,0,0,0,0,0,0,0,1,0,1,0,0,1,0,0,0,0,0,0,0,0,0
car_c47c2a76_jpg.rf.f8dadf930583d2a71eeebfb163f56128.jpg,0,0,0,0,0,0,0,0,0,0,1,0,1,0,0,1,0,1,0,0,0,0,0,0,0,0,0,0,0,0
car_45daac10_jpg.rf.9368aab51807da99893728df6b3d302e.jpg,0,0,0,0,0,0,0,0,0,0,0,0,1,0,0,1,0,1,0,0,0,0,0,0,1,0,0,0,0,0
car_6823633b_jpg.rf.4fd6e738cb9b36c82e5a0f86b5263d8c.jpg,0,0,1,0,0,0,0,0,0,0,0,0,0,0,0,1,0,1,0,0,1,0,0,0,0,0,0,0,0,0
car_ac14b21b_jpg.rf.db286f032ce64af1a3b56bcd5ee04e30.jpg,0,0,1,0,0,0,0,0,0,0,0,0,1,0,0,1,0,1,0,0,0,0,0,0,0,0,0,0,0,0
car_add3c5c8_jpg.rf.1c7205b5b6a82543f5b28d7c9e56a30c.jpg,0,0,0,0,0,0,0,0,0,0,0,0,0,0,0,1,0,1,0,0,1,0,0,0,0,0,1,0,0,0
car_435876bb_jpg.rf.1065065f52406157ba0b9e14ecd3677d.jpg,0,0,0,0,0,0,0,0,0,0,1,0,1,0,0,1,0,1,0,0,0,0,0,0,0,0,0,0,0,0
car_6779aa88_jpg.rf.66c7b891181f50de372f97c006317aad.jpg,0,0,0,0,0,0,0,1,0,0,0,0,0,0,0,1,0,0,0,0,0,0,1,0,0,0,0,0,1,0
car_5d200a9f_jpg.rf.31a5f1c6e8d3ce63e467243545c59c0b.jpg,0,0,0,0,0,0,0,0,0,0,0,0,0,0,0,1,0,1,0,0,0,0,0,0,0,0,1,0,1,0
car_5d24ee5c_jpg.rf.e7c50363ce41b0b67cddfb8c126d8a9f.jpg,0,0,0,0,0,0,0,0,0,0,0,0,0,0,0,1,0,0,0,0,1,0,1,0,0,0,1,0,0,0
car_45daac10_jpg.rf.14beac51d1e7b8b567bc2cffce37704e.jpg,0,0,0,0,0,0,0,0,0,0,0,0,1,0,0,1,0,1,0,0,0,0,0,0,1,0,0,0,0,0
car_9fa3d389_jpg.rf.5f9c255ae5faa7b9dfe60d368382b791.jpg,0,0,0,0,0,0,0,0,0,0,0,1,0,0,0,1,0,1,0,0,0,0,0,0,0,0,0,0,1,0
car_aec501b4_jpg.rf.fc2ba7ca459fba6286575f62fb29ef79.jpg,0,0,0,0,0,0,0,0,0,0,0,0,0,0,0,1,0,1,0,0,0,0,0,0,1,0,0,0,1,0
car_9e70ca18_jpg.rf.5727df7b40e8cb2c7b9e0235202b6ccc.jpg,0,0,0,0,0,0,0,0,0,0,0,0,1,0,0,1,1,1,0,0,0,0,0,0,0,0,0,0,0,0
car_cb1e8c45_jpg.rf.c7fcfceaa240933aa5c3a3913bf21c18.jpg,0,0,0,0,0,0,0,0,0,0,0,0,0,0,0,1,1,1,0,0,0,0,0,0,0,0,0,0,1,0
car_9f8947c1_jpg.rf.a8c4a09bc40271833e7e9956488df573.jpg,0,0,0,0,0,0,0,0,0,0,0,0,0,0,0,1,0,1,0,0,1,0,0,0,1,0,0,0,0,0
car_68c14d6c_jpg.rf.7c08b3db1d31d9a292e356280ca6d7c2.jpg,0,0,0,0,0,0,0,0,0,0,0,0,1,0,0,1,0,1,0,0,0,1,0,0,0,0,0,0,0,0
car_cb69ddd1_jpg.rf.707b0097fc5c6434ba3c7f1059e99cc6.jpg,0,0,0,0,0,0,0,0,0,0,0,0,0,0,0,1,0,0,0,0,0,0,1,0,1,0,0,0,1,0
car_9ec99249_jpg.rf.dba383bde9cf39f160767eac1586c374.jpg,0,0,0,0,0,0,0,0,0,0,0,0,0,1,0,1,0,0,0,0,0,0,1,0,0,0,1,0,0,0
car_6d8f5155_jpg.rf.9f27afff1783153dd143666aa5c6cb82.jpg,0,0,0,0,0,0,0,0,0,0,0,0,0,0,0,1,0,1,0,0,1,0,0,0,0,0,1,0,0,0
car_cab3b37f_jpg.rf.e7d1ae5e7a091e472de2d756c9ba289d.jpg,0,0,0,1,0,0,0,0,0,0,0,0,0,0,0,1,0,1,0,0,1,0,0,0,0,0,0,0,0,0
car_5a3bf86f_jpg.rf.73d295c0b4d95b9adf6a2bcd40fdfcc3.jpg,0,0,0,0,0,0,0,0,0,0,0,0,0,0,0,1,0,1,0,0,1,0,0,0,0,0,1,0,0,0
car_6442aa63_jpg.rf.5af7c9a269b3e4a21c533524d316f1d3.jpg,0,0,0,0,0,0,0,0,0,0,0,0,1,0,0,1,0,1,0,0,0,0,0,0,0,0,1,0,0,0
car_6a35665f_jpg.rf.4d020484e633e9e21869ab4e21e9d042.jpg,0,0,0,0,0,0,0,0,0,0,0,0,0,1,0,1,0,1,0,0,0,0,0,0,0,0,1,0,0,0
car_c5e680d0_jpg.rf.e859c29986457474abf9f083d08ea1bb.jpg,0,0,1,0,0,0,0,0,0,0,0,0,1,0,0,1,0,1,0,0,0,0,0,0,0,0,0,0,0,0
car_ab163dba_jpg.rf.f8d93af6d6c94eb59796b55b07451e61.jpg,0,0,0,0,0,0,0,0,0,0,0,0,0,0,0,1,0,0,0,0,0,0,1,0,0,1,0,0,1,0
car_452ccc32_jpg.rf.1313afc24422991b2882b35841e4913c.jpg,0,0,0,0,0,0,0,0,0,0,0,0,0,0,0,1,0,1,0,0,0,0,0,0,0,0,1,0,1,0
car_add16b0d_jpg.rf.dc7591a6fcc304093fee0f87cea0cd52.jpg,0,0,0,0,0,0,0,0,0,0,0,0,1,0,0,1,0,1,0,0,0,1,0,0,0,0,0,0,0,0
car_c68fe9e8_jpg.rf.41420619e5b22c2ce55fa766941b6377.jpg,0,0,0,0,0,0,0,0,0,0,0,0,1,0,0,1,0,1,0,0,0,0,0,0,0,1,0,0,0,0
car_afe2ea9a_jpg.rf.8b2231500c70acdb495dd23ab4fb570c.jpg,0,0,0,0,0,0,0,0,0,0,1,0,1,0,0,1,0,1,0,0,0,0,0,0,0,0,0,0,0,0
car_68c14d6c_jpg.rf.9ec38501b2f1b1644e41f1a141c5f9e6.jpg,0,0,0,0,0,0,0,0,0,0,0,0,1,0,0,1,0,1,0,0,0,1,0,0,0,0,0,0,0,0
car_3fc570e1_jpg.rf.6e124af882db9790b6d85e453557e64f.jpg,0,0,0,0,0,0,0,0,0,0,0,0,1,0,0,1,0,1,0,0,0,0,0,0,0,1,0,0,0,0
car_452ccc32_jpg.rf.2140efbdb173c06fe3333fc455b66bce.jpg,0,0,0,0,0,0,0,0,0,0,0,0,0,0,0,1,0,1,0,0,0,0,0,0,0,0,1,0,1,0
car_5aef5cd1_jpg.rf.d9d3fc3f3c97c155621c964cfdc1bfc6.jpg,0,0,0,0,0,0,0,0,0,0,0,0,1,0,0,1,0,1,0,0,0,1,0,0,0,0,0,0,0,0
car_c7b79f15_jpg.rf.3083f8cf2d84054cfef25051daae010f.jpg,0,0,1,0,0,0,0,0,0,0,0,0,1,0,0,1,0,1,0,0,0,0,0,0,0,0,0,0,0,0
car_ae6393a7_jpg.rf.1bd499ba47c63efdac9543eb1b7b3df6.jpg,0,0,0,0,0,0,0,1,0,0,0,0,1,0,0,1,0,1,0,0,0,0,0,0,0,0,0,0,0,0
car_5925394b_jpg.rf.7fef21ce06d704541fd7a2560e593dbd.jpg,0,0,0,0,0,0,0,0,0,0,0,0,0,1,0,1,0,1,0,0,0,0,0,0,0,0,1,0,0,0
car_64a7e9e5_jpg.rf.2b33914460489dedf1f6d79a7f97eea9.jpg,0,0,0,0,0,0,0,0,0,0,0,0,0,0,0,1,0,0,0,0,1,0,1,0,1,0,0,0,0,0
car_5b93cf37_jpg.rf.1cb7bc1dfcc5be386aa3189ccc84e0cd.jpg,0,0,0,0,0,0,0,0,0,0,0,0,0,0,0,1,0,1,0,0,1,0,0,0,0,0,1,0,0,0
car_5b0765bf_jpg.rf.eb22457e8fdb6de63a21cab5a1e942a9.jpg,0,0,0,0,0,0,0,0,0,0,0,0,0,0,0,1,0,1,0,0,0,0,0,0,0,0,1,0,1,0
car_5d46b35f_jpg.rf.aad68d3d9821205c42841fd72d16f89e.jpg,0,0,0,0,0,0,0,0,0,0,0,0,1,0,0,1,0,1,0,0,0,0,0,0,0,1,0,0,0,0
car_6af1cf6d_jpg.rf.b53cef77a0c8e1d1a480d40b20cdcf95.jpg,0,0,0,0,0,0,0,0,0,0,0,0,0,0,0,1,0,1,0,0,0,0,0,0,0,0,1,0,1,0
car_4bab96ba_jpg.rf.fa5e6936d46e1c976f835f28ad72f1d9.jpg,0,0,0,0,0,0,0,0,0,0,0,0,0,0,0,1,0,1,0,0,1,0,0,0,0,0,1,0,0,0
car_4622b8ac_jpg.rf.0d52d458839420787e326a740e358b1c.jpg,1,0,0,0,0,0,0,0,0,0,0,0,1,0,0,1,0,1,0,0,0,0,0,0,0,0,0,0,0,0
car_67ad29c0_jpg.rf.5e9525d6cd2f1c50fa43f95a286d2ab2.jpg,0,0,0,0,0,0,0,0,0,0,0,0,0,0,0,1,0,1,0,0,0,0,0,0,1,0,0,0,1,0
car_a1b6edca_jpg.rf.b8b15bc8a75663c32434c925cfdd9a7b.jpg,0,0,0,0,0,0,0,0,0,0,0,0,0,0,0,1,0,1,0,0,1,0,0,0,0,0,1,0,0,0
car_9e2229f2_jpg.rf.e2530cf69afe84b3f3a333b08302795f.jpg,0,0,0,0,0,0,0,0,0,0,0,0,1,0,0,1,0,1,0,0,0,1,0,0,0,0,0,0,0,0
car_5817927a_jpg.rf.28fe9be904b72d5355401f723cf23ffd.jpg,0,0,0,0,0,0,0,0,0,0,1,0,0,0,0,1,0,1,0,0,1,0,0,0,0,0,0,0,0,0
car_9e2229f2_jpg.rf.5244153168e12414cd0513470e8f78d3.jpg,0,0,0,0,0,0,0,0,0,0,0,0,1,0,0,1,0,1,0,0,0,1,0,0,0,0,0,0,0,0
car_c8e6de34_jpg.rf.01706a1c6fc282bc6f78970474285351.jpg,0,0,0,0,0,0,0,0,0,0,0,0,1,0,0,1,0,1,0,0,0,1,0,0,0,0,0,0,0,0
car_3a73d7f7_jpg.rf.726c6c2b54ef15e0d31dfd5b3efcf2aa.jpg,0,0,0,0,0,0,0,0,0,0,0,0,1,0,0,1,1,1,0,0,0,0,0,0,0,0,0,0,0,0
car_5b96e73d_jpg.rf.a36dbe55053327a97bc77ef34546e1fc.jpg,0,0,0,0,0,0,0,0,0,0,0,0,1,0,0,1,0,1,0,0,0,1,0,0,0,0,0,0,0,0
car_3878986f_jpg.rf.807e8c0617d93fa6c13a05e6aba90050.jpg,0,0,0,0,0,0,0,0,0,0,0,0,1,0,0,1,1,1,0,0,0,0,0,0,0,0,0,0,0,0
car_606bf273_jpg.rf.4dab3a182185be54fd57ffe3c29c6ae3.jpg,0,0,0,0,0,0,0,0,0,0,0,0,0,0,0,1,0,1,0,0,1,1,0,0,0,0,0,0,0,0
car_4db58079_jpg.rf.79a1a307ae4f13478efdc8d4d506606d.jpg,0,0,0,0,0,0,0,0,0,0,0,0,1,0,0,1,1,1,0,0,0,0,0,0,0,0,0,0,0,0
car_5c5d7dbd_jpg.rf.5205512c604e9b0446791bd7fc0002a2.jpg,0,0,0,0,0,0,0,0,0,0,0,0,1,0,0,1,0,1,0,0,0,1,0,0,0,0,0,0,0,0
car_4ca6ba88_jpg.rf.b2fed6093a491f8785ddcbd5fa1c3d1f.jpg,0,0,0,0,0,0,0,0,0,0,0,0,0,0,0,1,0,1,0,0,0,0,0,0,0,0,1,0,1,0
car_5f63c37a_jpg.rf.f39e1c41286857c7aade2f218cead94a.jpg,0,0,0,1,0,0,0,0,0,0,0,0,1,0,0,1,0,1,0,0,0,0,0,0,0,0,0,0,0,0
car_39d94121_jpg.rf.98f26aae79b818cb913b7c988d4c47fe.jpg,0,0,0,0,0,0,0,0,0,0,0,0,1,0,0,1,0,1,0,0,0,0,0,0,0,1,0,0,0,0
car_ac14b21b_jpg.rf.1efb99fc28e3556dc76bd0564a8fe56d.jpg,0,0,1,0,0,0,0,0,0,0,0,0,1,0,0,1,0,1,0,0,0,0,0,0,0,0,0,0,0,0
car_3a7702c2_jpg.rf.e973c8adf6346205a3df9ba0c4a33f7d.jpg,0,0,0,0,0,0,0,0,0,0,1,0,1,0,0,1,0,1,0,0,0,0,0,0,0,0,0,0,0,0
car_c59e0227_jpg.rf.c552fe904aaa1738a1e643aa4932fb1c.jpg,0,0,0,1,0,0,0,0,0,0,0,0,1,0,0,1,0,1,0,0,0,0,0,0,0,0,0,0,0,0
car_3c046044_jpg.rf.151ea9c7ad0d29367ff597d0a25e4dfd.jpg,0,0,0,0,0,0,0,0,0,0,0,0,0,0,0,1,0,1,0,0,1,0,0,0,1,0,0,0,0,0
car_9f8947c1_jpg.rf.2ace326da08f9a72ee17a8bdd9c5ac88.jpg,0,0,0,0,0,0,0,0,0,0,0,0,0,0,0,1,0,1,0,0,1,0,0,0,1,0,0,0,0,0
car_62bca7bc_jpg.rf.d6cb64af7d829d95c6b6588d7aa2f2ec.jpg,0,0,0,0,0,0,0,0,0,0,1,0,1,0,0,1,0,1,0,0,0,0,0,0,0,0,0,0,0,0
car_3b6fd9c8_jpg.rf.44b7d36daa3323311c981f074de71196.jpg,0,0,0,0,0,0,0,0,0,0,0,0,0,0,0,1,0,1,0,0,0,0,0,0,0,0,1,0,1,0
car_ab163dba_jpg.rf.0faaab6ff8d6e68885504c2fd550b3e2.jpg,0,0,0,0,0,0,0,0,0,0,0,0,0,0,0,1,0,0,0,0,0,0,1,0,0,1,0,0,1,0
car_bfd551e9_jpg.rf.e29712ae1b1437e1d0ae8abf3112dff3.jpg,0,0,0,0,0,0,0,0,0,0,0,0,0,0,0,1,0,1,0,0,1,0,0,0,1,0,0,0,0,0
car_6442aa63_jpg.rf.3bfd058f4a862407636769fd80d8dad3.jpg,0,0,0,0,0,0,0,0,0,0,0,0,1,0,0,1,0,1,0,0,0,0,0,0,0,0,1,0,0,0
car_9e70ca18_jpg.rf.19a09738a711a57da1d476197900e4a7.jpg,0,0,0,0,0,0,0,0,0,0,0,0,1,0,0,1,1,1,0,0,0,0,0,0,0,0,0,0,0,0
car_ab011ecf_jpg.rf.e6eb7e635d90d0e72b2ccfa06c85fef5.jpg,0,0,0,0,0,0,0,0,0,0,0,0,0,0,0,1,0,1,0,0,0,0,0,0,1,0,0,0,1,0
car_4ebffa00_jpg.rf.5854749a7f582a674ac16d32785794e2.jpg,0,0,0,1,0,0,0,0,0,0,0,0,0,0,0,1,0,1,0,0,1,0,0,0,0,0,0,0,0,0
car_665035bf_jpg.rf.5ff7903257b3d117c11bea53453da801.jpg,0,0,0,0,0,0,0,0,0,0,0,0,0,0,0,1,0,1,0,0,1,0,0,0,0,0,1,0,0,0
car_3d21fa2d_jpg.rf.b8472611a1f6ad26041f5eebc0348563.jpg,0,0,0,0,0,0,0,0,0,0,0,0,1,0,0,1,0,1,0,0,0,0,0,0,1,0,0,0,0,0
car_569a9b23_jpg.rf.76c60af3b326c8a112b53fab0a8f9c3f.jpg,0,0,0,0,0,0,0,0,0,0,0,0,1,0,0,1,0,1,0,0,0,1,0,0,0,0,0,0,0,0
car_37612fca_jpg.rf.4f62519d101c3a85935c92109ea3203d.jpg,0,0,0,0,0,0,0,0,0,0,0,0,0,0,0,1,0,1,0,0,0,0,0,0,0,0,1,0,1,0
car_6823633b_jpg.rf.15425e7141042d283b26834451f7c6f4.jpg,0,0,1,0,0,0,0,0,0,0,0,0,0,0,0,1,0,1,0,0,1,0,0,0,0,0,0,0,0,0
car_6779aa88_jpg.rf.deefae5be007bf661859fc4e3e4c8dc8.jpg,0,0,0,0,0,0,0,1,0,0,0,0,0,0,0,1,0,0,0,0,0,0,1,0,0,0,0,0,1,0
car_9f6ba109_jpg.rf.6f072667b1ce80ca1117b88bdffa12c9.jpg,0,0,0,0,0,0,0,0,0,0,0,0,0,0,0,1,0,1,0,0,1,0,0,0,0,0,1,0,0,0
car_5326a9b0_jpg.rf.36b6b3a11fac74443bc3ec8dd829d090.jpg,0,0,0,0,0,0,0,0,0,0,0,0,0,0,0,1,0,1,0,0,0,0,0,1,0,0,1,0,0,0
car_64b0e44e_jpg.rf.83d9b1a682fff8899e5969bf90897e1f.jpg,0,0,0,0,0,0,0,0,0,0,0,0,1,0,0,1,0,1,0,0,0,0,0,0,0,0,1,0,0,0
car_64bc5216_jpg.rf.e97c7baab1ac850aab0ec7139748175b.jpg,0,0,0,0,0,0,0,0,0,0,0,0,0,0,0,1,0,1,0,0,1,1,0,0,0,0,0,0,0,0
car_3de34241_jpg.rf.972a23c70f6c25a3f1d061290d629c85.jpg,0,0,1,0,0,0,0,0,0,0,0,0,1,0,0,1,0,1,0,0,0,0,0,0,0,0,0,0,0,0
car_364227eb_jpg.rf.df7ff8a3f2048019d808a739199c4c8e.jpg,0,0,0,0,0,0,0,0,0,0,0,0,0,0,0,1,0,1,0,0,1,0,0,0,1,0,0,0,0,0
car_50f487bd_jpg.rf.b957352883f0ac410aca1653ebc67ce3.jpg,0,0,0,1,0,0,0,0,0,0,0,0,0,0,0,1,0,1,0,0,1,0,0,0,0,0,0,0,0,0
car_cbaa6ef0_jpg.rf.f9937b03dbc9ced009c3f5a2ab739e8c.jpg,0,0,0,1,0,0,0,0,0,0,0,0,0,0,0,1,0,1,0,0,0,0,0,0,0,0,0,0,1,0
car_37401aa7_jpg.rf.8a81744c29ed4f46ee191a9e9480571c.jpg,0,0,0,0,0,0,0,0,0,0,0,0,0,0,0,1,0,1,0,0,0,0,0,1,1,0,0,0,0,0
car_56a6007b_jpg.rf.3a0223db90f6ec75b3b91c90246ec726.jpg,0,0,0,0,0,0,0,0,0,0,0,0,0,0,0,1,0,1,0,0,0,0,0,0,1,0,0,0,1,0
car_567d1963_jpg.rf.8eda7b75b8a5b43d6a77920404bba2bc.jpg,0,0,0,0,0,0,0,0,0,0,0,0,0,0,0,1,0,1,0,0,0,0,0,0,1,0,0,0,1,0
car_a1b6edca_jpg.rf.9488850f2281e67dd45125a83937840d.jpg,0,0,0,0,0,0,0,0,0,0,0,0,0,0,0,1,0,1,0,0,1,0,0,0,0,0,1,0,0,0
car_a4fbdb46_jpg.rf.5fb4f60180dd64e0abeaf8b52718a8b7.jpg,0,0,0,0,0,0,0,0,0,0,0,0,1,0,0,1,0,1,0,0,0,0,0,0,0,0,1,0,0,0
car_bdb8f489_jpg.rf.a26f45f01921e749e0e8e38ba2e7561a.jpg,0,0,0,1,0,0,0,0,0,0,0,0,0,0,0,1,0,1,0,0,0,0,0,0,0,0,0,0,1,0
car_4d404d26_jpg.rf.c7cab80cd62b00a07851daf58cce9546.jpg,0,0,0,0,0,0,0,0,0,0,0,0,1,0,0,1,0,1,0,0,0,1,0,0,0,0,0,0,0,0
car_3c2cc767_jpg.rf.0ef419f7d49e96cac75c34def864e308.jpg,0,0,0,0,0,0,0,0,0,0,0,0,0,0,0,1,0,1,0,0,0,0,0,0,0,0,1,0,1,0
car_571bb4f4_jpg.rf.ad07f295c73e3ea3d23d44dfb96c7c0c.jpg,0,0,0,0,0,0,0,0,0,0,0,0,1,0,0,1,0,1,0,0,0,1,0,0,0,0,0,0,0,0
car_c1ec7cb4_jpg.rf.8c71e5c39f96321fa2c25f748c93504d.jpg,0,0,0,1,0,0,0,0,0,0,0,0,0,0,0,1,0,1,0,0,0,0,0,0,0,0,0,0,1,0
car_bfa5cd29_jpg.rf.20efec4f0091d9c893a6c6968132aa73.jpg,0,0,0,0,0,0,0,0,0,0,0,0,0,0,0,1,0,1,0,0,1,0,0,0,1,0,0,0,0,0
car_36cb64e2_jpg.rf.9421f60f7d88e3d56de18411782a247c.jpg,0,0,0,1,0,0,0,0,0,0,0,0,1,0,0,1,0,1,0,0,0,0,0,0,0,0,0,0,0,0
car_67ad29c0_jpg.rf.dc3006de93cec05844048fb13565d130.jpg,0,0,0,0,0,0,0,0,0,0,0,0,0,0,0,1,0,1,0,0,0,0,0,0,1,0,0,0,1,0
car_64a7e9e5_jpg.rf.4c32b40aeb7c000d3e823463f4bd9222.jpg,0,0,0,0,0,0,0,0,0,0,0,0,0,0,0,1,0,0,0,0,1,0,1,0,1,0,0,0,0,0
car_a2b0be67_jpg.rf.a913359036ccf16d710012007be0820e.jpg,0,0,0,0,0,0,0,0,0,0,0,0,0,0,0,1,1,1,0,0,0,0,0,0,0,0,0,0,1,0
car_a5c1a578_jpg.rf.bf9e144185ec9e6858f362e066eccccd.jpg,0,0,0,0,0,0,0,0,0,0,0,0,0,0,0,1,0,1,0,0,0,0,0,0,0,0,1,0,1,0
car_bfe4b3e7_jpg.rf.43ec9a7765dd2b66972a7d2c14e542e6.jpg,0,0,0,0,0,0,0,0,0,0,0,0,1,0,0,1,0,0,0,0,0,0,1,0,1,0,0,0,0,0
car_a5b4e5c2_jpg.rf.098cd57c804459efea4a3f3e6490e51a.jpg,0,0,0,0,0,0,0,0,0,0,0,1,0,0,0,1,0,1,0,0,0,0,0,0,0,0,0,0,1,0
car_5702df13_jpg.rf.d8f63ba24f473792297f73f2ec8fb573.jpg,0,0,0,0,0,0,0,0,0,0,0,0,1,0,0,1,0,1,0,0,0,0,0,0,0,0,1,0,0,0
car_a8a01c8f_jpg.rf.6523f7e90a56f37635e9f2402a71db60.jpg,0,0,0,0,0,0,0,0,0,0,0,0,0,0,1,1,0,1,0,0,0,0,0,0,0,0,1,0,0,0
car_353e5704_jpg.rf.fe39ef44979b0d5efd28e8008c6fb601.jpg,0,0,0,0,0,0,0,0,0,0,0,0,0,0,0,1,0,1,0,0,1,0,0,0,0,1,0,0,0,0
car_52c0fbad_jpg.rf.32bbf7e8b4fabe3fe1caed7397d874e4.jpg,0,0,0,0,0,0,0,1,0,0,0,0,1,0,0,1,0,1,0,0,0,0,0,0,0,0,0,0,0,0
car_b41a7125_jpg.rf.91c773869a3d33b9d88a9efaa8d49f74.jpg,0,0,0,0,0,0,0,0,0,0,0,0,0,0,0,1,0,1,0,0,0,0,0,0,0,0,1,0,1,0
car_a41ed18f_jpg.rf.50cf0b84e93b07c36bbee0e41a9340c1.jpg,0,0,0,0,0,0,0,0,0,0,0,0,0,0,0,1,0,1,0,0,0,0,0,0,0,0,1,0,1,0
car_52295285_jpg.rf.a596f0bcfacafb2cfe295fb7960a565e.jpg,0,0,1,0,0,0,0,0,0,0,0,0,1,0,0,1,0,0,0,0,0,0,1,0,0,0,0,0,0,0
car_b37d24ec_jpg.rf.64af81dfd54a035f8ceb310d3e4453cb.jpg,0,0,0,0,0,0,0,0,0,0,0,0,1,0,0,1,0,1,0,0,0,0,0,0,1,0,0,0,0,0
car_a2eb27e3_jpg.rf.ea499e4d1532078e9578515a39984177.jpg,0,0,0,1,0,0,0,0,0,0,0,0,0,0,0,1,0,1,0,0,1,0,0,0,0,0,0,0,0,0
car_3f01b0dc_jpg.rf.1e9a04c37a90f577051604e2106e302e.jpg,0,0,0,0,0,0,0,0,0,0,1,0,0,0,0,1,0,1,0,0,0,0,0,0,0,0,0,0,1,0
car_a563861b_jpg.rf.ca7fa9e9c16166f4af4d71adcee38086.jpg,0,0,0,0,0,0,0,0,0,0,0,0,0,0,0,1,0,1,0,0,1,0,0,0,0,0,1,0,0,0
car_cab3b37f_jpg.rf.7067c046e6a885eeccaa8b295d2ec9e7.jpg,0,0,0,1,0,0,0,0,0,0,0,0,0,0,0,1,0,1,0,0,1,0,0,0,0,0,0,0,0,0
car_c1596cfa_jpg.rf.4ad437a6bceafd05447fd4881324b8af.jpg,0,0,0,0,0,0,0,0,0,0,0,0,0,0,0,1,0,1,0,0,0,0,0,0,0,0,1,0,1,0
car_a22acf04_jpg.rf.f4fc98e24d44227fcb341de134d843b9.jpg,0,0,0,0,0,0,0,0,0,0,0,0,0,0,0,1,0,1,0,0,0,0,0,0,0,0,1,0,1,0
car_c2546122_jpg.rf.6ebb5689158c9b0ed1c33e0dce5131d2.jpg,0,0,0,0,0,0,0,0,0,0,0,0,1,0,0,1,0,1,0,0,0,1,0,0,0,0,0,0,0,0
car_a529c32a_jpg.rf.1e4974ff638bbac53af764e49035f515.jpg,0,0,0,0,0,0,0,0,0,0,0,0,0,1,0,1,0,1,0,0,0,0,0,0,0,0,1,0,0,0
car_c59e0227_jpg.rf.a41d5be17f4277390642f48a067fdb70.jpg,0,0,0,1,0,0,0,0,0,0,0,0,1,0,0,1,0,1,0,0,0,0,0,0,0,0,0,0,0,0
car_a2cf274c_jpg.rf.15854c451d04676f58704e213f8784ae.jpg,0,0,0,0,0,0,0,0,0,0,0,0,0,0,0,1,0,1,0,0,0,0,0,0,0,0,1,0,1,0
car_353e5704_jpg.rf.4e0a6904d16375a0ee28a038fde1e361.jpg,0,0,0,0,0,0,0,0,0,0,0,0,0,0,0,1,0,1,0,0,1,0,0,0,0,1,0,0,0,0
car_a36f3c15_jpg.rf.967d0dadb81a401ad547efa0f5a26cfb.jpg,0,0,0,0,0,0,0,0,0,0,0,0,1,0,0,1,0,1,0,0,0,1,0,0,0,0,0,0,0,0
car_c5e680d0_jpg.rf.1b24331e53d5c456baf2fb8511ad33f0.jpg,0,0,1,0,0,0,0,0,0,0,0,0,1,0,0,1,0,1,0,0,0,0,0,0,0,0,0,0,0,0
car_37612fca_jpg.rf.a2916cfa6608e075b9e21d237bf0e423.jpg,0,0,0,0,0,0,0,0,0,0,0,0,0,0,0,1,0,1,0,0,0,0,0,0,0,0,1,0,1,0
car_aa33b843_jpg.rf.1cd13d5dd2e0db6f71654fbde0c081db.jpg,0,0,0,0,0,0,0,0,0,0,0,0,0,0,0,1,0,1,0,0,1,1,0,0,0,0,0,0,0,0
car_9ec99249_jpg.rf.86f4ba2d4c75d85c550c75bd7ce6677a.jpg,0,0,0,0,0,0,0,0,0,0,0,0,0,1,0,1,0,0,0,0,0,0,1,0,0,0,1,0,0,0
car_c68fe9e8_jpg.rf.2c87ab797d476ef839e5ab612ce1d143.jpg,0,0,0,0,0,0,0,0,0,0,0,0,1,0,0,1,0,1,0,0,0,0,0,0,0,1,0,0,0,0
car_b2166b92_jpg.rf.6420cc4e244e7d8320a291bd33ed6626.jpg,0,0,1,0,0,0,0,0,0,0,0,0,1,0,0,1,0,1,0,0,0,0,0,0,0,0,0,0,0,0
car_a8a48569_jpg.rf.70088192d4af79890d3f576a8ddc889b.jpg,0,0,0,0,0,0,0,0,0,0,0,0,1,0,0,1,0,1,0,0,0,1,0,0,0,0,0,0,0,0
car_afe2ea9a_jpg.rf.cc3d6c4b7d950ef9e0dd42a472ed7122.jpg,0,0,0,0,0,0,0,0,0,0,1,0,1,0,0,1,0,1,0,0,0,0,0,0,0,0,0,0,0,0
car_c77ee616_jpg.rf.cff465bcd8f1a4bf0a278795866a9fda.jpg,0,0,0,0,0,0,0,0,0,0,0,0,0,0,0,1,0,1,0,0,0,0,0,0,0,1,0,0,1,0
car_b19da516_jpg.rf.ae93a9026830741191516419e898db3f.jpg,0,0,0,0,0,0,0,0,0,0,0,0,1,0,0,1,0,1,0,0,0,0,0,0,0,0,1,0,0,0
car_364227eb_jpg.rf.07dc8d0b23b031c1b004018b042b5da6.jpg,0,0,0,0,0,0,0,0,0,0,0,0,0,0,0,1,0,1,0,0,1,0,0,0,1,0,0,0,0,0
car_c15fe189_jpg.rf.63a21d2d734d8f9da0150a5726523936.jpg,0,0,0,0,0,0,0,0,0,0,0,0,1,0,0,1,0,1,0,0,0,0,0,0,1,0,0,0,0,0
car_9fa3d389_jpg.rf.5a8066ef25d9c2d00bdd45193907d8a6.jpg,0,0,0,0,0,0,0,0,0,0,0,1,0,0,0,1,0,1,0,0,0,0,0,0,0,0,0,0,1,0
car_3878986f_jpg.rf.1221a45bb72b74dd5beafdc98bfee622.jpg,0,0,0,0,0,0,0,0,0,0,0,0,1,0,0,1,1,1,0,0,0,0,0,0,0,0,0,0,0,0
car_c51b829c_jpg.rf.1d190b380be27cb158034fe66a2ea403.jpg,0,0,0,1,0,0,0,0,0,0,0,0,0,0,0,1,0,0,0,0,0,0,1,0,0,0,0,0,1,0
car_c8e6de34_jpg.rf.5a6fbb388e68233d7ee61a8f091eba6b.jpg,0,0,0,0,0,0,0,0,0,0,0,0,1,0,0,1,0,1,0,0,0,1,0,0,0,0,0,0,0,0
car_b2ababb1_jpg.rf.8287255f741caa151f5e26c07d60e260.jpg,0,0,0,0,0,0,0,0,0,0,0,0,0,0,0,1,0,1,0,0,1,1,0,0,0,0,0,0,0,0
car_37401aa7_jpg.rf.f9d991c3f15e1bd6c69899bed21200db.jpg,0,0,0,0,0,0,0,0,0,0,0,0,0,0,0,1,0,1,0,0,0,0,0,1,1,0,0,0,0,0
car_cb69ddd1_jpg.rf.81fb281b985b5a0c592312ae1e94e84a.jpg,0,0,0,0,0,0,0,0,0,0,0,0,0,0,0,1,0,0,0,0,0,0,1,0,1,0,0,0,1,0
car_c956d997_jpg.rf.c8cf4017ac216683ef429e1f959327d8.jpg,0,0,0,1,0,0,0,0,0,0,0,0,0,0,0,1,0,1,0,0,1,0,0,0,0,0,0,0,0,0
car_be2237ef_jpg.rf.e770a530728974d7baa731fad448e526.jpg,0,0,0,0,0,0,0,0,0,0,0,0,0,0,0,1,0,1,0,0,0,0,0,0,0,1,0,0,1,0
car_c7b79f15_jpg.rf.7ee95c7816e6c89e3abc9fa4e4b5b89e.jpg,0,0,1,0,0,0,0,0,0,0,0,0,1,0,0,1,0,1,0,0,0,0,0,0,0,0,0,0,0,0
car_cab4d0a3_jpg.rf.de14443b9efa522c5b01abdc7a1c4d6e.jpg,0,0,0,0,0,0,0,1,0,0,0,0,0,0,0,1,0,1,0,0,0,0,0,0,0,0,0,0,1,0
car_46932e50_jpg.rf.30a6ac1bc87ba745f22f141f6305f062.jpg,0,0,0,0,0,0,0,0,0,0,0,0,0,0,0,1,0,1,0,0,0,0,0,0,0,0,1,0,1,0
car_4f50b6e3_jpg.rf.12a97c96485222fe8b9bed1215f69534.jpg,0,0,0,0,0,0,0,0,0,0,0,0,0,0,0,1,0,1,0,0,1,0,0,0,1,0,0,0,0,0
car_c47c2a76_jpg.rf.ede7615e4f9ac8dfac6bcec440755ef3.jpg,0,0,0,0,0,0,0,0,0,0,1,0,1,0,0,1,0,1,0,0,0,0,0,0,0,0,0,0,0,0
car_cb1e8c45_jpg.rf.c5a6a5ded28d1dc3fd0e2136e976addf.jpg,0,0,0,0,0,0,0,0,0,0,0,0,0,0,0,1,1,1,0,0,0,0,0,0,0,0,0,0,1,0
car_b49936dc_jpg.rf.0eeb87382604f78b7be99c4b742b3778.jpg,0,0,0,0,0,0,0,0,0,0,0,0,0,0,0,1,0,1,0,0,0,0,0,0,0,0,1,0,1,0
car_add16b0d_jpg.rf.ed907bd190bd4481dd945baacb7481a3.jpg,0,0,0,0,0,0,0,0,0,0,0,0,1,0,0,1,0,1,0,0,0,1,0,0,0,0,0,0,0,0
car_add3c5c8_jpg.rf.150ea457b8fd9962624f64459fa0b4e3.jpg,0,0,0,0,0,0,0,0,0,0,0,0,0,0,0,1,0,1,0,0,1,0,0,0,0,0,1,0,0,0
car_c69c4b31_jpg.rf.f0f32b50eb5b0aa2f89da75a9d7f239b.jpg,0,0,0,0,0,0,0,0,0,0,0,0,0,0,0,1,0,1,0,0,1,0,0,0,0,1,0,0,0,0
car_3b6fd9c8_jpg.rf.33b969d8cd96ddb2e92a39f82cc3926c.jpg,0,0,0,0,0,0,0,0,0,0,0,0,0,0,0,1,0,1,0,0,0,0,0,0,0,0,1,0,1,0
car_c77ee616_jpg.rf.30e3f3047d249eb01240b5f4eefebacd.jpg,0,0,0,0,0,0,0,0,0,0,0,0,0,0,0,1,0,1,0,0,0,0,0,0,0,1,0,0,1,0
car_c1fb035f_jpg.rf.6a52427e3910fb96b99ade10967d1f08.jpg,0,0,0,0,0,0,0,0,0,0,0,0,0,0,0,1,0,1,0,0,1,0,0,0,0,0,1,0,0,0
car_435876bb_jpg.rf.bb79441a6e5ce3d59c6a549c8d49afee.jpg,0,0,0,0,0,0,0,0,0,0,1,0,1,0,0,1,0,1,0,0,0,0,0,0,0,0,0,0,0,0
car_aec501b4_jpg.rf.a3ed51529c310fd18d2d5485bbf20bcb.jpg,0,0,0,0,0,0,0,0,0,0,0,0,0,0,0,1,0,1,0,0,0,0,0,0,1,0,0,0,1,0
car_36cb64e2_jpg.rf.c84c0ca3e62ee8ca17cac1ba31cae58e.jpg,0,0,0,1,0,0,0,0,0,0,0,0,1,0,0,1,0,1,0,0,0,0,0,0,0,0,0,0,0,0
car_3a7702c2_jpg.rf.855d644cc3cff286b4b873e201e30dd5.jpg,0,0,0,0,0,0,0,0,0,0,1,0,1,0,0,1,0,1,0,0,0,0,0,0,0,0,0,0,0,0
car_b0750aec_jpg.rf.a41a7c1fd0fac248b76c86d36f3c1199.jpg,0,0,0,0,0,0,0,0,0,0,0,0,0,0,0,1,0,1,0,0,1,0,0,0,1,0,0,0,0,0
car_b81b8bc8_jpg.rf.f392cd4807dac39d5376fc21c78a1957.jpg,0,0,0,0,0,0,0,0,0,0,0,0,0,0,0,1,1,1,0,0,0,0,0,0,0,0,0,0,1,0
car_6d8f5155_jpg.rf.c8f2b4423df57036991a3fb9bfed2fea.jpg,0,0,0,0,0,0,0,0,0,0,0,0,0,0,0,1,0,1,0,0,1,0,0,0,0,0,1,0,0,0
car_6bc11afd_jpg.rf.9a99f327f83f178aefbbbfb81e38fd61.jpg,0,0,0,0,0,0,0,0,0,0,0,0,0,0,1,1,0,1,0,0,0,0,0,0,1,0,0,0,0,0
car_679f6dd6_jpg.rf.ab31c68b9f70c8d58fedf2aa44d25ed1.jpg,0,0,0,0,0,0,0,0,0,0,0,0,0,0,0,1,0,1,0,0,0,0,0,0,0,0,1,0,1,0
car_39d94121_jpg.rf.e16ac8d0161f40bf243cc66fe4fc6dc5.jpg,0,0,0,0,0,0,0,0,0,0,0,0,1,0,0,1,0,1,0,0,0,0,0,0,0,1,0,0,0,0
car_6823633b_jpg.rf.45a8ed2a83da4af95b9ada16b602f1a2.jpg,0,0,1,0,0,0,0,0,0,0,0,0,0,0,0,1,0,1,0,0,1,0,0,0,0,0,0,0,0,0
car_c51b829c_jpg.rf.3e63beaf0cdfc87f553c86af0efe9d54.jpg,0,0,0,1,0,0,0,0,0,0,0,0,0,0,0,1,0,0,0,0,0,0,1,0,0,0,0,0,1,0
car_45daac10_jpg.rf.ac4159bc07976b173738fbaad6864c80.jpg,0,0,0,0,0,0,0,0,0,0,0,0,1,0,0,1,0,1,0,0,0,0,0,0,1,0,0,0,0,0
car_3c046044_jpg.rf.6080a70bcc808d04d0f9d43dd57c6fec.jpg,0,0,0,0,0,0,0,0,0,0,0,0,0,0,0,1,0,1,0,0,1,0,0,0,1,0,0,0,0,0
car_41ab6dc2_jpg.rf.acf18f55fc79d2b737551c450b8523b8.jpg,0,0,0,0,0,0,0,0,0,0,0,0,0,0,0,1,0,1,0,0,1,0,0,0,0,0,1,0,0,0
car_3fc570e1_jpg.rf.641a321c18a5e3e39987822003707ac9.jpg,0,0,0,0,0,0,0,0,0,0,0,0,1,0,0,1,0,1,0,0,0,0,0,0,0,1,0,0,0,0
car_b7acfed8_jpg.rf.e2c6d3531ae2c2d66c35647fab5e96e8.jpg,0,0,0,1,0,0,0,0,0,0,0,0,0,0,0,1,0,1,0,0,1,0,0,0,0,0,0,0,0,0
car_ae6393a7_jpg.rf.0b45eb989113e1ee59304464f7e4338c.jpg,0,0,0,0,0,0,0,1,0,0,0,0,1,0,0,1,0,1,0,0,0,0,0,0,0,0,0,0,0,0
car_3de34241_jpg.rf.4c30cf8439bc2d1ce1e5df9522276c23.jpg,0,0,1,0,0,0,0,0,0,0,0,0,1,0,0,1,0,1,0,0,0,0,0,0,0,0,0,0,0,0
car_51752249_jpg.rf.9d0381af496b22a37091cd3eee359f47.jpg,0,0,0,0,0,0,0,0,0,0,0,0,1,0,0,1,0,1,0,0,0,0,0,0,0,0,1,0,0,0
car_c59e0227_jpg.rf.aa95ea87b51a8ea594d6a67c78384c44.jpg,0,0,0,1,0,0,0,0,0,0,0,0,1,0,0,1,0,1,0,0,0,0,0,0,0,0,0,0,0,0
car_b423bc92_jpg.rf.90c98da598d77a40249c16a7e2b3be1c.jpg,0,1,0,0,0,0,0,0,0,0,0,0,1,0,0,1,0,1,0,0,0,0,0,0,0,0,0,0,0,0
car_679f6dd6_jpg.rf.31c8f7dd769e1f27b5aa90ff7cb384ad.jpg,0,0,0,0,0,0,0,0,0,0,0,0,0,0,0,1,0,1,0,0,0,0,0,0,0,0,1,0,1,0
car_c5e680d0_jpg.rf.ade82d24ccfe98c65b050f24edd85264.jpg,0,0,1,0,0,0,0,0,0,0,0,0,1,0,0,1,0,1,0,0,0,0,0,0,0,0,0,0,0,0
car_b1c3c0b8_jpg.rf.34049343e9eee7e851db5f88f20b44c5.jpg,0,0,0,0,0,0,0,0,0,0,1,0,1,0,0,1,0,1,0,0,0,0,0,0,0,0,0,0,0,0
car_498ba975_jpg.rf.b602d9c31a0a75ab580e5ed1c4fc662b.jpg,0,0,0,0,0,0,0,0,0,0,0,0,1,0,0,1,0,0,0,0,0,1,1,0,0,0,0,0,0,0
car_50f487bd_jpg.rf.daa13751c04a13205222bc2fce059372.jpg,0,0,0,1,0,0,0,0,0,0,0,0,0,0,0,1,0,1,0,0,1,0,0,0,0,0,0,0,0,0
car_5c5d7dbd_jpg.rf.fe2bf5b097c8b6ec280c5e04d3d8be0c.jpg,0,0,0,0,0,0,0,0,0,0,0,0,1,0,0,1,0,1,0,0,0,1,0,0,0,0,0,0,0,0
car_4622b8ac_jpg.rf.c30523ba3db3e49495979a3b4dea0085.jpg,1,0,0,0,0,0,0,0,0,0,0,0,1,0,0,1,0,1,0,0,0,0,0,0,0,0,0,0,0,0
car_b5690cbc_jpg.rf.47de12520900f1139aeaca75048537b3.jpg,0,0,0,0,0,0,0,0,0,0,0,0,0,0,0,1,0,1,0,0,0,0,0,0,0,0,1,0,1,0
car_3a73d7f7_jpg.rf.086fd4ad574a667fc09092f5b14a9fbe.jpg,0,0,0,0,0,0,0,0,0,0,0,0,1,0,0,1,1,1,0,0,0,0,0,0,0,0,0,0,0,0
car_3d21fa2d_jpg.rf.19a41633299ac345798ac439ee5ad5c3.jpg,0,0,0,0,0,0,0,0,0,0,0,0,1,0,0,1,0,1,0,0,0,0,0,0,1,0,0,0,0,0
car_c214b311_jpg.rf.df2251f7c55f61bb123a07908d45e82d.jpg,0,0,0,0,0,0,0,0,0,0,0,0,0,0,0,1,0,1,0,0,1,0,0,0,0,0,1,0,0,0
car_6b9bc84b_jpg.rf.fe1ff530ff287033ebcca677b5446e99.jpg,0,0,0,0,0,0,0,0,0,0,0,0,0,0,0,1,1,1,0,0,0,0,0,0,0,0,0,0,1,0
car_51752249_jpg.rf.a3f0d8dbb21103ac931b11800ef10b89.jpg,0,0,0,0,0,0,0,0,0,0,0,0,1,0,0,1,0,1,0,0,0,0,0,0,0,0,1,0,0,0
car_3f01b0dc_jpg.rf.798c86f8bc466f2a6c49f71ce582f704.jpg,0,0,0,0,0,0,0,0,0,0,1,0,0,0,0,1,0,1,0,0,0,0,0,0,0,0,0,0,1,0
car_b864b245_jpg.rf.4970dad9d2b1550dd8801aed8311811a.jpg,0,0,0,0,0,0,0,0,0,0,1,0,1,0,0,1,0,1,0,0,0,0,0,0,0,0,0,0,0,0
car_c8e6de34_jpg.rf.d500a99640ec0e2c3b2a19595e077dd9.jpg,0,0,0,0,0,0,0,0,0,0,0,0,1,0,0,1,0,1,0,0,0,1,0,0,0,0,0,0,0,0
car_c7b79f15_jpg.rf.d4a61a0530cfb7781ebe3a9c97e2341b.jpg,0,0,1,0,0,0,0,0,0,0,0,0,1,0,0,1,0,1,0,0,0,0,0,0,0,0,0,0,0,0
car_68c14d6c_jpg.rf.c223a5bd5fe26c49d8d225b1a8fdadde.jpg,0,0,0,0,0,0,0,0,0,0,0,0,1,0,0,1,0,1,0,0,0,1,0,0,0,0,0,0,0,0
car_6af1cf6d_jpg.rf.976e6ae1e6f43d9b2e6d1811d7cd610a.jpg,0,0,0,0,0,0,0,0,0,0,0,0,0,0,0,1,0,1,0,0,0,0,0,0,0,0,1,0,1,0
car_5d200a9f_jpg.rf.a926470e2a5c9874ff1750055515f72c.jpg,0,0,0,0,0,0,0,0,0,0,0,0,0,0,0,1,0,1,0,0,0,0,0,0,0,0,1,0,1,0
car_c68fe9e8_jpg.rf.aee4a0d0b9bf61e3b295140869f9665c.jpg,0,0,0,0,0,0,0,0,0,0,0,0,1,0,0,1,0,1,0,0,0,0,0,0,0,1,0,0,0,0
car_452ccc32_jpg.rf.aec9f71c5a1f066e6460ed5594c964e8.jpg,0,0,0,0,0,0,0,0,0,0,0,0,0,0,0,1,0,1,0,0,0,0,0,0,0,0,1,0,1,0
car_48589162_jpg.rf.2e8fa545a6cde2a026b31780191be439.jpg,0,0,0,0,0,0,0,0,0,0,0,0,1,0,0,1,0,1,0,0,0,0,0,0,0,0,1,0,0,0
car_4aa294cf_jpg.rf.e7dcfa846ef5c6166b0af28a3d3b5594.jpg,0,0,0,1,0,0,0,0,0,0,0,0,0,0,0,1,0,1,0,0,1,0,0,0,0,0,0,0,0,0
car_ba91b9ab_jpg.rf.9c3769e1aae3591e12f2c8854f5a088a.jpg,0,0,0,0,0,0,0,0,0,0,0,0,0,0,1,1,0,0,0,0,0,0,1,0,0,0,1,0,0,0
car_4aec040f_jpg.rf.9e637c681e8180b035a7f095d6d18443.jpg,0,0,0,1,0,0,0,0,0,0,0,0,1,0,0,1,0,1,0,0,0,0,0,0,0,0,0,0,0,0
car_4f50b6e3_jpg.rf.4f6de41e5f8d071fa4890880b2b8f281.jpg,0,0,0,0,0,0,0,0,0,0,0,0,0,0,0,1,0,1,0,0,1,0,0,0,1,0,0,0,0,0
car_606bf273_jpg.rf.38f5249c14c65c4307501025458610fe.jpg,0,0,0,0,0,0,0,0,0,0,0,0,0,0,0,1,0,1,0,0,1,1,0,0,0,0,0,0,0,0
car_cb69ddd1_jpg.rf.2570b7ac753928c12800e4be3d154bfa.jpg,0,0,0,0,0,0,0,0,0,0,0,0,0,0,0,1,0,0,0,0,0,0,1,0,1,0,0,0,1,0
car_67ad29c0_jpg.rf.b6afbd22a8627ca308bddd534e2cfa0b.jpg,0,0,0,0,0,0,0,0,0,0,0,0,0,0,0,1,0,1,0,0,0,0,0,0,1,0,0,0,1,0
car_cbaa6ef0_jpg.rf.a05116e072f1178e67ff9bde18575dab.jpg,0,0,0,1,0,0,0,0,0,0,0,0,0,0,0,1,0,1,0,0,0,0,0,0,0,0,0,0,1,0
car_5d46b35f_jpg.rf.a47721740256758e7faa6939cb7fe75a.jpg,0,0,0,0,0,0,0,0,0,0,0,0,1,0,0,1,0,1,0,0,0,0,0,0,0,1,0,0,0,0
car_a366a438_jpg.rf.cd1bb8c1a03fe4a4ec73b33d02eb9c9c.jpg,0,0,0,0,0,1,0,0,0,0,0,0,0,0,0,1,0,0,0,0,0,0,1,0,0,0,0,0,1,0
car_52295285_jpg.rf.3851466c2f0949b427307cc1d03ddc32.jpg,0,0,1,0,0,0,0,0,0,0,0,0,1,0,0,1,0,0,0,0,0,0,1,0,0,0,0,0,0,0
car_b4be2f86_jpg.rf.dfe7b66a7d0bc92e7d24643551655448.jpg,0,0,0,1,0,0,0,0,0,0,0,0,0,0,0,1,0,0,0,0,0,0,1,0,0,0,0,0,1,0
car_4c278005_jpg.rf.267b3db454736bb0bbdd0dd3e748d341.jpg,0,0,0,0,0,0,0,0,0,0,0,0,0,0,0,1,0,1,0,0,1,0,0,0,1,0,0,0,0,0
car_5b96e73d_jpg.rf.233d5ac838d45a161d9148dbdbc8825b.jpg,0,0,0,0,0,0,0,0,0,0,0,0,1,0,0,1,0,1,0,0,0,1,0,0,0,0,0,0,0,0
car_5326a9b0_jpg.rf.e1f5834c815ae111ec580198289e1075.jpg,0,0,0,0,0,0,0,0,0,0,0,0,0,0,0,1,0,1,0,0,0,0,0,1,0,0,1,0,0,0
car_567d1963_jpg.rf.94ee00d74ca9962769a3a6343161fd5a.jpg,0,0,0,0,0,0,0,0,0,0,0,0,0,0,0,1,0,1,0,0,0,0,0,0,1,0,0,0,1,0
car_cab3b37f_jpg.rf.0b6649f43a9c5a57ab9b8b137dd2153a.jpg,0,0,0,1,0,0,0,0,0,0,0,0,0,0,0,1,0,1,0,0,1,0,0,0,0,0,0,0,0,0
car_4d404d26_jpg.rf.fcce6c4f77212a2bbf1363439917426f.jpg,0,0,0,0,0,0,0,0,0,0,0,0,1,0,0,1,0,1,0,0,0,1,0,0,0,0,0,0,0,0
car_5817927a_jpg.rf.2f94a718a429b6748eeb1c3c51072acb.jpg,0,0,0,0,0,0,0,0,0,0,1,0,0,0,0,1,0,1,0,0,1,0,0,0,0,0,0,0,0,0
car_4ebffa00_jpg.rf.2a56f780c73bd33612b9d6adeb32cd2b.jpg,0,0,0,1,0,0,0,0,0,0,0,0,0,0,0,1,0,1,0,0,1,0,0,0,0,0,0,0,0,0
car_4ca6ba88_jpg.rf.d9e2ef5a4f879cc17dd27412169999cd.jpg,0,0,0,0,0,0,0,0,0,0,0,0,0,0,0,1,0,1,0,0,0,0,0,0,0,0,1,0,1,0
car_c69c4b31_jpg.rf.62843ed55d7d6b026f0286937900c591.jpg,0,0,0,0,0,0,0,0,0,0,0,0,0,0,0,1,0,1,0,0,1,0,0,0,0,1,0,0,0,0
car_5a3bf86f_jpg.rf.8d8f1cce0ff0eb9be9fe1f5ba859b1c5.jpg,0,0,0,0,0,0,0,0,0,0,0,0,0,0,0,1,0,1,0,0,1,0,0,0,0,0,1,0,0,0
car_4db58079_jpg.rf.8ded50b65e49051a90ff438d84eb8ca9.jpg,0,0,0,0,0,0,0,0,0,0,0,0,1,0,0,1,1,1,0,0,0,0,0,0,0,0,0,0,0,0
car_6779aa88_jpg.rf.d50cd90cf8b3d6814415bc3187d57c5f.jpg,0,0,0,0,0,0,0,1,0,0,0,0,0,0,0,1,0,0,0,0,0,0,1,0,0,0,0,0,1,0
car_571bb4f4_jpg.rf.f1a5b0546121aeb09f217960b000b34a.jpg,0,0,0,0,0,0,0,0,0,0,0,0,1,0,0,1,0,1,0,0,0,1,0,0,0,0,0,0,0,0
car_5d24ee5c_jpg.rf.7c2bde02e705c3b0870f42d9b33d887a.jpg,0,0,0,0,0,0,0,0,0,0,0,0,0,0,0,1,0,0,0,0,1,0,1,0,0,0,1,0,0,0
car_3c2cc767_jpg.rf.c2b707b93bc300085c2eab6a8e4773c9.jpg,0,0,0,0,0,0,0,0,0,0,0,0,0,0,0,1,0,1,0,0,0,0,0,0,0,0,1,0,1,0
car_5f63c37a_jpg.rf.1f96863ef1d181e00bb8aa8ca2567e4f.jpg,0,0,0,1,0,0,0,0,0,0,0,0,1,0,0,1,0,1,0,0,0,0,0,0,0,0,0,0,0,0
car_6a35665f_jpg.rf.5fef472ecb3f32b7141409d370857dc6.jpg,0,0,0,0,0,0,0,0,0,0,0,0,0,1,0,1,0,1,0,0,0,0,0,0,0,0,1,0,0,0
car_5aef5cd1_jpg.rf.0dc2143ec523daa6f9a3dbb661cd2b18.jpg,0,0,0,0,0,0,0,0,0,0,0,0,1,0,0,1,0,1,0,0,0,1,0,0,0,0,0,0,0,0
car_6823633b_jpg.rf.8756e180f69223bb96492eb6e50bd3a1.jpg,0,0,1,0,0,0,0,0,0,0,0,0,0,0,0,1,0,1,0,0,1,0,0,0,0,0,0,0,0,0
car_6779aa88_jpg.rf.2d3f8edcdbafa3b05cf0d6b20e4472c7.jpg,0,0,0,0,0,0,0,1,0,0,0,0,0,0,0,1,0,0,0,0,0,0,1,0,0,0,0,0,1,0
car_cb1e8c45_jpg.rf.ab6aff1f3e3304a681d73961f2ca9acc.jpg,0,0,0,0,0,0,0,0,0,0,0,0,0,0,0,1,1,1,0,0,0,0,0,0,0,0,0,0,1,0
car_4bab96ba_jpg.rf.bc1345635570d9874e08108d8db8f531.jpg,0,0,0,0,0,0,0,0,0,0,0,0,0,0,0,1,0,1,0,0,1,0,0,0,0,0,1,0,0,0
car_5b93cf37_jpg.rf.05f7e08401cf3fbcab89d1df639aee4d.jpg,0,0,0,0,0,0,0,0,0,0,0,0,0,0,0,1,0,1,0,0,1,0,0,0,0,0,1,0,0,0
car_5b0765bf_jpg.rf.93efbbf609f7fe8d4fbce57488c0054f.jpg,0,0,0,0,0,0,0,0,0,0,0,0,0,0,0,1,0,1,0,0,0,0,0,0,0,0,1,0,1,0
car_5925394b_jpg.rf.eb50f2a2abe09edca3211300e9a2ff78.jpg,0,0,0,0,0,0,0,0,0,0,0,0,0,1,0,1,0,1,0,0,0,0,0,0,0,0,1,0,0,0
car_64b0e44e_jpg.rf.ac43ba686b622395827b1ed89fb1f616.jpg,0,0,0,0,0,0,0,0,0,0,0,0,1,0,0,1,0,1,0,0,0,0,0,0,0,0,1,0,0,0
car_52c0fbad_jpg.rf.2a74afe3a9d86e1bf02c1a425e766a97.jpg,0,0,0,0,0,0,0,1,0,0,0,0,1,0,0,1,0,1,0,0,0,0,0,0,0,0,0,0,0,0
car_68c14d6c_jpg.rf.0e1a6fb187b82063a9b1eb92457c4143.jpg,0,0,0,0,0,0,0,0,0,0,0,0,1,0,0,1,0,1,0,0,0,1,0,0,0,0,0,0,0,0
car_5702df13_jpg.rf.c0b4a6a5ff489ef7c333c7c428a072c3.jpg,0,0,0,0,0,0,0,0,0,0,0,0,1,0,0,1,0,1,0,0,0,0,0,0,0,0,1,0,0,0
car_c956d997_jpg.rf.64e522a4a2b5d904c411df51eca07501.jpg,0,0,0,1,0,0,0,0,0,0,0,0,0,0,0,1,0,1,0,0,1,0,0,0,0,0,0,0,0,0
car_6bc11afd_jpg.rf.f4c14705934ba740f0cbf6f1ecddd3fe.jpg,0,0,0,0,0,0,0,0,0,0,0,0,0,0,1,1,0,1,0,0,0,0,0,0,1,0,0,0,0,0
car_64bc5216_jpg.rf.da8e6d98211a4d61a5681c825de70ec7.jpg,0,0,0,0,0,0,0,0,0,0,0,0,0,0,0,1,0,1,0,0,1,1,0,0,0,0,0,0,0,0
car_679f6dd6_jpg.rf.7f397b7db46e2013a4577db88703fd10.jpg,0,0,0,0,0,0,0,0,0,0,0,0,0,0,0,1,0,1,0,0,0,0,0,0,0,0,1,0,1,0
car_62bca7bc_jpg.rf.3ba0a6bcb4a248e8af86e42f5135c5d8.jpg,0,0,0,0,0,0,0,0,0,0,1,0,1,0,0,1,0,1,0,0,0,0,0,0,0,0,0,0,0,0
car_569a9b23_jpg.rf.7d8bb47d291472071a517557be634deb.jpg,0,0,0,0,0,0,0,0,0,0,0,0,1,0,0,1,0,1,0,0,0,1,0,0,0,0,0,0,0,0
car_6b9bc84b_jpg.rf.bd8067626796e46ba6517a99661ac605.jpg,0,0,0,0,0,0,0,0,0,0,0,0,0,0,0,1,1,1,0,0,0,0,0,0,0,0,0,0,1,0
car_cab4d0a3_jpg.rf.589eef8f443964be7abaecebe76fa4bc.jpg,0,0,0,0,0,0,0,1,0,0,0,0,0,0,0,1,0,1,0,0,0,0,0,0,0,0,0,0,1,0
car_6a35665f_jpg.rf.ce5e4ff96bf9eb21f3775c5dc80a31d7.jpg,0,0,0,0,0,0,0,0,0,0,0,0,0,1,0,1,0,1,0,0,0,0,0,0,0,0,1,0,0,0
car_56a6007b_jpg.rf.26181650c7de4f289a36043f4a366692.jpg,0,0,0,0,0,0,0,0,0,0,0,0,0,0,0,1,0,1,0,0,0,0,0,0,1,0,0,0,1,0
car_6d8f5155_jpg.rf.76a2d1f7e162d8ec3e40adf278db422b.jpg,0,0,0,0,0,0,0,0,0,0,0,0,0,0,0,1,0,1,0,0,1,0,0,0,0,0,1,0,0,0
car_665035bf_jpg.rf.82221a1e6949dc00e5ae6865c18d63fd.jpg,0,0,0,0,0,0,0,0,0,0,0,0,0,0,0,1,0,1,0,0,1,0,0,0,0,0,1,0,0,0
car_64a7e9e5_jpg.rf.c1597e54e8c35b5038a23e379423ac37.jpg,0,0,0,0,0,0,0,0,0,0,0,0,0,0,0,1,0,0,0,0,1,0,1,0,1,0,0,0,0,0
car_6af1cf6d_jpg.rf.5b8d3607a0d99a4b18bdb2f8addf0de2.jpg,0,0,0,0,0,0,0,0,0,0,0,0,0,0,0,1,0,1,0,0,0,0,0,0,0,0,1,0,1,0
car_67ad29c0_jpg.rf.02d0ddda1aa832250d9245eba3560c25.jpg,0,0,0,0,0,0,0,0,0,0,0,0,0,0,0,1,0,1,0,0,0,0,0,0,1,0,0,0,1,0
car_6442aa63_jpg.rf.e9d9009efefcfad70a83813391c06c9b.jpg,0,0,0,0,0,0,0,0,0,0,0,0,1,0,0,1,0,1,0,0,0,0,0,0,0,0,1,0,0,0
car_5326a9b0_jpg.rf.f643fe65d0b675119b0598d272935dfa.jpg,0,0,0,0,0,0,0,0,0,0,0,0,0,0,0,1,0,1,0,0,0,0,0,1,0,0,1,0,0,0
car_9e2229f2_jpg.rf.a1a16cbf89ccd09527e0ea0dd83fb49a.jpg,0,0,0,0,0,0,0,0,0,0,0,0,1,0,0,1,0,1,0,0,0,1,0,0,0,0,0,0,0,0
car_a22acf04_jpg.rf.9b588f0e3e06d88072b2e5c244d22a3e.jpg,0,0,0,0,0,0,0,0,0,0,0,0,0,0,0,1,0,1,0,0,0,0,0,0,0,0,1,0,1,0
car_9fa3d389_jpg.rf.e4009e43a1c2dc23bed654ac2306e84f.jpg,0,0,0,0,0,0,0,0,0,0,0,1,0,0,0,1,0,1,0,0,0,0,0,0,0,0,0,0,1,0
car_52295285_jpg.rf.4549bafc9e5bee5585bd9a37f0307401.jpg,0,0,1,0,0,0,0,0,0,0,0,0,1,0,0,1,0,0,0,0,0,0,1,0,0,0,0,0,0,0
car_a2eb27e3_jpg.rf.ca4703df8830933b6b83dfc6b0c9be72.jpg,0,0,0,1,0,0,0,0,0,0,0,0,0,0,0,1,0,1,0,0,1,0,0,0,0,0,0,0,0,0
car_ac14b21b_jpg.rf.4d57aa0c5ff952e42aaea27060779ee0.jpg,0,0,1,0,0,0,0,0,0,0,0,0,1,0,0,1,0,1,0,0,0,0,0,0,0,0,0,0,0,0
car_a2b0be67_jpg.rf.2abb12607b58458c22521865c9e128f1.jpg,0,0,0,0,0,0,0,0,0,0,0,0,0,0,0,1,1,1,0,0,0,0,0,0,0,0,0,0,1,0
car_ae6393a7_jpg.rf.2be860fd24e657c9bc94733ed0a73f50.jpg,0,0,0,0,0,0,0,1,0,0,0,0,1,0,0,1,0,1,0,0,0,0,0,0,0,0,0,0,0,0
car_b864b245_jpg.rf.b493d3ed9db064beba920347073ef7e8.jpg,0,0,0,0,0,0,0,0,0,0,1,0,1,0,0,1,0,1,0,0,0,0,0,0,0,0,0,0,0,0
car_b49936dc_jpg.rf.64460bc07f481d9199f34a2d810fcd6a.jpg,0,0,0,0,0,0,0,0,0,0,0,0,0,0,0,1,0,1,0,0,0,0,0,0,0,0,1,0,1,0
car_b4be2f86_jpg.rf.c1592113c8ee4daf866240a9dffda5d9.jpg,0,0,0,1,0,0,0,0,0,0,0,0,0,0,0,1,0,0,0,0,0,0,1,0,0,0,0,0,1,0
car_6442aa63_jpg.rf.63b8a8e875c3cc10cbe6bb5db50f1064.jpg,0,0,0,0,0,0,0,0,0,0,0,0,1,0,0,1,0,1,0,0,0,0,0,0,0,0,1,0,0,0
car_567d1963_jpg.rf.77cf297453d4993247d8e7ff282323e4.jpg,0,0,0,0,0,0,0,0,0,0,0,0,0,0,0,1,0,1,0,0,0,0,0,0,1,0,0,0,1,0
car_37401aa7_jpg.rf.9f0c90b34059420ca29cee03ec494f7c.jpg,0,0,0,0,0,0,0,0,0,0,0,0,0,0,0,1,0,1,0,0,0,0,0,1,1,0,0,0,0,0
car_ba91b9ab_jpg.rf.434314d42d256790f4683fe6e796583d.jpg,0,0,0,0,0,0,0,0,0,0,0,0,0,0,1,1,0,0,0,0,0,0,1,0,0,0,1,0,0,0
car_add3c5c8_jpg.rf.75b20e184e68a499a7e96679cd873757.jpg,0,0,0,0,0,0,0,0,0,0,0,0,0,0,0,1,0,1,0,0,1,0,0,0,0,0,1,0,0,0
car_b423bc92_jpg.rf.c4c8512089d54eb765920101ebe24187.jpg,0,1,0,0,0,0,0,0,0,0,0,0,1,0,0,1,0,1,0,0,0,0,0,0,0,0,0,0,0,0
car_435876bb_jpg.rf.cbf9a73902d93a71e77196c1105a683e.jpg,0,0,0,0,0,0,0,0,0,0,1,0,1,0,0,1,0,1,0,0,0,0,0,0,0,0,0,0,0,0
car_b1c3c0b8_jpg.rf.d56f94392ec18c7de8ac1ddebcb8bc8d.jpg,0,0,0,0,0,0,0,0,0,0,1,0,1,0,0,1,0,1,0,0,0,0,0,0,0,0,0,0,0,0
car_fab594f2_jpg.rf.8e077262a4fb93f39f45b4baad7f65f6.jpg,0,0,0,0,0,0,0,0,0,0,0,0,0,0,0,1,0,1,0,0,0,0,0,0,0,0,1,0,1,0
car_f78ad7bc_jpg.rf.136d4ff33eff4de480d36344e9083043.jpg,0,0,0,0,0,0,0,0,0,0,0,0,1,0,0,1,0,1,0,0,0,0,0,0,1,0,0,0,0,0
car_b37d24ec_jpg.rf.d69e1e769b780101beb9ec5063b2a555.jpg,0,0,0,0,0,0,0,0,0,0,0,0,1,0,0,1,0,1,0,0,0,0,0,0,1,0,0,0,0,0
car_b4be2f86_jpg.rf.07f753dd03d92c1990ea83dc7e723999.jpg,0,0,0,1,0,0,0,0,0,0,0,0,0,0,0,1,0,0,0,0,0,0,1,0,0,0,0,0,1,0
car_b2ababb1_jpg.rf.88bc4c46426d7f1d1f5b956bda4ece17.jpg,0,0,0,0,0,0,0,0,0,0,0,0,0,0,0,1,0,1,0,0,1,1,0,0,0,0,0,0,0,0
car_41ab6dc2_jpg.rf.150d5dec02e1c83b9064ba6189ed2a96.jpg,0,0,0,0,0,0,0,0,0,0,0,0,0,0,0,1,0,1,0,0,1,0,0,0,0,0,1,0,0,0
car_3878986f_jpg.rf.4d4b3798a16e9a69d14b1bf939e46b45.jpg,0,0,0,0,0,0,0,0,0,0,0,0,1,0,0,1,1,1,0,0,0,0,0,0,0,0,0,0,0,0
car_ab163dba_jpg.rf.890baad6b3233ad5a132204188bbdf49.jpg,0,0,0,0,0,0,0,0,0,0,0,0,0,0,0,1,0,0,0,0,0,0,1,0,0,1,0,0,1,0
car_b81b8bc8_jpg.rf.ec2a5255200233400c1449bbd68140fb.jpg,0,0,0,0,0,0,0,0,0,0,0,0,0,0,0,1,1,1,0,0,0,0,0,0,0,0,0,0,1,0
car_fc7cb0cf_jpg.rf.43868cec0abeaf6175eadaa84a816428.jpg,0,0,0,0,0,0,0,0,0,0,0,0,0,0,0,1,0,1,0,0,0,0,0,0,0,0,1,0,1,0
car_b5690cbc_jpg.rf.9ccffb17d128efb13b242c57ba7a0d11.jpg,0,0,0,0,0,0,0,0,0,0,0,0,0,0,0,1,0,1,0,0,0,0,0,0,0,0,1,0,1,0
car_4f50b6e3_jpg.rf.a000ee79408dc2ffae65c9834f086daa.jpg,0,0,0,0,0,0,0,0,0,0,0,0,0,0,0,1,0,1,0,0,1,0,0,0,1,0,0,0,0,0
car_a1b6edca_jpg.rf.49a738afe07bd4eafce959c46b06c6c5.jpg,0,0,0,0,0,0,0,0,0,0,0,0,0,0,0,1,0,1,0,0,1,0,0,0,0,0,1,0,0,0
car_c8e6de34_jpg.rf.4b5a13a88021f30aef3b079b6705aa22.jpg,0,0,0,0,0,0,0,0,0,0,0,0,1,0,0,1,0,1,0,0,0,1,0,0,0,0,0,0,0,0
car_3fc570e1_jpg.rf.e0d2c13af59223e6627db5cf802a1d7a.jpg,0,0,0,0,0,0,0,0,0,0,0,0,1,0,0,1,0,1,0,0,0,0,0,0,0,1,0,0,0,0
car_a529c32a_jpg.rf.5fd4ef793c2851b728d57552e27c23bd.jpg,0,0,0,0,0,0,0,0,0,0,0,0,0,1,0,1,0,1,0,0,0,0,0,0,0,0,1,0,0,0
car_9f8947c1_jpg.rf.4581eb3c6958b5079b473e323ebcacee.jpg,0,0,0,0,0,0,0,0,0,0,0,0,0,0,0,1,0,1,0,0,1,0,0,0,1,0,0,0,0,0
car_b49936dc_jpg.rf.6986776fa3a9cc340700968c8a36a49e.jpg,0,0,0,0,0,0,0,0,0,0,0,0,0,0,0,1,0,1,0,0,0,0,0,0,0,0,1,0,1,0
car_b41a7125_jpg.rf.ad05f862f8194c51ae68603d40d5f3e7.jpg,0,0,0,0,0,0,0,0,0,0,0,0,0,0,0,1,0,1,0,0,0,0,0,0,0,0,1,0,1,0
car_a2cf274c_jpg.rf.20650b0c3f3b292e96ef23b205eb21b7.jpg,0,0,0,0,0,0,0,0,0,0,0,0,0,0,0,1,0,1,0,0,0,0,0,0,0,0,1,0,1,0
car_f7a66d3b_jpg.rf.d21cc9cc18b186c8a4720d8e9e2e97b0.jpg,0,0,0,0,0,0,0,0,0,0,0,0,0,1,0,1,0,1,0,0,0,0,0,0,0,1,0,0,0,0
car_62bca7bc_jpg.rf.97ac591dd70185c0c47c17c08eb10f8b.jpg,0,0,0,0,0,0,0,0,0,0,1,0,1,0,0,1,0,1,0,0,0,0,0,0,0,0,0,0,0,0
car_64b0e44e_jpg.rf.526e76257c6bf53108e3fde0bd832e56.jpg,0,0,0,0,0,0,0,0,0,0,0,0,1,0,0,1,0,1,0,0,0,0,0,0,0,0,1,0,0,0
car_b2166b92_jpg.rf.f3f7920bdfa2ef73ce6f1b0e7838c522.jpg,0,0,1,0,0,0,0,0,0,0,0,0,1,0,0,1,0,1,0,0,0,0,0,0,0,0,0,0,0,0
car_a4fbdb46_jpg.rf.4eabc0a659a4dd2683ae1b41dcc687dc.jpg,0,0,0,0,0,0,0,0,0,0,0,0,1,0,0,1,0,1,0,0,0,0,0,0,0,0,1,0,0,0
car_52c0fbad_jpg.rf.41f67cab5c5fe94d0381a34358277d75.jpg,0,0,0,0,0,0,0,1,0,0,0,0,1,0,0,1,0,1,0,0,0,0,0,0,0,0,0,0,0,0
car_39d94121_jpg.rf.96f825a7cdd90384f2edce916c002633.jpg,0,0,0,0,0,0,0,0,0,0,0,0,1,0,0,1,0,1,0,0,0,0,0,0,0,1,0,0,0,0
car_64bc5216_jpg.rf.2bd48a99de0c9f3aaa2ee538dcf44820.jpg,0,0,0,0,0,0,0,0,0,0,0,0,0,0,0,1,0,1,0,0,1,1,0,0,0,0,0,0,0,0
car_a36f3c15_jpg.rf.d6536f695e2da975fbaa4b9b98cf67d8.jpg,0,0,0,0,0,0,0,0,0,0,0,0,1,0,0,1,0,1,0,0,0,1,0,0,0,0,0,0,0,0
car_64a7e9e5_jpg.rf.eeb823b4e107432cf5e05900766f37f9.jpg,0,0,0,0,0,0,0,0,0,0,0,0,0,0,0,1,0,0,0,0,1,0,1,0,1,0,0,0,0,0
car_37612fca_jpg.rf.1dbb2d09e26084e516a949d2ba1855f5.jpg,0,0,0,0,0,0,0,0,0,0,0,0,0,0,0,1,0,1,0,0,0,0,0,0,0,0,1,0,1,0
car_a5c1a578_jpg.rf.7b5135bf1717bc24cba3ef05879feaa8.jpg,0,0,0,0,0,0,0,0,0,0,0,0,0,0,0,1,0,1,0,0,0,0,0,0,0,0,1,0,1,0
car_3d21fa2d_jpg.rf.8078d79045bd644e2988da4ba951e875.jpg,0,0,0,0,0,0,0,0,0,0,0,0,1,0,0,1,0,1,0,0,0,0,0,0,1,0,0,0,0,0
car_fc4a5ba4_jpg.rf.ed1772897dc2dbac821a2474e4ee4e6e.jpg,0,0,0,0,0,0,0,0,0,0,0,0,1,0,0,1,0,1,0,0,0,0,0,0,1,0,0,0,0,0
car_b5690cbc_jpg.rf.86a40812a3ca541dc2d40b0acd5918a5.jpg,0,0,0,0,0,0,0,0,0,0,0,0,0,0,0,1,0,1,0,0,0,0,0,0,0,0,1,0,1,0
truck_a3a608e2_jpg.rf.8951b15936e50533c43cdd8d72a56b5b.jpg,0,0,0,0,0,1,0,0,0,0,0,0,0,0,0,1,0,1,0,0,1,0,0,0,0,0,0,0,0,0
car_a41ed18f_jpg.rf.f720016bb71c33ccfec0e0fcf6bf86a6.jpg,0,0,0,0,0,0,0,0,0,0,0,0,0,0,0,1,0,1,0,0,0,0,0,0,0,0,1,0,1,0
car_b7acfed8_jpg.rf.690bbe6556b7d251a97d1d715a7dd240.jpg,0,0,0,1,0,0,0,0,0,0,0,0,0,0,0,1,0,1,0,0,1,0,0,0,0,0,0,0,0,0
truck_73b6797a_jpg.rf.9d4265db00850eff3a74d0a952f3c32e.jpg,0,0,0,0,0,1,0,0,0,0,0,0,0,0,0,1,0,1,0,0,1,0,0,0,0,0,0,0,0,0
car_ba91b9ab_jpg.rf.d35b884a250f4d627d2c4dd981315413.jpg,0,0,0,0,0,0,0,0,0,0,0,0,0,0,1,1,0,0,0,0,0,0,1,0,0,0,1,0,0,0
car_5b96e73d_jpg.rf.4c857823cb569c2e529bb5439309f462.jpg,0,0,0,0,0,0,0,0,0,0,0,0,1,0,0,1,0,1,0,0,0,1,0,0,0,0,0,0,0,0
car_5c5d7dbd_jpg.rf.d62985db51cb565cfed92fc72223fc16.jpg,0,0,0,0,0,0,0,0,0,0,0,0,1,0,0,1,0,1,0,0,0,1,0,0,0,0,0,0,0,0
car_a8a48569_jpg.rf.28689245d698d06a7b0eeadd73c8e7ba.jpg,0,0,0,0,0,0,0,0,0,0,0,0,1,0,0,1,0,1,0,0,0,1,0,0,0,0,0,0,0,0
car_c7b79f15_jpg.rf.e799a706358fdffa6a7de0b917c63fd9.jpg,0,0,1,0,0,0,0,0,0,0,0,0,1,0,0,1,0,1,0,0,0,0,0,0,0,0,0,0,0,0
car_a8a01c8f_jpg.rf.e0592bdc13709444e59cdca4be9d2f2c.jpg,0,0,0,0,0,0,0,0,0,0,0,0,0,0,1,1,0,1,0,0,0,0,0,0,0,0,1,0,0,0
car_4c278005_jpg.rf.01cca148021032c0d98d0be922bc9ebc.jpg,0,0,0,0,0,0,0,0,0,0,0,0,0,0,0,1,0,1,0,0,1,0,0,0,1,0,0,0,0,0
car_a563861b_jpg.rf.46de8ee0c8e71f536443743a25dcb03b.jpg,0,0,0,0,0,0,0,0,0,0,0,0,0,0,0,1,0,1,0,0,1,0,0,0,0,0,1,0,0,0
car_3a73d7f7_jpg.rf.a73d04dbcb484eb00da8b960df5116d8.jpg,0,0,0,0,0,0,0,0,0,0,0,0,1,0,0,1,1,1,0,0,0,0,0,0,0,0,0,0,0,0
car_569a9b23_jpg.rf.13292befd10617697a6a6ce3f3dcab8f.jpg,0,0,0,0,0,0,0,0,0,0,0,0,1,0,0,1,0,1,0,0,0,1,0,0,0,0,0,0,0,0
car_3c046044_jpg.rf.0ec033a2567c96962dd22f10e52eb059.jpg,0,0,0,0,0,0,0,0,0,0,0,0,0,0,0,1,0,1,0,0,1,0,0,0,1,0,0,0,0,0
car_c8e6de34_jpg.rf.a7b65f53e2f595a1ba4e2d0082e15b4c.jpg,0,0,0,0,0,0,0,0,0,0,0,0,1,0,0,1,0,1,0,0,0,1,0,0,0,0,0,0,0,0
car_b81b8bc8_jpg.rf.858da8f03a56fed0cb37bdab63592401.jpg,0,0,0,0,0,0,0,0,0,0,0,0,0,0,0,1,1,1,0,0,0,0,0,0,0,0,0,0,1,0
truck_8541de59_jpg.rf.12dfaf0c3b10ecaf7a883cd4a4c3f7dd.jpg,0,0,0,0,0,0,0,0,0,0,0,0,0,1,0,1,0,0,0,0,0,0,1,0,1,0,0,0,0,0
car_36cb64e2_jpg.rf.c705f0096c8541b846ca5e9eb2597ac8.jpg,0,0,0,1,0,0,0,0,0,0,0,0,1,0,0,1,0,1,0,0,0,0,0,0,0,0,0,0,0,0
car_3c2cc767_jpg.rf.e978033b95f400a62c79f9f34ffb350f.jpg,0,0,0,0,0,0,0,0,0,0,0,0,0,0,0,1,0,1,0,0,0,0,0,0,0,0,1,0,1,0
car_5d46b35f_jpg.rf.7201c228fe2f08ab7db4a376f4263524.jpg,0,0,0,0,0,0,0,0,0,0,0,0,1,0,0,1,0,1,0,0,0,0,0,0,0,1,0,0,0,0
car_c5e680d0_jpg.rf.5ec25640a8e687f787388e6c1d089425.jpg,0,0,1,0,0,0,0,0,0,0,0,0,1,0,0,1,0,1,0,0,0,0,0,0,0,0,0,0,0,0
car_3f01b0dc_jpg.rf.65162836f8e6b54c0b157eb79604db86.jpg,0,0,0,0,0,0,0,0,0,0,1,0,0,0,0,1,0,1,0,0,0,0,0,0,0,0,0,0,1,0
car_5d200a9f_jpg.rf.7e28f4290a27e4ca4aba19fe7b1ad05c.jpg,0,0,0,0,0,0,0,0,0,0,0,0,0,0,0,1,0,1,0,0,0,0,0,0,0,0,1,0,1,0
car_606bf273_jpg.rf.9d7d264d6a4b0d4153e1e8f02e6433d8.jpg,0,0,0,0,0,0,0,0,0,0,0,0,0,0,0,1,0,1,0,0,1,1,0,0,0,0,0,0,0,0
car_c956d997_jpg.rf.9759f12fcc083a52a1b47fe506b7f37b.jpg,0,0,0,1,0,0,0,0,0,0,0,0,0,0,0,1,0,1,0,0,1,0,0,0,0,0,0,0,0,0
car_3d21fa2d_jpg.rf.16393db9b9b6bef54c9eb9fb5a0c1870.jpg,0,0,0,0,0,0,0,0,0,0,0,0,1,0,0,1,0,1,0,0,0,0,0,0,1,0,0,0,0,0
car_4aa294cf_jpg.rf.37dc3b7fee3a30b36934b0b38bf32a55.jpg,0,0,0,1,0,0,0,0,0,0,0,0,0,0,0,1,0,1,0,0,1,0,0,0,0,0,0,0,0,0
car_5d24ee5c_jpg.rf.228a5f3d5930955f706432dd58c3fef5.jpg,0,0,0,0,0,0,0,0,0,0,0,0,0,0,0,1,0,0,0,0,1,0,1,0,0,0,1,0,0,0
car_bfd551e9_jpg.rf.4fc3807f32499ca8b40a5f57a283ecb6.jpg,0,0,0,0,0,0,0,0,0,0,0,0,0,0,0,1,0,1,0,0,1,0,0,0,1,0,0,0,0,0
car_bdb8f489_jpg.rf.c80aa509723586fb85818d73fc3e82f8.jpg,0,0,0,1,0,0,0,0,0,0,0,0,0,0,0,1,0,1,0,0,0,0,0,0,0,0,0,0,1,0
car_364227eb_jpg.rf.56153ae3320a85dc9179ea11d6418658.jpg,0,0,0,0,0,0,0,0,0,0,0,0,0,0,0,1,0,1,0,0,1,0,0,0,1,0,0,0,0,0
car_be2237ef_jpg.rf.5841d6212f22d7fbd8350451a7134ae8.jpg,0,0,0,0,0,0,0,0,0,0,0,0,0,0,0,1,0,1,0,0,0,0,0,0,0,1,0,0,1,0
car_353e5704_jpg.rf.f87e0555710ec754d7b9ffcde3209f27.jpg,0,0,0,0,0,0,0,0,0,0,0,0,0,0,0,1,0,1,0,0,1,0,0,0,0,1,0,0,0,0
car_b864b245_jpg.rf.9804105a66a27a8570bfa951d495da3e.jpg,0,0,0,0,0,0,0,0,0,0,1,0,1,0,0,1,0,1,0,0,0,0,0,0,0,0,0,0,0,0
car_3b6fd9c8_jpg.rf.eadfe12bf4af5a3e6487b9715b4db94e.jpg,0,0,0,0,0,0,0,0,0,0,0,0,0,0,0,1,0,1,0,0,0,0,0,0,0,0,1,0,1,0
car_a5b4e5c2_jpg.rf.2c88c3b98acf9680c901a64c33527e83.jpg,0,0,0,0,0,0,0,0,0,0,0,1,0,0,0,1,0,1,0,0,0,0,0,0,0,0,0,0,1,0
truck_c61c1576_jpg.rf.f209bc74973d084e5da8ee25d21bc826.jpg,0,0,0,0,0,0,0,0,0,0,1,0,1,0,0,1,0,1,0,0,0,0,0,0,0,0,0,0,0,0
car_46932e50_jpg.rf.7bb4d01240dc644891be471954bbd0e4.jpg,0,0,0,0,0,0,0,0,0,0,0,0,0,0,0,1,0,1,0,0,0,0,0,0,0,0,1,0,1,0
car_3a73d7f7_jpg.rf.8c6534d83d63ff865784a77093b24ec2.jpg,0,0,0,0,0,0,0,0,0,0,0,0,1,0,0,1,1,1,0,0,0,0,0,0,0,0,0,0,0,0
car_cab3b37f_jpg.rf.c5816ca8e3cdd1f48b0ed39d32d615e6.jpg,0,0,0,1,0,0,0,0,0,0,0,0,0,0,0,1,0,1,0,0,1,0,0,0,0,0,0,0,0,0
car_3de34241_jpg.rf.1180368bcdebd82e94a77c89ecf925a8.jpg,0,0,1,0,0,0,0,0,0,0,0,0,1,0,0,1,0,1,0,0,0,0,0,0,0,0,0,0,0,0
car_5b93cf37_jpg.rf.5ba939e58aee5e028e0210b5d24d306f.jpg,0,0,0,0,0,0,0,0,0,0,0,0,0,0,0,1,0,1,0,0,1,0,0,0,0,0,1,0,0,0
car_4d404d26_jpg.rf.15a9cc1a7949fbf93c24c88cf2bebe7c.jpg,0,0,0,0,0,0,0,0,0,0,0,0,1,0,0,1,0,1,0,0,0,1,0,0,0,0,0,0,0,0
car_4ca6ba88_jpg.rf.e25cf88bf9728b6c485bb8dc5ec25e67.jpg,0,0,0,0,0,0,0,0,0,0,0,0,0,0,0,1,0,1,0,0,0,0,0,0,0,0,1,0,1,0
car_bfa5cd29_jpg.rf.7d9540d9e1242904d4281a6267017291.jpg,0,0,0,0,0,0,0,0,0,0,0,0,0,0,0,1,0,1,0,0,1,0,0,0,1,0,0,0,0,0
car_3de34241_jpg.rf.f55237c6d647f1889c5483ec9ac91b00.jpg,0,0,1,0,0,0,0,0,0,0,0,0,1,0,0,1,0,1,0,0,0,0,0,0,0,0,0,0,0,0
car_c15fe189_jpg.rf.78c8225393a1f079f9f56433e9c2d5c0.jpg,0,0,0,0,0,0,0,0,0,0,0,0,1,0,0,1,0,1,0,0,0,0,0,0,1,0,0,0,0,0
car_498ba975_jpg.rf.4d56a2f4f1595f8c768ef58263954ca4.jpg,0,0,0,0,0,0,0,0,0,0,0,0,1,0,0,1,0,0,0,0,0,1,1,0,0,0,0,0,0,0
car_3f01b0dc_jpg.rf.78f5d8edbe76daba12e4e3075cff15cb.jpg,0,0,0,0,0,0,0,0,0,0,1,0,0,0,0,1,0,1,0,0,0,0,0,0,0,0,0,0,1,0
truck_1033994c_jpg.rf.c94116de9c7cef5da17cbd97ca60891b.jpg,0,0,0,0,0,0,0,0,0,1,0,0,0,0,0,1,0,1,0,1,0,0,0,0,0,0,0,0,0,0
car_4db58079_jpg.rf.424961e813ac4e4e89c3952be6abaf93.jpg,0,0,0,0,0,0,0,0,0,0,0,0,1,0,0,1,1,1,0,0,0,0,0,0,0,0,0,0,0,0
car_48589162_jpg.rf.f1a50134f048d576e5f1fed5d9c8b492.jpg,0,0,0,0,0,0,0,0,0,0,0,0,1,0,0,1,0,1,0,0,0,0,0,0,0,0,1,0,0,0
car_3c046044_jpg.rf.2e234f39931c96d72d4b1081ab88c307.jpg,0,0,0,0,0,0,0,0,0,0,0,0,0,0,0,1,0,1,0,0,1,0,0,0,1,0,0,0,0,0
car_5702df13_jpg.rf.23f4b956d8f08f017d627b217bf787ff.jpg,0,0,0,0,0,0,0,0,0,0,0,0,1,0,0,1,0,1,0,0,0,0,0,0,0,0,1,0,0,0
car_37401aa7_jpg.rf.3efc8fe46ed4703ce4f04c411872b4f3.jpg,0,0,0,0,0,0,0,0,0,0,0,0,0,0,0,1,0,1,0,0,0,0,0,1,1,0,0,0,0,0
car_56a6007b_jpg.rf.94e025774cf4060a8963d2f6e069beb1.jpg,0,0,0,0,0,0,0,0,0,0,0,0,0,0,0,1,0,1,0,0,0,0,0,0,1,0,0,0,1,0
car_4f50b6e3_jpg.rf.10cc1d16aceebf9c006e68620e83e6c4.jpg,0,0,0,0,0,0,0,0,0,0,0,0,0,0,0,1,0,1,0,0,1,0,0,0,1,0,0,0,0,0
car_5f63c37a_jpg.rf.0c28a7a5aa92ff5878436853872b4703.jpg,0,0,0,1,0,0,0,0,0,0,0,0,1,0,0,1,0,1,0,0,0,0,0,0,0,0,0,0,0,0
car_5b0765bf_jpg.rf.51d795697dafce17e9a743096dc57e50.jpg,0,0,0,0,0,0,0,0,0,0,0,0,0,0,0,1,0,1,0,0,0,0,0,0,0,0,1,0,1,0
car_52c0fbad_jpg.rf.4ca0407fb459488800cae0eb4b1e36ed.jpg,0,0,0,0,0,0,0,1,0,0,0,0,1,0,0,1,0,1,0,0,0,0,0,0,0,0,0,0,0,0
car_3a7702c2_jpg.rf.aedbe158bab9a4ab61619cfb3836c593.jpg,0,0,0,0,0,0,0,0,0,0,1,0,1,0,0,1,0,1,0,0,0,0,0,0,0,0,0,0,0,0
car_3a7702c2_jpg.rf.8c4b1c39a80b3de2f09061e85c9da109.jpg,0,0,0,0,0,0,0,0,0,0,1,0,1,0,0,1,0,1,0,0,0,0,0,0,0,0,0,0,0,0
car_c1fb035f_jpg.rf.08faff31687cedffe69474aaf349336e.jpg,0,0,0,0,0,0,0,0,0,0,0,0,0,0,0,1,0,1,0,0,1,0,0,0,0,0,1,0,0,0
car_5817927a_jpg.rf.d1a1f6841b9d3b0d0e76ed4daf5d275b.jpg,0,0,0,0,0,0,0,0,0,0,1,0,0,0,0,1,0,1,0,0,1,0,0,0,0,0,0,0,0,0
car_52295285_jpg.rf.a7d40f564de1a3f7b7fe2eab0342202f.jpg,0,0,1,0,0,0,0,0,0,0,0,0,1,0,0,1,0,0,0,0,0,0,1,0,0,0,0,0,0,0
car_c1596cfa_jpg.rf.b033a529296ccd4be2ba30f869535b04.jpg,0,0,0,0,0,0,0,0,0,0,0,0,0,0,0,1,0,1,0,0,0,0,0,0,0,0,1,0,1,0
car_3fc570e1_jpg.rf.7c8bb3c571605c7cca47e63f71a04fd0.jpg,0,0,0,0,0,0,0,0,0,0,0,0,1,0,0,1,0,1,0,0,0,0,0,0,0,1,0,0,0,0
car_ba91b9ab_jpg.rf.f0c686f47b071db1e96d24197665b16b.jpg,0,0,0,0,0,0,0,0,0,0,0,0,0,0,1,1,0,0,0,0,0,0,1,0,0,0,1,0,0,0
car_cab4d0a3_jpg.rf.51aa10c4df6110f798b27da92a967c41.jpg,0,0,0,0,0,0,0,1,0,0,0,0,0,0,0,1,0,1,0,0,0,0,0,0,0,0,0,0,1,0
car_c51b829c_jpg.rf.4b406aa4c30fc2472221425243e65503.jpg,0,0,0,1,0,0,0,0,0,0,0,0,0,0,0,1,0,0,0,0,0,0,1,0,0,0,0,0,1,0
car_5925394b_jpg.rf.cc26333b4c823a5dc1479b0e54eda9bb.jpg,0,0,0,0,0,0,0,0,0,0,0,0,0,1,0,1,0,1,0,0,0,0,0,0,0,0,1,0,0,0
car_c1ec7cb4_jpg.rf.f43a4a370283f07f797adf80a31d7e1d.jpg,0,0,0,1,0,0,0,0,0,0,0,0,0,0,0,1,0,1,0,0,0,0,0,0,0,0,0,0,1,0
car_45daac10_jpg.rf.21e679656c18225b06724b570474127e.jpg,0,0,0,0,0,0,0,0,0,0,0,0,1,0,0,1,0,1,0,0,0,0,0,0,1,0,0,0,0,0
car_cb69ddd1_jpg.rf.b0ada590bd033204ca6d84a98e508b17.jpg,0,0,0,0,0,0,0,0,0,0,0,0,0,0,0,1,0,0,0,0,0,0,1,0,1,0,0,0,1,0
car_50f487bd_jpg.rf.3ffa2f220c66026c675e06b6830a466e.jpg,0,0,0,1,0,0,0,0,0,0,0,0,0,0,0,1,0,1,0,0,1,0,0,0,0,0,0,0,0,0
car_a366a438_jpg.rf.f958d3b047d076c1fe89006da27919e9.jpg,0,0,0,0,0,1,0,0,0,0,0,0,0,0,0,1,0,0,0,0,0,0,1,0,0,0,0,0,1,0
car_51752249_jpg.rf.e7249635dc837317f8f666e913bf4369.jpg,0,0,0,0,0,0,0,0,0,0,0,0,1,0,0,1,0,1,0,0,0,0,0,0,0,0,1,0,0,0
car_665035bf_jpg.rf.db6c9dfed03a3743968dc95b3fbb52aa.jpg,0,0,0,0,0,0,0,0,0,0,0,0,0,0,0,1,0,1,0,0,1,0,0,0,0,0,1,0,0,0
car_39d94121_jpg.rf.7f5df65a9e3bd705f42940452d1550b1.jpg,0,0,0,0,0,0,0,0,0,0,0,0,1,0,0,1,0,1,0,0,0,0,0,0,0,1,0,0,0,0
car_3b6fd9c8_jpg.rf.957a4ce38939abd872aefd0ff3df4b22.jpg,0,0,0,0,0,0,0,0,0,0,0,0,0,0,0,1,0,1,0,0,0,0,0,0,0,0,1,0,1,0
car_fe586daf_jpg.rf.d8dc01ae0e50587fdfbaaebbc93e86e2.jpg,0,0,0,0,0,0,0,0,0,0,1,0,0,0,0,1,0,1,0,0,1,0,0,0,0,0,0,0,0,0
car_c2546122_jpg.rf.9aef074cf2bbb44f117bf31d2a4714dd.jpg,0,0,0,0,0,0,0,0,0,0,0,0,1,0,0,1,0,1,0,0,0,1,0,0,0,0,0,0,0,0
car_37612fca_jpg.rf.83312f9e01dc9dee11a3e2651ea3ea59.jpg,0,0,0,0,0,0,0,0,0,0,0,0,0,0,0,1,0,1,0,0,0,0,0,0,0,0,1,0,1,0
car_4aec040f_jpg.rf.db8b835de9b99d4c2feb5c873810af7d.jpg,0,0,0,1,0,0,0,0,0,0,0,0,1,0,0,1,0,1,0,0,0,0,0,0,0,0,0,0,0,0
car_c68fe9e8_jpg.rf.299760ff7b05987ac8e28e5cd5ae0753.jpg,0,0,0,0,0,0,0,0,0,0,0,0,1,0,0,1,0,1,0,0,0,0,0,0,0,1,0,0,0,0
truck_5e3276c4_jpg.rf.571849f4cb70efd19b5e97be653af1d5.jpg,0,0,0,0,0,0,0,1,0,0,0,0,0,0,0,1,0,0,0,0,0,0,1,0,0,0,0,0,1,0
car_41ab6dc2_jpg.rf.e4d470e811a84191610d214a50474ef4.jpg,0,0,0,0,0,0,0,0,0,0,0,0,0,0,0,1,0,1,0,0,1,0,0,0,0,0,1,0,0,0
car_c214b311_jpg.rf.c667b748d5e7f097d323469753891a22.jpg,0,0,0,0,0,0,0,0,0,0,0,0,0,0,0,1,0,1,0,0,1,0,0,0,0,0,1,0,0,0
car_5a3bf86f_jpg.rf.4f60fe17f1ab0543f478d1afe1d6644b.jpg,0,0,0,0,0,0,0,0,0,0,0,0,0,0,0,1,0,1,0,0,1,0,0,0,0,0,1,0,0,0
car_452ccc32_jpg.rf.84fd9d0bfaaf6cf5febec58d234568b4.jpg,0,0,0,0,0,0,0,0,0,0,0,0,0,0,0,1,0,1,0,0,0,0,0,0,0,0,1,0,1,0
car_4ebffa00_jpg.rf.5dec68d7b95c0304315bb32654bb9cd5.jpg,0,0,0,1,0,0,0,0,0,0,0,0,0,0,0,1,0,1,0,0,1,0,0,0,0,0,0,0,0,0
car_6af1cf6d_jpg.rf.d16c1ce83d0d5661b1fa1151a939cb50.jpg,0,0,0,0,0,0,0,0,0,0,0,0,0,0,0,1,0,1,0,0,0,0,0,0,0,0,1,0,1,0
car_c59e0227_jpg.rf.06f530c5c3f367d06cad563b15e315a9.jpg,0,0,0,1,0,0,0,0,0,0,0,0,1,0,0,1,0,1,0,0,0,0,0,0,0,0,0,0,0,0
car_be2237ef_jpg.rf.0e4eef8776ccc27dbc28f316ce85d4e5.jpg,0,0,0,0,0,0,0,0,0,0,0,0,0,0,0,1,0,1,0,0,0,0,0,0,0,1,0,0,1,0
car_364227eb_jpg.rf.2bae9943bffe60c6b614ce03f898451e.jpg,0,0,0,0,0,0,0,0,0,0,0,0,0,0,0,1,0,1,0,0,1,0,0,0,1,0,0,0,0,0
car_bdb8f489_jpg.rf.e2f4b92abb1fbfe3fe10e0baed58297d.jpg,0,0,0,1,0,0,0,0,0,0,0,0,0,0,0,1,0,1,0,0,0,0,0,0,0,0,0,0,1,0
car_6779aa88_jpg.rf.ec843ba0570124b4133137de1a31ac84.jpg,0,0,0,0,0,0,0,1,0,0,0,0,0,0,0,1,0,0,0,0,0,0,1,0,0,0,0,0,1,0
car_c77ee616_jpg.rf.1d882a268f8850c4b13832cfbcc13fdb.jpg,0,0,0,0,0,0,0,0,0,0,0,0,0,0,0,1,0,1,0,0,0,0,0,0,0,1,0,0,1,0
car_435876bb_jpg.rf.1eb60269934a395ecbdeea5e0cbc5310.jpg,0,0,0,0,0,0,0,0,0,0,1,0,1,0,0,1,0,1,0,0,0,0,0,0,0,0,0,0,0,0
car_cbaa6ef0_jpg.rf.b685229c52037088fb49c405af018f40.jpg,0,0,0,1,0,0,0,0,0,0,0,0,0,0,0,1,0,1,0,0,0,0,0,0,0,0,0,0,1,0
truck_628e3b0a_jpg.rf.ecc5fe3fee16ff90d2cb65c176771ac9.jpg,0,0,0,0,0,0,0,0,0,0,1,0,1,0,0,1,0,1,0,0,0,0,0,0,0,0,0,0,0,0
car_6823633b_jpg.rf.3142a0abff459e5dbc3ab6bd36f959fc.jpg,0,0,1,0,0,0,0,0,0,0,0,0,0,0,0,1,0,1,0,0,1,0,0,0,0,0,0,0,0,0
car_c5e680d0_jpg.rf.9f07ac564e3525fd7c3fab7c446afa1f.jpg,0,0,1,0,0,0,0,0,0,0,0,0,1,0,0,1,0,1,0,0,0,0,0,0,0,0,0,0,0,0
car_bfe4b3e7_jpg.rf.b0f8e72a73e1e8f4999fd4028ca3d771.jpg,0,0,0,0,0,0,0,0,0,0,0,0,1,0,0,1,0,0,0,0,0,0,1,0,1,0,0,0,0,0
car_6a35665f_jpg.rf.99f1213f854a961920348a73becbf4e8.jpg,0,0,0,0,0,0,0,0,0,0,0,0,0,1,0,1,0,1,0,0,0,0,0,0,0,0,1,0,0,0
car_36cb64e2_jpg.rf.7302e7a7ae8f0d4c089e1457f05313ec.jpg,0,0,0,1,0,0,0,0,0,0,0,0,1,0,0,1,0,1,0,0,0,0,0,0,0,0,0,0,0,0
car_cb1e8c45_jpg.rf.950cecb02de47c5d9bd84f37a21c509a.jpg,0,0,0,0,0,0,0,0,0,0,0,0,0,0,0,1,1,1,0,0,0,0,0,0,0,0,0,0,1,0
car_4622b8ac_jpg.rf.c3fb1703402412520860ef214556dfae.jpg,1,0,0,0,0,0,0,0,0,0,0,0,1,0,0,1,0,1,0,0,0,0,0,0,0,0,0,0,0,0
car_fc8548d9_jpg.rf.8f2fa39521e31e3c9d3273ae86549516.jpg,0,0,0,0,0,0,0,0,0,0,0,0,1,0,0,1,1,1,0,0,0,0,0,0,0,0,0,0,0,0
car_679f6dd6_jpg.rf.e158fabb9d8074061a1301a30627c4ad.jpg,0,0,0,0,0,0,0,0,0,0,0,0,0,0,0,1,0,1,0,0,0,0,0,0,0,0,1,0,1,0
car_5326a9b0_jpg.rf.28ec27c88ac19b05954248e7cf70f293.jpg,0,0,0,0,0,0,0,0,0,0,0,0,0,0,0,1,0,1,0,0,0,0,0,1,0,0,1,0,0,0
car_b49936dc_jpg.rf.97e121c39395cd9ef74f2208cec2b6cd.jpg,0,0,0,0,0,0,0,0,0,0,0,0,0,0,0,1,0,1,0,0,0,0,0,0,0,0,1,0,1,0
car_68c14d6c_jpg.rf.72eb1b254d1af91a471210ca02ef17bf.jpg,0,0,0,0,0,0,0,0,0,0,0,0,1,0,0,1,0,1,0,0,0,1,0,0,0,0,0,0,0,0
car_64a7e9e5_jpg.rf.a3de98644d7d10e9eab2e404be591ae6.jpg,0,0,0,0,0,0,0,0,0,0,0,0,0,0,0,1,0,0,0,0,1,0,1,0,1,0,0,0,0,0
car_353e5704_jpg.rf.8012dbbf5ddb9c0156e91dbf6e1a23a4.jpg,0,0,0,0,0,0,0,0,0,0,0,0,0,0,0,1,0,1,0,0,1,0,0,0,0,1,0,0,0,0
car_9f6ba109_jpg.rf.0c200d2a36c81d32e46800285ca049bc.jpg,0,0,0,0,0,0,0,0,0,0,0,0,0,0,0,1,0,1,0,0,1,0,0,0,0,0,1,0,0,0
car_571bb4f4_jpg.rf.beca4eda83699603b931fb6e55409933.jpg,0,0,0,0,0,0,0,0,0,0,0,0,1,0,0,1,0,1,0,0,0,1,0,0,0,0,0,0,0,0
car_6442aa63_jpg.rf.2fc07f56e4528eb1631d29b01c10970b.jpg,0,0,0,0,0,0,0,0,0,0,0,0,1,0,0,1,0,1,0,0,0,0,0,0,0,0,1,0,0,0
car_64b0e44e_jpg.rf.4a868f0d9afec190d474f07002b70434.jpg,0,0,0,0,0,0,0,0,0,0,0,0,1,0,0,1,0,1,0,0,0,0,0,0,0,0,1,0,0,0
car_b37d24ec_jpg.rf.a6a80e9544a528554478c7a97af98cfc.jpg,0,0,0,0,0,0,0,0,0,0,0,0,1,0,0,1,0,1,0,0,0,0,0,0,1,0,0,0,0,0
car_67ad29c0_jpg.rf.e7b8bc653b15ecabdfac2b8b2032eda9.jpg,0,0,0,0,0,0,0,0,0,0,0,0,0,0,0,1,0,1,0,0,0,0,0,0,1,0,0,0,1,0
car_62bca7bc_jpg.rf.6b0ba0d44b48a979f74f8f04879fffa0.jpg,0,0,0,0,0,0,0,0,0,0,1,0,1,0,0,1,0,1,0,0,0,0,0,0,0,0,0,0,0,0
car_c47c2a76_jpg.rf.7396f576bf2ef81a8dd3564d312d1ad4.jpg,0,0,0,0,0,0,0,0,0,0,1,0,1,0,0,1,0,1,0,0,0,0,0,0,0,0,0,0,0,0
car_5702df13_jpg.rf.10f55b2633bbfeeaf17714cab32a498b.jpg,0,0,0,0,0,0,0,0,0,0,0,0,1,0,0,1,0,1,0,0,0,0,0,0,0,0,1,0,0,0
car_6a35665f_jpg.rf.56256dacd78d1b1ea82ba7a8412e90bc.jpg,0,0,0,0,0,0,0,0,0,0,0,0,0,1,0,1,0,1,0,0,0,0,0,0,0,0,1,0,0,0
car_b423bc92_jpg.rf.17e15e37c92ad78d899174b35ce17800.jpg,0,1,0,0,0,0,0,0,0,0,0,0,1,0,0,1,0,1,0,0,0,0,0,0,0,0,0,0,0,0
car_4bab96ba_jpg.rf.862502e5d764f60297a2a0dc60a36039.jpg,0,0,0,0,0,0,0,0,0,0,0,0,0,0,0,1,0,1,0,0,1,0,0,0,0,0,1,0,0,0
car_3c2cc767_jpg.rf.be9dc7a46966942ebda1b808c4b6ed7a.jpg,0,0,0,0,0,0,0,0,0,0,0,0,0,0,0,1,0,1,0,0,0,0,0,0,0,0,1,0,1,0
car_56a6007b_jpg.rf.e011930ca0f1fa90c9bd128b981a7715.jpg,0,0,0,0,0,0,0,0,0,0,0,0,0,0,0,1,0,1,0,0,0,0,0,0,1,0,0,0,1,0
car_b7acfed8_jpg.rf.5542b7c5e75248bfc15e982d3d6e457e.jpg,0,0,0,1,0,0,0,0,0,0,0,0,0,0,0,1,0,1,0,0,1,0,0,0,0,0,0,0,0,0
car_b41a7125_jpg.rf.e691a38612966243acc723bab3922d09.jpg,0,0,0,0,0,0,0,0,0,0,0,0,0,0,0,1,0,1,0,0,0,0,0,0,0,0,1,0,1,0
car_b81b8bc8_jpg.rf.1dd968412e9ab65d94dd7580970e022a.jpg,0,0,0,0,0,0,0,0,0,0,0,0,0,0,0,1,1,1,0,0,0,0,0,0,0,0,0,0,1,0
car_bfe4b3e7_jpg.rf.98bd173be5b90378d0e574d57a480a92.jpg,0,0,0,0,0,0,0,0,0,0,0,0,1,0,0,1,0,0,0,0,0,0,1,0,1,0,0,0,0,0
car_6779aa88_jpg.rf.219f63cfb8419095c32e1cae2a250627.jpg,0,0,0,0,0,0,0,1,0,0,0,0,0,0,0,1,0,0,0,0,0,0,1,0,0,0,0,0,1,0
car_a5c1a578_jpg.rf.4e5698a82a6d6d952cb9f81b8c77ed17.jpg,0,0,0,0,0,0,0,0,0,0,0,0,0,0,0,1,0,1,0,0,0,0,0,0,0,0,1,0,1,0
car_665035bf_jpg.rf.a8708cb345cdd625a328da081e5a0f48.jpg,0,0,0,0,0,0,0,0,0,0,0,0,0,0,0,1,0,1,0,0,1,0,0,0,0,0,1,0,0,0
car_a5b4e5c2_jpg.rf.e89ca5fb9d06745faac400c1e5f5435f.jpg,0,0,0,0,0,0,0,0,0,0,0,1,0,0,0,1,0,1,0,0,0,0,0,0,0,0,0,0,1,0
car_6bc11afd_jpg.rf.2df002072592e60b4c8ef334126b1ab5.jpg,0,0,0,0,0,0,0,0,0,0,0,0,0,0,1,1,0,1,0,0,0,0,0,0,1,0,0,0,0,0
car_6b9bc84b_jpg.rf.81c3e0620314eb4305171ae6656ef9d9.jpg,0,0,0,0,0,0,0,0,0,0,0,0,0,0,0,1,1,1,0,0,0,0,0,0,0,0,0,0,1,0
car_b4be2f86_jpg.rf.e9505deeaaa63d77e8a20cc2a7313021.jpg,0,0,0,1,0,0,0,0,0,0,0,0,0,0,0,1,0,0,0,0,0,0,1,0,0,0,0,0,1,0
car_67ad29c0_jpg.rf.e8ab9ae93f814cde23b1de6f00fee447.jpg,0,0,0,0,0,0,0,0,0,0,0,0,0,0,0,1,0,1,0,0,0,0,0,0,1,0,0,0,1,0
car_6823633b_jpg.rf.2d47d5e5cb86cde88ace52a3d1108b63.jpg,0,0,1,0,0,0,0,0,0,0,0,0,0,0,0,1,0,1,0,0,1,0,0,0,0,0,0,0,0,0
car_6af1cf6d_jpg.rf.127becd2933e71097556c295ad7a595f.jpg,0,0,0,0,0,0,0,0,0,0,0,0,0,0,0,1,0,1,0,0,0,0,0,0,0,0,1,0,1,0
car_5aef5cd1_jpg.rf.d8dd95fdd7d00027cbe924b1a9c2cda8.jpg,0,0,0,0,0,0,0,0,0,0,0,0,1,0,0,1,0,1,0,0,0,1,0,0,0,0,0,0,0,0
car_a8a01c8f_jpg.rf.3268b49a278d9f2c296f1ebbdf660b23.jpg,0,0,0,0,0,0,0,0,0,0,0,0,0,0,1,1,0,1,0,0,0,0,0,0,0,0,1,0,0,0
car_c68fe9e8_jpg.rf.f8bc70b2173047dc8757818b82c304d4.jpg,0,0,0,0,0,0,0,0,0,0,0,0,1,0,0,1,0,1,0,0,0,0,0,0,0,1,0,0,0,0
car_569a9b23_jpg.rf.2ebb17fead38d343b52944aa66c90cd7.jpg,0,0,0,0,0,0,0,0,0,0,0,0,1,0,0,1,0,1,0,0,0,1,0,0,0,0,0,0,0,0
car_5d200a9f_jpg.rf.d931d2c909a1115995f85f64cfe068b7.jpg,0,0,0,0,0,0,0,0,0,0,0,0,0,0,0,1,0,1,0,0,0,0,0,0,0,0,1,0,1,0
car_6d8f5155_jpg.rf.7862cb26db426e795eabe83018a4723f.jpg,0,0,0,0,0,0,0,0,0,0,0,0,0,0,0,1,0,1,0,0,1,0,0,0,0,0,1,0,0,0
car_5d24ee5c_jpg.rf.67c47fddbfba7d3ff14cb2fb2ae7d418.jpg,0,0,0,0,0,0,0,0,0,0,0,0,0,0,0,1,0,0,0,0,1,0,1,0,0,0,1,0,0,0
car_9e70ca18_jpg.rf.e2648767cc0334aa67d4a5448c81efde.jpg,0,0,0,0,0,0,0,0,0,0,0,0,1,0,0,1,1,1,0,0,0,0,0,0,0,0,0,0,0,0
car_606bf273_jpg.rf.fa4522d62163d5e6b079bd9249f5fcbb.jpg,0,0,0,0,0,0,0,0,0,0,0,0,0,0,0,1,0,1,0,0,1,1,0,0,0,0,0,0,0,0
car_5d46b35f_jpg.rf.1e6ee7bece3aa204b59a9eb74d884185.jpg,0,0,0,0,0,0,0,0,0,0,0,0,1,0,0,1,0,1,0,0,0,0,0,0,0,1,0,0,0,0
car_bfd551e9_jpg.rf.49c9f6496d2ff2747abe60b90d9d6def.jpg,0,0,0,0,0,0,0,0,0,0,0,0,0,0,0,1,0,1,0,0,1,0,0,0,1,0,0,0,0,0
car_6bc11afd_jpg.rf.7fa3e95e74fef0df42d5cb4d4bb1e6dd.jpg,0,0,0,0,0,0,0,0,0,0,0,0,0,0,1,1,0,1,0,0,0,0,0,0,1,0,0,0,0,0
car_9e2229f2_jpg.rf.308915a2ace7fddf2ac7d43712396cbb.jpg,0,0,0,0,0,0,0,0,0,0,0,0,1,0,0,1,0,1,0,0,0,1,0,0,0,0,0,0,0,0
car_b5690cbc_jpg.rf.7d2e473045be6f125b3636723ea682b7.jpg,0,0,0,0,0,0,0,0,0,0,0,0,0,0,0,1,0,1,0,0,0,0,0,0,0,0,1,0,1,0
car_5b96e73d_jpg.rf.6d0c5bc3a895c861d0836a5fcb2afa9f.jpg,0,0,0,0,0,0,0,0,0,0,0,0,1,0,0,1,0,1,0,0,0,1,0,0,0,0,0,0,0,0
car_b864b245_jpg.rf.8f4b0ead516cbea615a824010cb3eabb.jpg,0,0,0,0,0,0,0,0,0,0,1,0,1,0,0,1,0,1,0,0,0,0,0,0,0,0,0,0,0,0
car_c1596cfa_jpg.rf.1280204ba2effd019782c3ccbf266f81.jpg,0,0,0,0,0,0,0,0,0,0,0,0,0,0,0,1,0,1,0,0,0,0,0,0,0,0,1,0,1,0
car_bfa5cd29_jpg.rf.b4fd8822ac5a52d68fe2ec8051060b88.jpg,0,0,0,0,0,0,0,0,0,0,0,0,0,0,0,1,0,1,0,0,1,0,0,0,1,0,0,0,0,0
car_64bc5216_jpg.rf.95c43711b2972bace388aa6b034ba95b.jpg,0,0,0,0,0,0,0,0,0,0,0,0,0,0,0,1,0,1,0,0,1,1,0,0,0,0,0,0,0,0
car_c2546122_jpg.rf.3d59f5d14ba41cc3267a7393f75aaf81.jpg,0,0,0,0,0,0,0,0,0,0,0,0,1,0,0,1,0,1,0,0,0,1,0,0,0,0,0,0,0,0
car_a2b0be67_jpg.rf.557aa189cc6199373a7cce53c90bf588.jpg,0,0,0,0,0,0,0,0,0,0,0,0,0,0,0,1,1,1,0,0,0,0,0,0,0,0,0,0,1,0
car_6b9bc84b_jpg.rf.5a544dbc4755ab6161ce8b022ff64b6f.jpg,0,0,0,0,0,0,0,0,0,0,0,0,0,0,0,1,1,1,0,0,0,0,0,0,0,0,0,0,1,0
car_a563861b_jpg.rf.5a3280b637dfe90d19b57500ee65ab68.jpg,0,0,0,0,0,0,0,0,0,0,0,0,0,0,0,1,0,1,0,0,1,0,0,0,0,0,1,0,0,0
car_6d8f5155_jpg.rf.6f8ce9ed372bb04c8405a51f3690f306.jpg,0,0,0,0,0,0,0,0,0,0,0,0,0,0,0,1,0,1,0,0,1,0,0,0,0,0,1,0,0,0
car_3878986f_jpg.rf.43a9e205f851f73566a0785061a8cb60.jpg,0,0,0,0,0,0,0,0,0,0,0,0,1,0,0,1,1,1,0,0,0,0,0,0,0,0,0,0,0,0
car_a8a48569_jpg.rf.905e051213d1f97136f3eea69811975c.jpg,0,0,0,0,0,0,0,0,0,0,0,0,1,0,0,1,0,1,0,0,0,1,0,0,0,0,0,0,0,0
car_571bb4f4_jpg.rf.9898a5dc48ae9738c4fd878df57c8e2d.jpg,0,0,0,0,0,0,0,0,0,0,0,0,1,0,0,1,0,1,0,0,0,1,0,0,0,0,0,0,0,0
car_5a3bf86f_jpg.rf.197a42c0a495f6e570c86722afd1e7fb.jpg,0,0,0,0,0,0,0,0,0,0,0,0,0,0,0,1,0,1,0,0,1,0,0,0,0,0,1,0,0,0
car_c8e6de34_jpg.rf.afb78b88c250fdc4d51334e1a0920f14.jpg,0,0,0,0,0,0,0,0,0,0,0,0,1,0,0,1,0,1,0,0,0,1,0,0,0,0,0,0,0,0
car_aa33b843_jpg.rf.8702d62349be1003aa2349619f1bb403.jpg,0,0,0,0,0,0,0,0,0,0,0,0,0,0,0,1,0,1,0,0,1,1,0,0,0,0,0,0,0,0
car_5925394b_jpg.rf.f31c2aabbddaa303ba31ae0af6ea75c0.jpg,0,0,0,0,0,0,0,0,0,0,0,0,0,1,0,1,0,1,0,0,0,0,0,0,0,0,1,0,0,0
car_b4be2f86_jpg.rf.6a1fe39fcbb7f549a70a5ca88ca2c03d.jpg,0,0,0,1,0,0,0,0,0,0,0,0,0,0,0,1,0,0,0,0,0,0,1,0,0,0,0,0,1,0
car_b7acfed8_jpg.rf.581a818f367db6f2fbf2168f64d312e8.jpg,0,0,0,1,0,0,0,0,0,0,0,0,0,0,0,1,0,1,0,0,1,0,0,0,0,0,0,0,0,0
car_ab011ecf_jpg.rf.d0105d582adba52d0bad396db03edf49.jpg,0,0,0,0,0,0,0,0,0,0,0,0,0,0,0,1,0,1,0,0,0,0,0,0,1,0,0,0,1,0
car_c59e0227_jpg.rf.75763f285a32aab9d0ee72fc4268594a.jpg,0,0,0,1,0,0,0,0,0,0,0,0,1,0,0,1,0,1,0,0,0,0,0,0,0,0,0,0,0,0
car_c1ec7cb4_jpg.rf.a0baca67be8068ba5f7967a4251b80ab.jpg,0,0,0,1,0,0,0,0,0,0,0,0,0,0,0,1,0,1,0,0,0,0,0,0,0,0,0,0,1,0
car_c7b79f15_jpg.rf.b0171a89d8b7b51cce98fcf62fa997e5.jpg,0,0,1,0,0,0,0,0,0,0,0,0,1,0,0,1,0,1,0,0,0,0,0,0,0,0,0,0,0,0
car_c15fe189_jpg.rf.099187dd987c7b563653551446bb4a57.jpg,0,0,0,0,0,0,0,0,0,0,0,0,1,0,0,1,0,1,0,0,0,0,0,0,1,0,0,0,0,0
car_c51b829c_jpg.rf.33be63b5f85c8dcd0c73cedae6a51bef.jpg,0,0,0,1,0,0,0,0,0,0,0,0,0,0,0,1,0,0,0,0,0,0,1,0,0,0,0,0,1,0
car_a1b6edca_jpg.rf.67a255a128cdb62701eaac5fc7f302f2.jpg,0,0,0,0,0,0,0,0,0,0,0,0,0,0,0,1,0,1,0,0,1,0,0,0,0,0,1,0,0,0
car_c77ee616_jpg.rf.b23461555f51f3ea3598926807d33b65.jpg,0,0,0,0,0,0,0,0,0,0,0,0,0,0,0,1,0,1,0,0,0,0,0,0,0,1,0,0,1,0
car_c5e680d0_jpg.rf.214f1c45b7e004620f65f48ef4f7151b.jpg,0,0,1,0,0,0,0,0,0,0,0,0,1,0,0,1,0,1,0,0,0,0,0,0,0,0,0,0,0,0
car_add3c5c8_jpg.rf.e1ea6b48a0c6a0583c4eaea03d0571ec.jpg,0,0,0,0,0,0,0,0,0,0,0,0,0,0,0,1,0,1,0,0,1,0,0,0,0,0,1,0,0,0
car_b5690cbc_jpg.rf.80050901685f153ca1c64689cc449d97.jpg,0,0,0,0,0,0,0,0,0,0,0,0,0,0,0,1,0,1,0,0,0,0,0,0,0,0,1,0,1,0
car_9f8947c1_jpg.rf.e54c1e500601ddd6fbbb105e0a0f6ed3.jpg,0,0,0,0,0,0,0,0,0,0,0,0,0,0,0,1,0,1,0,0,1,0,0,0,1,0,0,0,0,0
car_5c5d7dbd_jpg.rf.a28d0a4d3fda4f4a42f4def90106fef7.jpg,0,0,0,0,0,0,0,0,0,0,0,0,1,0,0,1,0,1,0,0,0,1,0,0,0,0,0,0,0,0
car_5b0765bf_jpg.rf.0bd12c943f50288f8a7f423529eaf624.jpg,0,0,0,0,0,0,0,0,0,0,0,0,0,0,0,1,0,1,0,0,0,0,0,0,0,0,1,0,1,0
car_a529c32a_jpg.rf.08c967523fc6462fee7ba550548da878.jpg,0,0,0,0,0,0,0,0,0,0,0,0,0,1,0,1,0,1,0,0,0,0,0,0,0,0,1,0,0,0
car_c69c4b31_jpg.rf.636a336fc7dd44ff80c9c940e7ca0952.jpg,0,0,0,0,0,0,0,0,0,0,0,0,0,0,0,1,0,1,0,0,1,0,0,0,0,1,0,0,0,0
car_a41ed18f_jpg.rf.bf71664d33be236e0c2550bae0f85328.jpg,0,0,0,0,0,0,0,0,0,0,0,0,0,0,0,1,0,1,0,0,0,0,0,0,0,0,1,0,1,0
car_b423bc92_jpg.rf.8a7aee556baf8d851cd6660021970dfd.jpg,0,1,0,0,0,0,0,0,0,0,0,0,1,0,0,1,0,1,0,0,0,0,0,0,0,0,0,0,0,0
car_add16b0d_jpg.rf.6e28db35a217d7f0b86f7f84089e8567.jpg,0,0,0,0,0,0,0,0,0,0,0,0,1,0,0,1,0,1,0,0,0,1,0,0,0,0,0,0,0,0
car_a36f3c15_jpg.rf.6ac9f68bc96b74c825815bc15b804a06.jpg,0,0,0,0,0,0,0,0,0,0,0,0,1,0,0,1,0,1,0,0,0,1,0,0,0,0,0,0,0,0
car_567d1963_jpg.rf.7c5450b33316ab085d37747757f6f650.jpg,0,0,0,0,0,0,0,0,0,0,0,0,0,0,0,1,0,1,0,0,0,0,0,0,1,0,0,0,1,0
car_b81b8bc8_jpg.rf.f22ab602e72d5b2de1aea694f0add20f.jpg,0,0,0,0,0,0,0,0,0,0,0,0,0,0,0,1,1,1,0,0,0,0,0,0,0,0,0,0,1,0
car_b864b245_jpg.rf.febcd51279a0c1837eaeba0ca452d9c7.jpg,0,0,0,0,0,0,0,0,0,0,1,0,1,0,0,1,0,1,0,0,0,0,0,0,0,0,0,0,0,0
car_bfd551e9_jpg.rf.c799a7c60af5b4382b305d148cbdaad5.jpg,0,0,0,0,0,0,0,0,0,0,0,0,0,0,0,1,0,1,0,0,1,0,0,0,1,0,0,0,0,0
car_a4fbdb46_jpg.rf.1600838689eaa64aa7215ec121ec8c58.jpg,0,0,0,0,0,0,0,0,0,0,0,0,1,0,0,1,0,1,0,0,0,0,0,0,0,0,1,0,0,0
car_9ec99249_jpg.rf.178be0b8b05c2baa0115f14c7750f337.jpg,0,0,0,0,0,0,0,0,0,0,0,0,0,1,0,1,0,0,0,0,0,0,1,0,0,0,1,0,0,0
car_cb1e8c45_jpg.rf.e828b066960c82031a3b22e7d2ff4a60.jpg,0,0,0,0,0,0,0,0,0,0,0,0,0,0,0,1,1,1,0,0,0,0,0,0,0,0,0,0,1,0
car_a2b0be67_jpg.rf.4ad9221f8929cb68029f1ebc1ed027a0.jpg,0,0,0,0,0,0,0,0,0,0,0,0,0,0,0,1,1,1,0,0,0,0,0,0,0,0,0,0,1,0
car_ab011ecf_jpg.rf.a43bac2404cc8ae826cbcba93bea74f9.jpg,0,0,0,0,0,0,0,0,0,0,0,0,0,0,0,1,0,1,0,0,0,0,0,0,1,0,0,0,1,0
car_5f63c37a_jpg.rf.2f460200ba9314b1092509513ecc9577.jpg,0,0,0,1,0,0,0,0,0,0,0,0,1,0,0,1,0,1,0,0,0,0,0,0,0,0,0,0,0,0
car_a22acf04_jpg.rf.49e2f320ad12ad8946d8f60c722cd1e8.jpg,0,0,0,0,0,0,0,0,0,0,0,0,0,0,0,1,0,1,0,0,0,0,0,0,0,0,1,0,1,0
car_b2ababb1_jpg.rf.c11a608876ee9e7e6d7d0c0e1fc15c37.jpg,0,0,0,0,0,0,0,0,0,0,0,0,0,0,0,1,0,1,0,0,1,1,0,0,0,0,0,0,0,0
car_9fa3d389_jpg.rf.a48ae72073bdd4f6cf4df1423e857eb9.jpg,0,0,0,0,0,0,0,0,0,0,0,1,0,0,0,1,0,1,0,0,0,0,0,0,0,0,0,0,1,0
car_ab580599_jpg.rf.9f7e043f05e3ee62e42e5231d728a257.jpg,0,0,0,0,0,0,0,0,0,0,0,0,0,0,0,1,0,1,0,0,1,0,0,0,0,0,1,0,0,0
car_b41a7125_jpg.rf.d5787b289d0a259d223ce43edfdd754f.jpg,0,0,0,0,0,0,0,0,0,0,0,0,0,0,0,1,0,1,0,0,0,0,0,0,0,0,1,0,1,0
car_a2cf274c_jpg.rf.82d0fe233004f691b25669c2555aefb2.jpg,0,0,0,0,0,0,0,0,0,0,0,0,0,0,0,1,0,1,0,0,0,0,0,0,0,0,1,0,1,0
car_c214b311_jpg.rf.ee6017d1ced9e6016a635ecd18178262.jpg,0,0,0,0,0,0,0,0,0,0,0,0,0,0,0,1,0,1,0,0,1,0,0,0,0,0,1,0,0,0
car_aa33b843_jpg.rf.c1d06378248bc66b62b2d1f0799b9228.jpg,0,0,0,0,0,0,0,0,0,0,0,0,0,0,0,1,0,1,0,0,1,1,0,0,0,0,0,0,0,0
car_ba91b9ab_jpg.rf.392685efb9445e36e2164d1f359b5d34.jpg,0,0,0,0,0,0,0,0,0,0,0,0,0,0,1,1,0,0,0,0,0,0,1,0,0,0,1,0,0,0
car_a2cf274c_jpg.rf.9876cc869f08579b84ade236726b3053.jpg,0,0,0,0,0,0,0,0,0,0,0,0,0,0,0,1,0,1,0,0,0,0,0,0,0,0,1,0,1,0
car_5b93cf37_jpg.rf.a8de9415af179522e9e26ceee20c9177.jpg,0,0,0,0,0,0,0,0,0,0,0,0,0,0,0,1,0,1,0,0,1,0,0,0,0,0,1,0,0,0
car_4aec040f_jpg.rf.4d12a3bf90bd25d92de4ed14dd3656d3.jpg,0,0,0,1,0,0,0,0,0,0,0,0,1,0,0,1,0,1,0,0,0,0,0,0,0,0,0,0,0,0
car_a366a438_jpg.rf.deeb7b9cd6c23f3b8cd030cfdba769ae.jpg,0,0,0,0,0,1,0,0,0,0,0,0,0,0,0,1,0,0,0,0,0,0,1,0,0,0,0,0,1,0
car_46932e50_jpg.rf.18df78678e296f7a79f6ad349e86c5e1.jpg,0,0,0,0,0,0,0,0,0,0,0,0,0,0,0,1,0,1,0,0,0,0,0,0,0,0,1,0,1,0
car_c47c2a76_jpg.rf.f18db9812c8ed9ec1187d867fe61ff11.jpg,0,0,0,0,0,0,0,0,0,0,1,0,1,0,0,1,0,1,0,0,0,0,0,0,0,0,0,0,0,0
car_a2eb27e3_jpg.rf.6618448c7af94f562808e2f083731fda.jpg,0,0,0,1,0,0,0,0,0,0,0,0,0,0,0,1,0,1,0,0,1,0,0,0,0,0,0,0,0,0
car_5817927a_jpg.rf.25dbf2064359f8461b141492e3131a13.jpg,0,0,0,0,0,0,0,0,0,0,1,0,0,0,0,1,0,1,0,0,1,0,0,0,0,0,0,0,0,0
car_b1c3c0b8_jpg.rf.a021f6d023444d5aa71c2dca4792dff1.jpg,0,0,0,0,0,0,0,0,0,0,1,0,1,0,0,1,0,1,0,0,0,0,0,0,0,0,0,0,0,0
car_b2166b92_jpg.rf.5ad18d3789cc32378d89aafebceb94bf.jpg,0,0,1,0,0,0,0,0,0,0,0,0,1,0,0,1,0,1,0,0,0,0,0,0,0,0,0,0,0,0
car_5aef5cd1_jpg.rf.c765b485bf35d9b01f16ee2239c7f836.jpg,0,0,0,0,0,0,0,0,0,0,0,0,1,0,0,1,0,1,0,0,0,1,0,0,0,0,0,0,0,0
car_c69c4b31_jpg.rf.66206590be72fbcbb956aa9e9505ee6b.jpg,0,0,0,0,0,0,0,0,0,0,0,0,0,0,0,1,0,1,0,0,1,0,0,0,0,1,0,0,0,0
car_a36f3c15_jpg.rf.8b4bd1d7032a11380f4ca9c8f341763b.jpg,0,0,0,0,0,0,0,0,0,0,0,0,1,0,0,1,0,1,0,0,0,1,0,0,0,0,0,0,0,0
car_b49936dc_jpg.rf.25cb21c6d4fab247339abb712888e457.jpg,0,0,0,0,0,0,0,0,0,0,0,0,0,0,0,1,0,1,0,0,0,0,0,0,0,0,1,0,1,0
car_bfa5cd29_jpg.rf.e936846cdfa3a889f4ca624068bcacc1.jpg,0,0,0,0,0,0,0,0,0,0,0,0,0,0,0,1,0,1,0,0,1,0,0,0,1,0,0,0,0,0
car_4aa294cf_jpg.rf.27596666e5cf7982a0d4c122257a9616.jpg,0,0,0,1,0,0,0,0,0,0,0,0,0,0,0,1,0,1,0,0,1,0,0,0,0,0,0,0,0,0
car_a4fbdb46_jpg.rf.efbb98cd593ea123bc04301c8b7e4608.jpg,0,0,0,0,0,0,0,0,0,0,0,0,1,0,0,1,0,1,0,0,0,0,0,0,0,0,1,0,0,0
car_68c14d6c_jpg.rf.83b57c75a4a74690b161ec4986a26e21.jpg,0,0,0,0,0,0,0,0,0,0,0,0,1,0,0,1,0,1,0,0,0,1,0,0,0,0,0,0,0,0
car_ac14b21b_jpg.rf.f10f014bfe5ed864abe9bf3e7bc63b4f.jpg,0,0,1,0,0,0,0,0,0,0,0,0,1,0,0,1,0,1,0,0,0,0,0,0,0,0,0,0,0,0
car_be2237ef_jpg.rf.12ee70ed28b2939b6efcb2a0c7e931c8.jpg,0,0,0,0,0,0,0,0,0,0,0,0,0,0,0,1,0,1,0,0,0,0,0,0,0,1,0,0,1,0
car_b37d24ec_jpg.rf.0e4d876c051a1c51693e8e165fd9e293.jpg,0,0,0,0,0,0,0,0,0,0,0,0,1,0,0,1,0,1,0,0,0,0,0,0,1,0,0,0,0,0
car_b19da516_jpg.rf.12c280a7a18c46e78800df066cb7ccfe.jpg,0,0,0,0,0,0,0,0,0,0,0,0,1,0,0,1,0,1,0,0,0,0,0,0,0,0,1,0,0,0
car_ab163dba_jpg.rf.974f517c574663f4643dbdf52519d423.jpg,0,0,0,0,0,0,0,0,0,0,0,0,0,0,0,1,0,0,0,0,0,0,1,0,0,1,0,0,1,0
car_add3c5c8_jpg.rf.d496c2727d375aeb27a7e05e3f674be6.jpg,0,0,0,0,0,0,0,0,0,0,0,0,0,0,0,1,0,1,0,0,1,0,0,0,0,0,1,0,0,0
car_64bc5216_jpg.rf.9edf57b485b544c12afcb807d60e13d6.jpg,0,0,0,0,0,0,0,0,0,0,0,0,0,0,0,1,0,1,0,0,1,1,0,0,0,0,0,0,0,0
car_ab580599_jpg.rf.025551116e24498cd38b154fb651213f.jpg,0,0,0,0,0,0,0,0,0,0,0,0,0,0,0,1,0,1,0,0,1,0,0,0,0,0,1,0,0,0
car_bdb8f489_jpg.rf.919e6346845e72d27470db52369df8fa.jpg,0,0,0,1,0,0,0,0,0,0,0,0,0,0,0,1,0,1,0,0,0,0,0,0,0,0,0,0,1,0
car_ae6393a7_jpg.rf.c023213bb6aadc13421a919ffa2e5799.jpg,0,0,0,0,0,0,0,1,0,0,0,0,1,0,0,1,0,1,0,0,0,0,0,0,0,0,0,0,0,0
car_aec501b4_jpg.rf.e1bb104fd095819755fb73e565976591.jpg,0,0,0,0,0,0,0,0,0,0,0,0,0,0,0,1,0,1,0,0,0,0,0,0,1,0,0,0,1,0
car_a2eb27e3_jpg.rf.b642293b5b2b8ee6cac434c2ae53e339.jpg,0,0,0,1,0,0,0,0,0,0,0,0,0,0,0,1,0,1,0,0,1,0,0,0,0,0,0,0,0,0
car_665035bf_jpg.rf.55466432fe908e74758578cbc86893c2.jpg,0,0,0,0,0,0,0,0,0,0,0,0,0,0,0,1,0,1,0,0,1,0,0,0,0,0,1,0,0,0
car_c1fb035f_jpg.rf.f15ec2f49709d0bafdc00181f81011c0.jpg,0,0,0,0,0,0,0,0,0,0,0,0,0,0,0,1,0,1,0,0,1,0,0,0,0,0,1,0,0,0
car_add16b0d_jpg.rf.4acdffab381a0b8e724ea488ba048582.jpg,0,0,0,0,0,0,0,0,0,0,0,0,1,0,0,1,0,1,0,0,0,1,0,0,0,0,0,0,0,0
car_679f6dd6_jpg.rf.92a0a062fc1114afaa0bbffee0ac80a4.jpg,0,0,0,0,0,0,0,0,0,0,0,0,0,0,0,1,0,1,0,0,0,0,0,0,0,0,1,0,1,0
car_679f6dd6_jpg.rf.d9f1ffaf591a21fced502b7f3e7f713e.jpg,0,0,0,0,0,0,0,0,0,0,0,0,0,0,0,1,0,1,0,0,0,0,0,0,0,0,1,0,1,0
car_37612fca_jpg.rf.f1b057c9ee7275af6b1fcd07200caac1.jpg,0,0,0,0,0,0,0,0,0,0,0,0,0,0,0,1,0,1,0,0,0,0,0,0,0,0,1,0,1,0
car_b2ababb1_jpg.rf.7960565b55ff719150616dde27dea0f1.jpg,0,0,0,0,0,0,0,0,0,0,0,0,0,0,0,1,0,1,0,0,1,1,0,0,0,0,0,0,0,0
car_a366a438_jpg.rf.e4dd5ee956af00112c45e2c1f3828b6c.jpg,0,0,0,0,0,1,0,0,0,0,0,0,0,0,0,1,0,0,0,0,0,0,1,0,0,0,0,0,1,0
car_a41ed18f_jpg.rf.16a69bdd695b581beaee6b6ac64eecc6.jpg,0,0,0,0,0,0,0,0,0,0,0,0,0,0,0,1,0,1,0,0,0,0,0,0,0,0,1,0,1,0
car_39d94121_jpg.rf.63bd71d161d4ad8544bb4c3e69533262.jpg,0,0,0,0,0,0,0,0,0,0,0,0,1,0,0,1,0,1,0,0,0,0,0,0,0,1,0,0,0,0
car_606bf273_jpg.rf.9af3c8fb1803bb78b878dd5d0c9f8ee8.jpg,0,0,0,0,0,0,0,0,0,0,0,0,0,0,0,1,0,1,0,0,1,1,0,0,0,0,0,0,0,0
car_4d404d26_jpg.rf.6efe035e360dc058ef16e48d19d1b02a.jpg,0,0,0,0,0,0,0,0,0,0,0,0,1,0,0,1,0,1,0,0,0,1,0,0,0,0,0,0,0,0
car_bfe4b3e7_jpg.rf.c23b1cbc59aa1813f5ca4a149974729b.jpg,0,0,0,0,0,0,0,0,0,0,0,0,1,0,0,1,0,0,0,0,0,0,1,0,1,0,0,0,0,0
car_6779aa88_jpg.rf.d612620b3ea5d88cf291e0d0255e7f9f.jpg,0,0,0,0,0,0,0,1,0,0,0,0,0,0,0,1,0,0,0,0,0,0,1,0,0,0,0,0,1,0
car_ab163dba_jpg.rf.d2d25f3dfcefdd2c0d0dbce7cf6947a2.jpg,0,0,0,0,0,0,0,0,0,0,0,0,0,0,0,1,0,0,0,0,0,0,1,0,0,1,0,0,1,0
car_cab4d0a3_jpg.rf.6d52cab4cab564df95a816abf10639c2.jpg,0,0,0,0,0,0,0,1,0,0,0,0,0,0,0,1,0,1,0,0,0,0,0,0,0,0,0,0,1,0
car_cb1e8c45_jpg.rf.86764a6c361f0d8b6c2ba18b6e0d33ec.jpg,0,0,0,0,0,0,0,0,0,0,0,0,0,0,0,1,1,1,0,0,0,0,0,0,0,0,0,0,1,0
car_4db58079_jpg.rf.a2fcd371d852dbe4d62a9aa15c62bb31.jpg,0,0,0,0,0,0,0,0,0,0,0,0,1,0,0,1,1,1,0,0,0,0,0,0,0,0,0,0,0,0
car_5d46b35f_jpg.rf.8fcd7281f4b9ede736b054f86b2acf40.jpg,0,0,0,0,0,0,0,0,0,0,0,0,1,0,0,1,0,1,0,0,0,0,0,0,0,1,0,0,0,0
car_4bab96ba_jpg.rf.073947f9df27ae15c8abcfe5c6a68592.jpg,0,0,0,0,0,0,0,0,0,0,0,0,0,0,0,1,0,1,0,0,1,0,0,0,0,0,1,0,0,0
car_51752249_jpg.rf.f6ae4be70c21a0bf7286552186dbf7ea.jpg,0,0,0,0,0,0,0,0,0,0,0,0,1,0,0,1,0,1,0,0,0,0,0,0,0,0,1,0,0,0
car_3a73d7f7_jpg.rf.359798f612e6f46233f19d04ded6785e.jpg,0,0,0,0,0,0,0,0,0,0,0,0,1,0,0,1,1,1,0,0,0,0,0,0,0,0,0,0,0,0
car_c956d997_jpg.rf.906633114a92e59f5628b3d51dfcff2f.jpg,0,0,0,1,0,0,0,0,0,0,0,0,0,0,0,1,0,1,0,0,1,0,0,0,0,0,0,0,0,0
car_498ba975_jpg.rf.f8f000778c12df466a2ef991c85b10df.jpg,0,0,0,0,0,0,0,0,0,0,0,0,1,0,0,1,0,0,0,0,0,1,1,0,0,0,0,0,0,0
car_b0750aec_jpg.rf.016f4de2a4a16462bbf25e4b96c8aab9.jpg,0,0,0,0,0,0,0,0,0,0,0,0,0,0,0,1,0,1,0,0,1,0,0,0,1,0,0,0,0,0
car_52295285_jpg.rf.dfaca7e208d46b26e204fb0a1fb1f439.jpg,0,0,1,0,0,0,0,0,0,0,0,0,1,0,0,1,0,0,0,0,0,0,1,0,0,0,0,0,0,0
car_a22acf04_jpg.rf.4f0e28a9e7da82e95185a21453e2820b.jpg,0,0,0,0,0,0,0,0,0,0,0,0,0,0,0,1,0,1,0,0,0,0,0,0,0,0,1,0,1,0
car_3878986f_jpg.rf.6c8c2201f28d1f2d20e3e42f86448198.jpg,0,0,0,0,0,0,0,0,0,0,0,0,1,0,0,1,1,1,0,0,0,0,0,0,0,0,0,0,0,0
car_cab3b37f_jpg.rf.5f13d349464023b7ef2760324c68a184.jpg,0,0,0,1,0,0,0,0,0,0,0,0,0,0,0,1,0,1,0,0,1,0,0,0,0,0,0,0,0,0
car_364227eb_jpg.rf.093fc3d97a111839bba34b17a6bdd24d.jpg,0,0,0,0,0,0,0,0,0,0,0,0,0,0,0,1,0,1,0,0,1,0,0,0,1,0,0,0,0,0
car_37612fca_jpg.rf.42526276eab9ebd40a6facd2211a1ed5.jpg,0,0,0,0,0,0,0,0,0,0,0,0,0,0,0,1,0,1,0,0,0,0,0,0,0,0,1,0,1,0
car_c15fe189_jpg.rf.71f457d2bd89394b4706d1eed56e05a3.jpg,0,0,0,0,0,0,0,0,0,0,0,0,1,0,0,1,0,1,0,0,0,0,0,0,1,0,0,0,0,0
car_64b0e44e_jpg.rf.ce1740308240779262231ee12a905684.jpg,0,0,0,0,0,0,0,0,0,0,0,0,1,0,0,1,0,1,0,0,0,0,0,0,0,0,1,0,0,0
car_3a7702c2_jpg.rf.232948266e8c2f048e70f457dc129c5f.jpg,0,0,0,0,0,0,0,0,0,0,1,0,1,0,0,1,0,1,0,0,0,0,0,0,0,0,0,0,0,0
car_62bca7bc_jpg.rf.36da941d3f304edfa862c42f2c1f1f78.jpg,0,0,0,0,0,0,0,0,0,0,1,0,1,0,0,1,0,1,0,0,0,0,0,0,0,0,0,0,0,0
car_a529c32a_jpg.rf.97289dd4d973e67c50b8af0c1ae1e71e.jpg,0,0,0,0,0,0,0,0,0,0,0,0,0,1,0,1,0,1,0,0,0,0,0,0,0,0,1,0,0,0
car_9e70ca18_jpg.rf.581882d18fb685bb16fa8d35653b80d1.jpg,0,0,0,0,0,0,0,0,0,0,0,0,1,0,0,1,1,1,0,0,0,0,0,0,0,0,0,0,0,0
car_cb69ddd1_jpg.rf.c5c18e7fcb3707f18ac22e2e0759763b.jpg,0,0,0,0,0,0,0,0,0,0,0,0,0,0,0,1,0,0,0,0,0,0,1,0,1,0,0,0,1,0
car_4ebffa00_jpg.rf.1896388691a07a5ce721683d00a82989.jpg,0,0,0,1,0,0,0,0,0,0,0,0,0,0,0,1,0,1,0,0,1,0,0,0,0,0,0,0,0,0
car_4622b8ac_jpg.rf.b516bffabf280d923b98843c3e36f16d.jpg,1,0,0,0,0,0,0,0,0,0,0,0,1,0,0,1,0,1,0,0,0,0,0,0,0,0,0,0,0,0
car_6823633b_jpg.rf.526c9d22c4427315d20696d2a0e6453b.jpg,0,0,1,0,0,0,0,0,0,0,0,0,0,0,0,1,0,1,0,0,1,0,0,0,0,0,0,0,0,0
car_cb69ddd1_jpg.rf.f56708446869408f943d606449ed8f1b.jpg,0,0,0,0,0,0,0,0,0,0,0,0,0,0,0,1,0,0,0,0,0,0,1,0,1,0,0,0,1,0
car_9ec99249_jpg.rf.70e78e6eb387ee84e2c77ec90afb2941.jpg,0,0,0,0,0,0,0,0,0,0,0,0,0,1,0,1,0,0,0,0,0,0,1,0,0,0,1,0,0,0
car_cbaa6ef0_jpg.rf.94fdaba89e7e0708ef287508f48a1b03.jpg,0,0,0,1,0,0,0,0,0,0,0,0,0,0,0,1,0,1,0,0,0,0,0,0,0,0,0,0,1,0
car_cbaa6ef0_jpg.rf.f44608f0baffc605c57bd5774805f809.jpg,0,0,0,1,0,0,0,0,0,0,0,0,0,0,0,1,0,1,0,0,0,0,0,0,0,0,0,0,1,0
car_c1ec7cb4_jpg.rf.73e5ce9fef3641bbf2cbf13b3453f572.jpg,0,0,0,1,0,0,0,0,0,0,0,0,0,0,0,1,0,1,0,0,0,0,0,0,0,0,0,0,1,0
car_48589162_jpg.rf.e25e7d123e4ce9efad11944d7e68428b.jpg,0,0,0,0,0,0,0,0,0,0,0,0,1,0,0,1,0,1,0,0,0,0,0,0,0,0,1,0,0,0
car_46932e50_jpg.rf.99b31c2e13543d6e931183cd8d82343c.jpg,0,0,0,0,0,0,0,0,0,0,0,0,0,0,0,1,0,1,0,0,0,0,0,0,0,0,1,0,1,0
car_5f63c37a_jpg.rf.a85a5639be4ccdfaeb5e9649989f4ed9.jpg,0,0,0,1,0,0,0,0,0,0,0,0,1,0,0,1,0,1,0,0,0,0,0,0,0,0,0,0,0,0
car_6a35665f_jpg.rf.8bc9eeac2552b49eac601189d42c9536.jpg,0,0,0,0,0,0,0,0,0,0,0,0,0,1,0,1,0,1,0,0,0,0,0,0,0,0,1,0,0,0
car_64a7e9e5_jpg.rf.a75aae02125c8d0fb38530fce3663175.jpg,0,0,0,0,0,0,0,0,0,0,0,0,0,0,0,1,0,0,0,0,1,0,1,0,1,0,0,0,0,0
car_6442aa63_jpg.rf.8a904a022c63c8229c82c05a6e1bbf5e.jpg,0,0,0,0,0,0,0,0,0,0,0,0,1,0,0,1,0,1,0,0,0,0,0,0,0,0,1,0,0,0
car_3c046044_jpg.rf.6ddf459af28697862f0236da41580f8b.jpg,0,0,0,0,0,0,0,0,0,0,0,0,0,0,0,1,0,1,0,0,1,0,0,0,1,0,0,0,0,0
car_9e2229f2_jpg.rf.61bad98ce272fedca8ed34a2f0a71e25.jpg,0,0,0,0,0,0,0,0,0,0,0,0,1,0,0,1,0,1,0,0,0,1,0,0,0,0,0,0,0,0
car_37401aa7_jpg.rf.efb575b6b245bd3727a1ecde7a8e79b4.jpg,0,0,0,0,0,0,0,0,0,0,0,0,0,0,0,1,0,1,0,0,0,0,0,1,1,0,0,0,0,0
car_52c0fbad_jpg.rf.b0c102edc7d2fc977a9ff19c374ba5bb.jpg,0,0,0,0,0,0,0,1,0,0,0,0,1,0,0,1,0,1,0,0,0,0,0,0,0,0,0,0,0,0
car_a5c1a578_jpg.rf.9b3d85be1af1f608d9042fb65f9d1df8.jpg,0,0,0,0,0,0,0,0,0,0,0,0,0,0,0,1,0,1,0,0,0,0,0,0,0,0,1,0,1,0
car_50f487bd_jpg.rf.90a38259671ceaca5adc415511353aef.jpg,0,0,0,1,0,0,0,0,0,0,0,0,0,0,0,1,0,1,0,0,1,0,0,0,0,0,0,0,0,0
car_a1b6edca_jpg.rf.fe95fac29a5fb456986ca2ec8c1832d2.jpg,0,0,0,0,0,0,0,0,0,0,0,0,0,0,0,1,0,1,0,0,1,0,0,0,0,0,1,0,0,0
car_36cb64e2_jpg.rf.0bd2dddd591a271278794f28752de3f5.jpg,0,0,0,1,0,0,0,0,0,0,0,0,1,0,0,1,0,1,0,0,0,0,0,0,0,0,0,0,0,0
car_3d21fa2d_jpg.rf.eef7edc712a3503a40951f2b653a7f7c.jpg,0,0,0,0,0,0,0,0,0,0,0,0,1,0,0,1,0,1,0,0,0,0,0,0,1,0,0,0,0,0
car_6b9bc84b_jpg.rf.67d5f9171717064ef6e999a85cb818fe.jpg,0,0,0,0,0,0,0,0,0,0,0,0,0,0,0,1,1,1,0,0,0,0,0,0,0,0,0,0,1,0
car_3b6fd9c8_jpg.rf.274406503fb41e6c5032c3df74a0d764.jpg,0,0,0,0,0,0,0,0,0,0,0,0,0,0,0,1,0,1,0,0,0,0,0,0,0,0,1,0,1,0
car_5d46b35f_jpg.rf.a9f16faa62a05607796f86fb38e8c9d5.jpg,0,0,0,0,0,0,0,0,0,0,0,0,1,0,0,1,0,1,0,0,0,0,0,0,0,1,0,0,0,0
car_452ccc32_jpg.rf.5de5ac35704418a787942233bf30434f.jpg,0,0,0,0,0,0,0,0,0,0,0,0,0,0,0,1,0,1,0,0,0,0,0,0,0,0,1,0,1,0
car_4f50b6e3_jpg.rf.e1088bbb5638b8403d815b04de35c739.jpg,0,0,0,0,0,0,0,0,0,0,0,0,0,0,0,1,0,1,0,0,1,0,0,0,1,0,0,0,0,0
car_353e5704_jpg.rf.38de8ea5a814d4230da119df73020094.jpg,0,0,0,0,0,0,0,0,0,0,0,0,0,0,0,1,0,1,0,0,1,0,0,0,0,1,0,0,0,0
car_68c14d6c_jpg.rf.c4b9d70f0291a0fdf66bee97aca9ef08.jpg,0,0,0,0,0,0,0,0,0,0,0,0,1,0,0,1,0,1,0,0,0,1,0,0,0,0,0,0,0,0
car_41ab6dc2_jpg.rf.0c001718169acb84cfcc4f370e56a422.jpg,0,0,0,0,0,0,0,0,0,0,0,0,0,0,0,1,0,1,0,0,1,0,0,0,0,0,1,0,0,0
car_9f8947c1_jpg.rf.37be3c0def6cc790733c51c3d3d8d922.jpg,0,0,0,0,0,0,0,0,0,0,0,0,0,0,0,1,0,1,0,0,1,0,0,0,1,0,0,0,0,0
car_3f01b0dc_jpg.rf.72328e5e85c371cb59840c7cb02cbfb3.jpg,0,0,0,0,0,0,0,0,0,0,1,0,0,0,0,1,0,1,0,0,0,0,0,0,0,0,0,0,1,0
car_a5b4e5c2_jpg.rf.3413dc6179fbb77b4e98228066f867d3.jpg,0,0,0,0,0,0,0,0,0,0,0,1,0,0,0,1,0,1,0,0,0,0,0,0,0,0,0,0,1,0
car_c1596cfa_jpg.rf.248ec3f9adcde48a70552a037d9cc3c8.jpg,0,0,0,0,0,0,0,0,0,0,0,0,0,0,0,1,0,1,0,0,0,0,0,0,0,0,1,0,1,0
car_4f50b6e3_jpg.rf.d0ddd1be601935b4682195bb7d5488e0.jpg,0,0,0,0,0,0,0,0,0,0,0,0,0,0,0,1,0,1,0,0,1,0,0,0,1,0,0,0,0,0
car_5d24ee5c_jpg.rf.621f1226f4419d9961f0f85e23cb29a1.jpg,0,0,0,0,0,0,0,0,0,0,0,0,0,0,0,1,0,0,0,0,1,0,1,0,0,0,1,0,0,0
car_5f63c37a_jpg.rf.a6814e962a77d685e5bc047b21581f51.jpg,0,0,0,1,0,0,0,0,0,0,0,0,1,0,0,1,0,1,0,0,0,0,0,0,0,0,0,0,0,0
car_ac14b21b_jpg.rf.4d751f7ebde8ca7ad5dd85ab344b3f70.jpg,0,0,1,0,0,0,0,0,0,0,0,0,1,0,0,1,0,1,0,0,0,0,0,0,0,0,0,0,0,0
car_aec501b4_jpg.rf.4729bdeefd13836933b227816fd54231.jpg,0,0,0,0,0,0,0,0,0,0,0,0,0,0,0,1,0,1,0,0,0,0,0,0,1,0,0,0,1,0
car_a8a01c8f_jpg.rf.e9491e9115fa6252ceaa8612590d5dd4.jpg,0,0,0,0,0,0,0,0,0,0,0,0,0,0,1,1,0,1,0,0,0,0,0,0,0,0,1,0,0,0
car_6af1cf6d_jpg.rf.1834cb13e0c6817aa4b1dd67c7ef3355.jpg,0,0,0,0,0,0,0,0,0,0,0,0,0,0,0,1,0,1,0,0,0,0,0,0,0,0,1,0,1,0
car_ae6393a7_jpg.rf.44c28a7886401bcbffd207f793ff4e6e.jpg,0,0,0,0,0,0,0,1,0,0,0,0,1,0,0,1,0,1,0,0,0,0,0,0,0,0,0,0,0,0
car_a563861b_jpg.rf.6f69d69a93a696bdc4cc2117bdfac4e9.jpg,0,0,0,0,0,0,0,0,0,0,0,0,0,0,0,1,0,1,0,0,1,0,0,0,0,0,1,0,0,0
car_3c2cc767_jpg.rf.e06a6abef431d316402c7743a5746df9.jpg,0,0,0,0,0,0,0,0,0,0,0,0,0,0,0,1,0,1,0,0,0,0,0,0,0,0,1,0,1,0
car_67ad29c0_jpg.rf.5fa61ddc0f3e7ab32147eb049f4b3bc7.jpg,0,0,0,0,0,0,0,0,0,0,0,0,0,0,0,1,0,1,0,0,0,0,0,0,1,0,0,0,1,0
car_afe2ea9a_jpg.rf.313aa8be95eedcd38c1d4c353886be57.jpg,0,0,0,0,0,0,0,0,0,0,1,0,1,0,0,1,0,1,0,0,0,0,0,0,0,0,0,0,0,0
car_9f6ba109_jpg.rf.bf4a3edda65a6de5aeddb226173f8120.jpg,0,0,0,0,0,0,0,0,0,0,0,0,0,0,0,1,0,1,0,0,1,0,0,0,0,0,1,0,0,0
car_5d24ee5c_jpg.rf.d5170074419816d087e1e905ac7a9095.jpg,0,0,0,0,0,0,0,0,0,0,0,0,0,0,0,1,0,0,0,0,1,0,1,0,0,0,1,0,0,0
car_4ebffa00_jpg.rf.d673021d5d3229ee3f7098a165e22dca.jpg,0,0,0,1,0,0,0,0,0,0,0,0,0,0,0,1,0,1,0,0,1,0,0,0,0,0,0,0,0,0
car_3878986f_jpg.rf.0679d61f4a7398511025481777265156.jpg,0,0,0,0,0,0,0,0,0,0,0,0,1,0,0,1,1,1,0,0,0,0,0,0,0,0,0,0,0,0
car_364227eb_jpg.rf.3ee0b2da706fec8b73ec401f497adcb3.jpg,0,0,0,0,0,0,0,0,0,0,0,0,0,0,0,1,0,1,0,0,1,0,0,0,1,0,0,0,0,0
car_48589162_jpg.rf.3062a8eee7838fddfbf4429ee07c7c68.jpg,0,0,0,0,0,0,0,0,0,0,0,0,1,0,0,1,0,1,0,0,0,0,0,0,0,0,1,0,0,0
car_50f487bd_jpg.rf.e8536ed140f1f4ba9b763ab398a74450.jpg,0,0,0,1,0,0,0,0,0,0,0,0,0,0,0,1,0,1,0,0,1,0,0,0,0,0,0,0,0,0
car_c69c4b31_jpg.rf.f90e52514f8deeb78f1e46c8b1232bf8.jpg,0,0,0,0,0,0,0,0,0,0,0,0,0,0,0,1,0,1,0,0,1,0,0,0,0,1,0,0,0,0
car_c1fb035f_jpg.rf.f07e89d0c8f3e180f9a087723affa256.jpg,0,0,0,0,0,0,0,0,0,0,0,0,0,0,0,1,0,1,0,0,1,0,0,0,0,0,1,0,0,0
car_6d8f5155_jpg.rf.3bac7ec4bb330e5cb99fdd6f0793a2cb.jpg,0,0,0,0,0,0,0,0,0,0,0,0,0,0,0,1,0,1,0,0,1,0,0,0,0,0,1,0,0,0
car_4aa294cf_jpg.rf.f90ac61d6545cba5be59962befe3db60.jpg,0,0,0,1,0,0,0,0,0,0,0,0,0,0,0,1,0,1,0,0,1,0,0,0,0,0,0,0,0,0
car_c1ec7cb4_jpg.rf.8277c9eccd9b0c4d24f31476697dcf32.jpg,0,0,0,1,0,0,0,0,0,0,0,0,0,0,0,1,0,1,0,0,0,0,0,0,0,0,0,0,1,0
car_51752249_jpg.rf.8b1d3aae0f34ff2de2712eab55b9e061.jpg,0,0,0,0,0,0,0,0,0,0,0,0,1,0,0,1,0,1,0,0,0,0,0,0,0,0,1,0,0,0
car_498ba975_jpg.rf.89247df805ee6dc71c4e41c08099a45a.jpg,0,0,0,0,0,0,0,0,0,0,0,0,1,0,0,1,0,0,0,0,0,1,1,0,0,0,0,0,0,0
car_b0750aec_jpg.rf.d91ebb2d6e1f163bde38d858c4268835.jpg,0,0,0,0,0,0,0,0,0,0,0,0,0,0,0,1,0,1,0,0,1,0,0,0,1,0,0,0,0,0
car_a2b0be67_jpg.rf.7aa837fdfdc2c557024852f1f1d6769d.jpg,0,0,0,0,0,0,0,0,0,0,0,0,0,0,0,1,1,1,0,0,0,0,0,0,0,0,0,0,1,0
car_bfd551e9_jpg.rf.3501a9682ce1e978a61de394e98be88d.jpg,0,0,0,0,0,0,0,0,0,0,0,0,0,0,0,1,0,1,0,0,1,0,0,0,1,0,0,0,0,0
car_c51b829c_jpg.rf.2e38033680226f3110267d821e05a0b2.jpg,0,0,0,1,0,0,0,0,0,0,0,0,0,0,0,1,0,0,0,0,0,0,1,0,0,0,0,0,1,0
car_b1c3c0b8_jpg.rf.eeccbf75d5d8042267e482bf26ae149a.jpg,0,0,0,0,0,0,0,0,0,0,1,0,1,0,0,1,0,1,0,0,0,0,0,0,0,0,0,0,0,0
car_b49936dc_jpg.rf.665808bc136d4cf9317302a61ae8d75a.jpg,0,0,0,0,0,0,0,0,0,0,0,0,0,0,0,1,0,1,0,0,0,0,0,0,0,0,1,0,1,0
car_45daac10_jpg.rf.cc600dc55708eaaf5e011dad4d80f2e4.jpg,0,0,0,0,0,0,0,0,0,0,0,0,1,0,0,1,0,1,0,0,0,0,0,0,1,0,0,0,0,0
car_6bc11afd_jpg.rf.fcb8d9d3ff11f58e3d3bc9025629f2b3.jpg,0,0,0,0,0,0,0,0,0,0,0,0,0,0,1,1,0,1,0,0,0,0,0,0,1,0,0,0,0,0
car_4aec040f_jpg.rf.873c0ac99da230e4021ea383a60919cc.jpg,0,0,0,1,0,0,0,0,0,0,0,0,1,0,0,1,0,1,0,0,0,0,0,0,0,0,0,0,0,0
car_c59e0227_jpg.rf.2e6762642472b27dc48713a598c0344c.jpg,0,0,0,1,0,0,0,0,0,0,0,0,1,0,0,1,0,1,0,0,0,0,0,0,0,0,0,0,0,0
car_52c0fbad_jpg.rf.dfe6dd263a342365958442bdda17a074.jpg,0,0,0,0,0,0,0,1,0,0,0,0,1,0,0,1,0,1,0,0,0,0,0,0,0,0,0,0,0,0
car_c2546122_jpg.rf.3a1254e7902aea2dea77b0f01d8d0fa4.jpg,0,0,0,0,0,0,0,0,0,0,0,0,1,0,0,1,0,1,0,0,0,1,0,0,0,0,0,0,0,0
car_c47c2a76_jpg.rf.20482ebf54367bfcae95440faccf69ab.jpg,0,0,0,0,0,0,0,0,0,0,1,0,1,0,0,1,0,1,0,0,0,0,0,0,0,0,0,0,0,0
car_bfa5cd29_jpg.rf.1fdd5542e248dd2f009b04ea6e12fa94.jpg,0,0,0,0,0,0,0,0,0,0,0,0,0,0,0,1,0,1,0,0,1,0,0,0,1,0,0,0,0,0
car_c214b311_jpg.rf.8b37880b0cbd7b7d8a19d1552ea4e8ec.jpg,0,0,0,0,0,0,0,0,0,0,0,0,0,0,0,1,0,1,0,0,1,0,0,0,0,0,1,0,0,0
car_9fa3d389_jpg.rf.dabefffbca1785a65ecb67a790f0e55d.jpg,0,0,0,0,0,0,0,0,0,0,0,1,0,0,0,1,0,1,0,0,0,0,0,0,0,0,0,0,1,0
car_c68fe9e8_jpg.rf.8d3ff13170533fdc138e1419caa8de71.jpg,0,0,0,0,0,0,0,0,0,0,0,0,1,0,0,1,0,1,0,0,0,0,0,0,0,1,0,0,0,0
car_3fc570e1_jpg.rf.ebe639eff5f89fac6065cd84e7a7ed1d.jpg,0,0,0,0,0,0,0,0,0,0,0,0,1,0,0,1,0,1,0,0,0,0,0,0,0,1,0,0,0,0
car_4c278005_jpg.rf.ade3f31a1660f826f62a8715ee303fe9.jpg,0,0,0,0,0,0,0,0,0,0,0,0,0,0,0,1,0,1,0,0,1,0,0,0,1,0,0,0,0,0
car_c7b79f15_jpg.rf.e7c5bdaa9baa3d93a870eb5c3c9a5528.jpg,0,0,1,0,0,0,0,0,0,0,0,0,1,0,0,1,0,1,0,0,0,0,0,0,0,0,0,0,0,0
car_52295285_jpg.rf.2a71ed6b1d60b3692f80fd952e7470b3.jpg,0,0,1,0,0,0,0,0,0,0,0,0,1,0,0,1,0,0,0,0,0,0,1,0,0,0,0,0,0,0
car_c1596cfa_jpg.rf.e8b06ed2d5e76cab68cb0ff3a88d1a89.jpg,0,0,0,0,0,0,0,0,0,0,0,0,0,0,0,1,0,1,0,0,0,0,0,0,0,0,1,0,1,0
car_c214b311_jpg.rf.f2b8f4a90198617e4104b04c0db93c54.jpg,0,0,0,0,0,0,0,0,0,0,0,0,0,0,0,1,0,1,0,0,1,0,0,0,0,0,1,0,0,0
car_435876bb_jpg.rf.5f112e60769400b9d9fc4ea46601df94.jpg,0,0,0,0,0,0,0,0,0,0,1,0,1,0,0,1,0,1,0,0,0,0,0,0,0,0,0,0,0,0
car_567d1963_jpg.rf.2ca47888c0619664aa036bffd37943bb.jpg,0,0,0,0,0,0,0,0,0,0,0,0,0,0,0,1,0,1,0,0,0,0,0,0,1,0,0,0,1,0
car_3de34241_jpg.rf.7dfbf24125d8b4c41fa54bcd775264aa.jpg,0,0,1,0,0,0,0,0,0,0,0,0,1,0,0,1,0,1,0,0,0,0,0,0,0,0,0,0,0,0
car_353e5704_jpg.rf.61f60c898f084a0fb65db5dc4ceaf41d.jpg,0,0,0,0,0,0,0,0,0,0,0,0,0,0,0,1,0,1,0,0,1,0,0,0,0,1,0,0,0,0
car_afe2ea9a_jpg.rf.dd3fa95ebff4380593725c85e7e6f3a3.jpg,0,0,0,0,0,0,0,0,0,0,1,0,1,0,0,1,0,1,0,0,0,0,0,0,0,0,0,0,0,0
car_b0750aec_jpg.rf.34140b5ead6d352daa8eb5ce41266c12.jpg,0,0,0,0,0,0,0,0,0,0,0,0,0,0,0,1,0,1,0,0,1,0,0,0,1,0,0,0,0,0
car_c15fe189_jpg.rf.514e5d62200502cfb66aecf6fc13d55a.jpg,0,0,0,0,0,0,0,0,0,0,0,0,1,0,0,1,0,1,0,0,0,0,0,0,1,0,0,0,0,0
car_c8e6de34_jpg.rf.4eb7803d8e9191375bcfc254640f79a5.jpg,0,0,0,0,0,0,0,0,0,0,0,0,1,0,0,1,0,1,0,0,0,1,0,0,0,0,0,0,0,0
car_5326a9b0_jpg.rf.c050542aefd180d1d9398de54753e1f8.jpg,0,0,0,0,0,0,0,0,0,0,0,0,0,0,0,1,0,1,0,0,0,0,0,1,0,0,1,0,0,0
car_c1fb035f_jpg.rf.5e6f64a3dae434b193458ecd9a4e046a.jpg,0,0,0,0,0,0,0,0,0,0,0,0,0,0,0,1,0,1,0,0,1,0,0,0,0,0,1,0,0,0
car_c5e680d0_jpg.rf.146abb0532483aa6b142311f77132a11.jpg,0,0,1,0,0,0,0,0,0,0,0,0,1,0,0,1,0,1,0,0,0,0,0,0,0,0,0,0,0,0
car_37401aa7_jpg.rf.505fe413edc343ecde22b5af6c595bc9.jpg,0,0,0,0,0,0,0,0,0,0,0,0,0,0,0,1,0,1,0,0,0,0,0,1,1,0,0,0,0,0
car_c956d997_jpg.rf.859fc339285353fb702ee0c96d9bc34c.jpg,0,0,0,1,0,0,0,0,0,0,0,0,0,0,0,1,0,1,0,0,1,0,0,0,0,0,0,0,0,0
car_b19da516_jpg.rf.904857b818228db0a1b42a64ada37a48.jpg,0,0,0,0,0,0,0,0,0,0,0,0,1,0,0,1,0,1,0,0,0,0,0,0,0,0,1,0,0,0
car_c77ee616_jpg.rf.ce38989b3d50c5c62d115aefdee23686.jpg,0,0,0,0,0,0,0,0,0,0,0,0,0,0,0,1,0,1,0,0,0,0,0,0,0,1,0,0,1,0
car_cab3b37f_jpg.rf.7b8f3dff45649480b0f99c9b71f3dee9.jpg,0,0,0,1,0,0,0,0,0,0,0,0,0,0,0,1,0,1,0,0,1,0,0,0,0,0,0,0,0,0
car_cab4d0a3_jpg.rf.76848eec1056048393583f26fb451a87.jpg,0,0,0,0,0,0,0,1,0,0,0,0,0,0,0,1,0,1,0,0,0,0,0,0,0,0,0,0,1,0
car_b1c3c0b8_jpg.rf.b3710ac84698b3407b72f4ae2b1add1c.jpg,0,0,0,0,0,0,0,0,0,0,1,0,1,0,0,1,0,1,0,0,0,0,0,0,0,0,0,0,0,0
car_36cb64e2_jpg.rf.304295b9dd78b0e61ed607c0fd9adcf0.jpg,0,0,0,1,0,0,0,0,0,0,0,0,1,0,0,1,0,1,0,0,0,0,0,0,0,0,0,0,0,0
car_569a9b23_jpg.rf.db243e1b2c537e5183d810205ec9ad90.jpg,0,0,0,0,0,0,0,0,0,0,0,0,1,0,0,1,0,1,0,0,0,1,0,0,0,0,0,0,0,0
car_a2cf274c_jpg.rf.ab8d234edb228ef9935693f05b865f6d.jpg,0,0,0,0,0,0,0,0,0,0,0,0,0,0,0,1,0,1,0,0,0,0,0,0,0,0,1,0,1,0
car_5326a9b0_jpg.rf.0d0ca5af1c02d51df9487e7d0be67509.jpg,0,0,0,0,0,0,0,0,0,0,0,0,0,0,0,1,0,1,0,0,0,0,0,1,0,0,1,0,0,0
car_4db58079_jpg.rf.95e828a7e2ac519a9f3026c635ebaea4.jpg,0,0,0,0,0,0,0,0,0,0,0,0,1,0,0,1,1,1,0,0,0,0,0,0,0,0,0,0,0,0
car_5817927a_jpg.rf.e78a2fc1d481c052fa59764e46a766d7.jpg,0,0,0,0,0,0,0,0,0,0,1,0,0,0,0,1,0,1,0,0,1,0,0,0,0,0,0,0,0,0
car_b37d24ec_jpg.rf.989264ced6120f38c160ee7cf4193b0b.jpg,0,0,0,0,0,0,0,0,0,0,0,0,1,0,0,1,0,1,0,0,0,0,0,0,1,0,0,0,0,0
car_5c5d7dbd_jpg.rf.6135e173c821daba00412648a39307b4.jpg,0,0,0,0,0,0,0,0,0,0,0,0,1,0,0,1,0,1,0,0,0,1,0,0,0,0,0,0,0,0
car_3a73d7f7_jpg.rf.465c761fc3abd735e8fdd899d86cbb58.jpg,0,0,0,0,0,0,0,0,0,0,0,0,1,0,0,1,1,1,0,0,0,0,0,0,0,0,0,0,0,0
car_b2166b92_jpg.rf.e5edfe805ce20ae29430943815c8d895.jpg,0,0,1,0,0,0,0,0,0,0,0,0,1,0,0,1,0,1,0,0,0,0,0,0,0,0,0,0,0,0
car_b4be2f86_jpg.rf.efbfdbc434e9aa1f0ef73b8aedcb4ace.jpg,0,0,0,1,0,0,0,0,0,0,0,0,0,0,0,1,0,0,0,0,0,0,1,0,0,0,0,0,1,0
car_569a9b23_jpg.rf.b9d4d823e1fd9899504bfd0d9b95518e.jpg,0,0,0,0,0,0,0,0,0,0,0,0,1,0,0,1,0,1,0,0,0,1,0,0,0,0,0,0,0,0
car_4bab96ba_jpg.rf.88f7e5ff1c7c07ceceb14bf0d204f1e5.jpg,0,0,0,0,0,0,0,0,0,0,0,0,0,0,0,1,0,1,0,0,1,0,0,0,0,0,1,0,0,0
car_a8a48569_jpg.rf.66d4b3d7bc8c4ecc53183041c8c3af24.jpg,0,0,0,0,0,0,0,0,0,0,0,0,1,0,0,1,0,1,0,0,0,1,0,0,0,0,0,0,0,0
car_bfe4b3e7_jpg.rf.39988e3c917698ce3efc4d992bd27b4a.jpg,0,0,0,0,0,0,0,0,0,0,0,0,1,0,0,1,0,0,0,0,0,0,1,0,1,0,0,0,0,0
car_4ca6ba88_jpg.rf.7c61a61382552fed412403cbcb2d6c18.jpg,0,0,0,0,0,0,0,0,0,0,0,0,0,0,0,1,0,1,0,0,0,0,0,0,0,0,1,0,1,0
car_39d94121_jpg.rf.ed4298a79ae5766da01671e4675a5409.jpg,0,0,0,0,0,0,0,0,0,0,0,0,1,0,0,1,0,1,0,0,0,0,0,0,0,1,0,0,0,0
car_b2ababb1_jpg.rf.c78b86454570cac54da59b7aa409b919.jpg,0,0,0,0,0,0,0,0,0,0,0,0,0,0,0,1,0,1,0,0,1,1,0,0,0,0,0,0,0,0
car_4d404d26_jpg.rf.28b6d8e4c4ef0434bef5305341992f87.jpg,0,0,0,0,0,0,0,0,0,0,0,0,1,0,0,1,0,1,0,0,0,1,0,0,0,0,0,0,0,0
car_a22acf04_jpg.rf.cdeeaa6b3e37c70e4bcf628bc2cd4aa4.jpg,0,0,0,0,0,0,0,0,0,0,0,0,0,0,0,1,0,1,0,0,0,0,0,0,0,0,1,0,1,0
car_5d200a9f_jpg.rf.02f5b5360fb7681aca8dd5a5a4dbea8e.jpg,0,0,0,0,0,0,0,0,0,0,0,0,0,0,0,1,0,1,0,0,0,0,0,0,0,0,1,0,1,0
car_567d1963_jpg.rf.a6915b7def4de4a77a4802db4aa69a1a.jpg,0,0,0,0,0,0,0,0,0,0,0,0,0,0,0,1,0,1,0,0,0,0,0,0,1,0,0,0,1,0
car_b81b8bc8_jpg.rf.d62f53aee729b2074256e7ab06e61fbc.jpg,0,0,0,0,0,0,0,0,0,0,0,0,0,0,0,1,1,1,0,0,0,0,0,0,0,0,0,0,1,0
car_b7acfed8_jpg.rf.49d9bf7b1aba48e7fab86f8be3d4d0ef.jpg,0,0,0,1,0,0,0,0,0,0,0,0,0,0,0,1,0,1,0,0,1,0,0,0,0,0,0,0,0,0
car_4aa294cf_jpg.rf.e966343181a3d31b78aeacce91ab415c.jpg,0,0,0,1,0,0,0,0,0,0,0,0,0,0,0,1,0,1,0,0,1,0,0,0,0,0,0,0,0,0
car_5b93cf37_jpg.rf.025dbe41eeb78e175d6ca4cac1b58d45.jpg,0,0,0,0,0,0,0,0,0,0,0,0,0,0,0,1,0,1,0,0,1,0,0,0,0,0,1,0,0,0
car_4c278005_jpg.rf.9d52cb78ed12c69e30d3b108e8e0fcbb.jpg,0,0,0,0,0,0,0,0,0,0,0,0,0,0,0,1,0,1,0,0,1,0,0,0,1,0,0,0,0,0
car_b19da516_jpg.rf.393190a0ad1d875cc69f57395aab66ec.jpg,0,0,0,0,0,0,0,0,0,0,0,0,1,0,0,1,0,1,0,0,0,0,0,0,0,0,1,0,0,0
car_b864b245_jpg.rf.60ea1fa7f62f5419272b807971995b48.jpg,0,0,0,0,0,0,0,0,0,0,1,0,1,0,0,1,0,1,0,0,0,0,0,0,0,0,0,0,0,0
car_5b0765bf_jpg.rf.e21855fe9ecc1423b7e2fa864129ef45.jpg,0,0,0,0,0,0,0,0,0,0,0,0,0,0,0,1,0,1,0,0,0,0,0,0,0,0,1,0,1,0
car_a2eb27e3_jpg.rf.b6e1e6032fb1cc24a82f0abfffffbb02.jpg,0,0,0,1,0,0,0,0,0,0,0,0,0,0,0,1,0,1,0,0,1,0,0,0,0,0,0,0,0,0
car_56a6007b_jpg.rf.4e843494ec9eefbc7e9530a4bff90640.jpg,0,0,0,0,0,0,0,0,0,0,0,0,0,0,0,1,0,1,0,0,0,0,0,0,1,0,0,0,1,0
car_ba91b9ab_jpg.rf.49b2d574d56c500e31711472ad0743f8.jpg,0,0,0,0,0,0,0,0,0,0,0,0,0,0,1,1,0,0,0,0,0,0,1,0,0,0,1,0,0,0
car_56a6007b_jpg.rf.98f40a8303180b268d19aa7d8716eeb4.jpg,0,0,0,0,0,0,0,0,0,0,0,0,0,0,0,1,0,1,0,0,0,0,0,0,1,0,0,0,1,0
car_5b96e73d_jpg.rf.4874c4f4fc2456d188c04830154a7df5.jpg,0,0,0,0,0,0,0,0,0,0,0,0,1,0,0,1,0,1,0,0,0,1,0,0,0,0,0,0,0,0
car_a41ed18f_jpg.rf.02de8b53812134deb81ac2d466e6f750.jpg,0,0,0,0,0,0,0,0,0,0,0,0,0,0,0,1,0,1,0,0,0,0,0,0,0,0,1,0,1,0
car_b2166b92_jpg.rf.e7364b751842313adf5d7787267bd005.jpg,0,0,1,0,0,0,0,0,0,0,0,0,1,0,0,1,0,1,0,0,0,0,0,0,0,0,0,0,0,0
car_3a7702c2_jpg.rf.7c9bee4318c9e352b365bccfbe5231e2.jpg,0,0,0,0,0,0,0,0,0,0,1,0,1,0,0,1,0,1,0,0,0,0,0,0,0,0,0,0,0,0
car_be2237ef_jpg.rf.965c745849ee015fa09297d739bc5f0e.jpg,0,0,0,0,0,0,0,0,0,0,0,0,0,0,0,1,0,1,0,0,0,0,0,0,0,1,0,0,1,0
car_5702df13_jpg.rf.7e8317b765b0e08276c3ca9d8069edbc.jpg,0,0,0,0,0,0,0,0,0,0,0,0,1,0,0,1,0,1,0,0,0,0,0,0,0,0,1,0,0,0
car_a366a438_jpg.rf.149ff235c1790e4f7ca531998ac7c6e5.jpg,0,0,0,0,0,1,0,0,0,0,0,0,0,0,0,1,0,0,0,0,0,0,1,0,0,0,0,0,1,0
car_a36f3c15_jpg.rf.def7a95987895fa313439df3a7efa71c.jpg,0,0,0,0,0,0,0,0,0,0,0,0,1,0,0,1,0,1,0,0,0,1,0,0,0,0,0,0,0,0
car_a563861b_jpg.rf.a29ac65b79f4abcd1f8da72b4273bee4.jpg,0,0,0,0,0,0,0,0,0,0,0,0,0,0,0,1,0,1,0,0,1,0,0,0,0,0,1,0,0,0
car_a529c32a_jpg.rf.77f590bf3af1fd8a67766fdb020342de.jpg,0,0,0,0,0,0,0,0,0,0,0,0,0,1,0,1,0,1,0,0,0,0,0,0,0,0,1,0,0,0
car_435876bb_jpg.rf.4f547d6fc6f4ccd751824ac0702aec31.jpg,0,0,0,0,0,0,0,0,0,0,1,0,1,0,0,1,0,1,0,0,0,0,0,0,0,0,0,0,0,0
car_606bf273_jpg.rf.ad664792a2c25baf1df686764bff9458.jpg,0,0,0,0,0,0,0,0,0,0,0,0,0,0,0,1,0,1,0,0,1,1,0,0,0,0,0,0,0,0
car_48589162_jpg.rf.d09f46949f34d26ce9eb2a62d0727f76.jpg,0,0,0,0,0,0,0,0,0,0,0,0,1,0,0,1,0,1,0,0,0,0,0,0,0,0,1,0,0,0
car_3f01b0dc_jpg.rf.e987a1ada9bb5a86df7e4c95f9271b16.jpg,0,0,0,0,0,0,0,0,0,0,1,0,0,0,0,1,0,1,0,0,0,0,0,0,0,0,0,0,1,0
car_5b93cf37_jpg.rf.369ff6603d59d9661e018f2f158b0370.jpg,0,0,0,0,0,0,0,0,0,0,0,0,0,0,0,1,0,1,0,0,1,0,0,0,0,0,1,0,0,0
car_5aef5cd1_jpg.rf.687b118ab9f2a12a20e4b4fff9ce196f.jpg,0,0,0,0,0,0,0,0,0,0,0,0,1,0,0,1,0,1,0,0,0,1,0,0,0,0,0,0,0,0
car_46932e50_jpg.rf.3ecb0e3cced8b1af40f6df236e8d7bef.jpg,0,0,0,0,0,0,0,0,0,0,0,0,0,0,0,1,0,1,0,0,0,0,0,0,0,0,1,0,1,0
car_4aec040f_jpg.rf.b370abb602920d4e605c10e9e21992ab.jpg,0,0,0,1,0,0,0,0,0,0,0,0,1,0,0,1,0,1,0,0,0,0,0,0,0,0,0,0,0,0
car_571bb4f4_jpg.rf.3bc6fb6478a093b6ba59224a43e63885.jpg,0,0,0,0,0,0,0,0,0,0,0,0,1,0,0,1,0,1,0,0,0,1,0,0,0,0,0,0,0,0
car_3d21fa2d_jpg.rf.db013c15c14f1b1269dfe064c8ae8bc3.jpg,0,0,0,0,0,0,0,0,0,0,0,0,1,0,0,1,0,1,0,0,0,0,0,0,1,0,0,0,0,0
car_5a3bf86f_jpg.rf.587d34cd9d8d1e570f82c98c7855d2a6.jpg,0,0,0,0,0,0,0,0,0,0,0,0,0,0,0,1,0,1,0,0,1,0,0,0,0,0,1,0,0,0
car_b5690cbc_jpg.rf.56a7ff96d6ccc46936d3f92861d0ffcb.jpg,0,0,0,0,0,0,0,0,0,0,0,0,0,0,0,1,0,1,0,0,0,0,0,0,0,0,1,0,1,0
car_5d200a9f_jpg.rf.0ca28d0f1aa72a8be97e2a0af893ce9e.jpg,0,0,0,0,0,0,0,0,0,0,0,0,0,0,0,1,0,1,0,0,0,0,0,0,0,0,1,0,1,0
car_bdb8f489_jpg.rf.5293a7236a434ec9f369bb0ff8e355a5.jpg,0,0,0,1,0,0,0,0,0,0,0,0,0,0,0,1,0,1,0,0,0,0,0,0,0,0,0,0,1,0
car_4ca6ba88_jpg.rf.8825ec02d8a6039fc3780dca5e589be9.jpg,0,0,0,0,0,0,0,0,0,0,0,0,0,0,0,1,0,1,0,0,0,0,0,0,0,0,1,0,1,0
car_3c2cc767_jpg.rf.3b3a478c06dc57de37b0df8cb8902711.jpg,0,0,0,0,0,0,0,0,0,0,0,0,0,0,0,1,0,1,0,0,0,0,0,0,0,0,1,0,1,0
car_3b6fd9c8_jpg.rf.841e48a3cdae7e00bf058533c2638608.jpg,0,0,0,0,0,0,0,0,0,0,0,0,0,0,0,1,0,1,0,0,0,0,0,0,0,0,1,0,1,0
car_3c046044_jpg.rf.255cfcefeadbc0e38e5015ca2de0e781.jpg,0,0,0,0,0,0,0,0,0,0,0,0,0,0,0,1,0,1,0,0,1,0,0,0,1,0,0,0,0,0
car_571bb4f4_jpg.rf.c953b7279b18ff467fee2a8cc0a88f37.jpg,0,0,0,0,0,0,0,0,0,0,0,0,1,0,0,1,0,1,0,0,0,1,0,0,0,0,0,0,0,0
car_5aef5cd1_jpg.rf.4dd3b9264e68b7505cb44fe2850890ea.jpg,0,0,0,0,0,0,0,0,0,0,0,0,1,0,0,1,0,1,0,0,0,1,0,0,0,0,0,0,0,0
car_498ba975_jpg.rf.3febb0a41ec9a75660cbb677fddceaa7.jpg,0,0,0,0,0,0,0,0,0,0,0,0,1,0,0,1,0,0,0,0,0,1,1,0,0,0,0,0,0,0
car_5b96e73d_jpg.rf.a59c4185097e35ff561c24dde93667c9.jpg,0,0,0,0,0,0,0,0,0,0,0,0,1,0,0,1,0,1,0,0,0,1,0,0,0,0,0,0,0,0
car_5c5d7dbd_jpg.rf.d0c1e9fa6c8e6b79cafcebd93999db76.jpg,0,0,0,0,0,0,0,0,0,0,0,0,1,0,0,1,0,1,0,0,0,1,0,0,0,0,0,0,0,0
car_5817927a_jpg.rf.cb2528db225e820dd21a483cd52680ff.jpg,0,0,0,0,0,0,0,0,0,0,1,0,0,0,0,1,0,1,0,0,1,0,0,0,0,0,0,0,0,0
car_5925394b_jpg.rf.033073b3398c4e7aab30bca83c587de9.jpg,0,0,0,0,0,0,0,0,0,0,0,0,0,1,0,1,0,1,0,0,0,0,0,0,0,0,1,0,0,0
car_5702df13_jpg.rf.66373e11d53d36667c8dd4926a5e67fa.jpg,0,0,0,0,0,0,0,0,0,0,0,0,1,0,0,1,0,1,0,0,0,0,0,0,0,0,1,0,0,0
car_5a3bf86f_jpg.rf.adec5b7792728c5887d9dde6e4963bc8.jpg,0,0,0,0,0,0,0,0,0,0,0,0,0,0,0,1,0,1,0,0,1,0,0,0,0,0,1,0,0,0
car_a4fbdb46_jpg.rf.577531826e558b854b8ca70f501a227c.jpg,0,0,0,0,0,0,0,0,0,0,0,0,1,0,0,1,0,1,0,0,0,0,0,0,0,0,1,0,0,0
car_b423bc92_jpg.rf.83ddd5a96d8ed2a53678748d0e029305.jpg,0,1,0,0,0,0,0,0,0,0,0,0,1,0,0,1,0,1,0,0,0,0,0,0,0,0,0,0,0,0
car_64bc5216_jpg.rf.c25ce29f7e7a072ec4f769eb47aa6aab.jpg,0,0,0,0,0,0,0,0,0,0,0,0,0,0,0,1,0,1,0,0,1,1,0,0,0,0,0,0,0,0